2025-07-31 14:10:03,498 [main] [org.apache.flink.api.java.typeutils.TypeExtractor] [INFO] - class com.alibaba.fastjson.JSONObject does not contain a getter for field map
2025-07-31 14:10:03,499 [main] [org.apache.flink.api.java.typeutils.TypeExtractor] [INFO] - class com.alibaba.fastjson.JSONObject does not contain a setter for field map
2025-07-31 14:10:03,499 [main] [org.apache.flink.api.java.typeutils.TypeExtractor] [INFO] - Class class com.alibaba.fastjson.JSONObject cannot be used as a POJO type because not all fields are valid POJO fields, and must be processed as GenericType. Please read the Flink documentation on "Data Types & Serialization" for details of the effect on performance.
2025-07-31 14:10:03,547 [main] [org.apache.flink.api.java.typeutils.TypeExtractor] [INFO] - class java.util.ArrayList does not contain a setter for field size
2025-07-31 14:10:03,548 [main] [org.apache.flink.api.java.typeutils.TypeExtractor] [INFO] - Class class java.util.ArrayList cannot be used as a POJO type because not all fields are valid POJO fields, and must be processed as GenericType. Please read the Flink documentation on "Data Types & Serialization" for details of the effect on performance.
2025-07-31 14:10:03,597 [main] [org.apache.flink.api.java.typeutils.TypeExtractor] [INFO] - class com.alibaba.fastjson.JSONObject does not contain a getter for field map
2025-07-31 14:10:03,597 [main] [org.apache.flink.api.java.typeutils.TypeExtractor] [INFO] - class com.alibaba.fastjson.JSONObject does not contain a setter for field map
2025-07-31 14:10:03,598 [main] [org.apache.flink.api.java.typeutils.TypeExtractor] [INFO] - Class class com.alibaba.fastjson.JSONObject cannot be used as a POJO type because not all fields are valid POJO fields, and must be processed as GenericType. Please read the Flink documentation on "Data Types & Serialization" for details of the effect on performance.
2025-07-31 14:10:03,620 [main] [org.apache.flink.api.java.typeutils.TypeExtractor] [INFO] - class com.alibaba.fastjson.JSONObject does not contain a getter for field map
2025-07-31 14:10:03,621 [main] [org.apache.flink.api.java.typeutils.TypeExtractor] [INFO] - class com.alibaba.fastjson.JSONObject does not contain a setter for field map
2025-07-31 14:10:03,621 [main] [org.apache.flink.api.java.typeutils.TypeExtractor] [INFO] - Class class com.alibaba.fastjson.JSONObject cannot be used as a POJO type because not all fields are valid POJO fields, and must be processed as GenericType. Please read the Flink documentation on "Data Types & Serialization" for details of the effect on performance.
2025-07-31 14:10:03,623 [main] [org.apache.flink.api.java.typeutils.TypeExtractor] [INFO] - class com.alibaba.fastjson.JSONObject does not contain a getter for field map
2025-07-31 14:10:03,623 [main] [org.apache.flink.api.java.typeutils.TypeExtractor] [INFO] - class com.alibaba.fastjson.JSONObject does not contain a setter for field map
2025-07-31 14:10:03,623 [main] [org.apache.flink.api.java.typeutils.TypeExtractor] [INFO] - Class class com.alibaba.fastjson.JSONObject cannot be used as a POJO type because not all fields are valid POJO fields, and must be processed as GenericType. Please read the Flink documentation on "Data Types & Serialization" for details of the effect on performance.
2025-07-31 14:10:03,627 [main] [org.apache.flink.api.java.typeutils.TypeExtractor] [INFO] - class com.alibaba.fastjson.JSONObject does not contain a getter for field map
2025-07-31 14:10:03,627 [main] [org.apache.flink.api.java.typeutils.TypeExtractor] [INFO] - class com.alibaba.fastjson.JSONObject does not contain a setter for field map
2025-07-31 14:10:03,627 [main] [org.apache.flink.api.java.typeutils.TypeExtractor] [INFO] - Class class com.alibaba.fastjson.JSONObject cannot be used as a POJO type because not all fields are valid POJO fields, and must be processed as GenericType. Please read the Flink documentation on "Data Types & Serialization" for details of the effect on performance.
2025-07-31 14:10:03,630 [main] [org.apache.flink.api.java.typeutils.TypeExtractor] [INFO] - class com.alibaba.fastjson.JSONObject does not contain a getter for field map
2025-07-31 14:10:03,630 [main] [org.apache.flink.api.java.typeutils.TypeExtractor] [INFO] - class com.alibaba.fastjson.JSONObject does not contain a setter for field map
2025-07-31 14:10:03,631 [main] [org.apache.flink.api.java.typeutils.TypeExtractor] [INFO] - Class class com.alibaba.fastjson.JSONObject cannot be used as a POJO type because not all fields are valid POJO fields, and must be processed as GenericType. Please read the Flink documentation on "Data Types & Serialization" for details of the effect on performance.
2025-07-31 14:10:04,003 [main] [org.apache.flink.runtime.taskexecutor.TaskExecutorResourceUtils] [INFO] - The configuration option taskmanager.cpu.cores required for local execution is not set, setting it to the maximal possible value.
2025-07-31 14:10:04,003 [main] [org.apache.flink.runtime.taskexecutor.TaskExecutorResourceUtils] [INFO] - The configuration option taskmanager.memory.task.heap.size required for local execution is not set, setting it to the maximal possible value.
2025-07-31 14:10:04,003 [main] [org.apache.flink.runtime.taskexecutor.TaskExecutorResourceUtils] [INFO] - The configuration option taskmanager.memory.task.off-heap.size required for local execution is not set, setting it to the maximal possible value.
2025-07-31 14:10:04,004 [main] [org.apache.flink.runtime.taskexecutor.TaskExecutorResourceUtils] [INFO] - The configuration option taskmanager.memory.network.min required for local execution is not set, setting it to its default value 64 mb.
2025-07-31 14:10:04,004 [main] [org.apache.flink.runtime.taskexecutor.TaskExecutorResourceUtils] [INFO] - The configuration option taskmanager.memory.network.max required for local execution is not set, setting it to its default value 64 mb.
2025-07-31 14:10:04,004 [main] [org.apache.flink.runtime.taskexecutor.TaskExecutorResourceUtils] [INFO] - The configuration option taskmanager.memory.managed.size required for local execution is not set, setting it to its default value 128 mb.
2025-07-31 14:10:04,010 [main] [org.apache.flink.runtime.minicluster.MiniCluster] [INFO] - Starting Flink Mini Cluster
2025-07-31 14:10:05,381 [main] [org.apache.flink.runtime.minicluster.MiniCluster] [INFO] - Starting Metrics Registry
2025-07-31 14:10:05,431 [main] [org.apache.flink.runtime.metrics.MetricRegistryImpl] [INFO] - No metrics reporter configured, no metrics will be exposed/reported.
2025-07-31 14:10:05,432 [main] [org.apache.flink.runtime.minicluster.MiniCluster] [INFO] - Starting RPC Service(s)
2025-07-31 14:10:05,449 [main] [org.apache.flink.runtime.rpc.akka.AkkaRpcServiceUtils] [INFO] - Trying to start local actor system
2025-07-31 14:10:06,059 [flink-akka.actor.default-dispatcher-5] [akka.event.slf4j.Slf4jLogger] [INFO] - Slf4jLogger started
2025-07-31 14:10:06,143 [main] [org.apache.flink.runtime.rpc.akka.AkkaRpcServiceUtils] [INFO] - Actor system started at akka://flink
2025-07-31 14:10:06,154 [main] [org.apache.flink.runtime.rpc.akka.AkkaRpcServiceUtils] [INFO] - Trying to start local actor system
2025-07-31 14:10:06,162 [flink-metrics-4] [akka.event.slf4j.Slf4jLogger] [INFO] - Slf4jLogger started
2025-07-31 14:10:06,170 [main] [org.apache.flink.runtime.rpc.akka.AkkaRpcServiceUtils] [INFO] - Actor system started at akka://flink-metrics
2025-07-31 14:10:06,182 [main] [org.apache.flink.runtime.rpc.akka.AkkaRpcService] [INFO] - Starting RPC endpoint for org.apache.flink.runtime.metrics.dump.MetricQueryService at akka://flink-metrics/user/rpc/MetricQueryService .
2025-07-31 14:10:06,244 [main] [org.apache.flink.runtime.blob.BlobServer] [INFO] - Created BLOB server storage directory C:\Users\Administrator\AppData\Local\Temp\minicluster_00d66a3be3967106b24d5479da56bb8c\blobStorage
2025-07-31 14:10:06,248 [main] [org.apache.flink.runtime.blob.BlobServer] [INFO] - Started BLOB server at 0.0.0.0:5932 - max concurrent requests: 50 - max backlog: 1000
2025-07-31 14:10:06,272 [main] [org.apache.flink.runtime.blob.PermanentBlobCache] [INFO] - Created BLOB cache storage directory C:\Users\Administrator\AppData\Local\Temp\minicluster_00d66a3be3967106b24d5479da56bb8c\blobStorage
2025-07-31 14:10:06,278 [main] [org.apache.flink.runtime.blob.TransientBlobCache] [INFO] - Created BLOB cache storage directory C:\Users\Administrator\AppData\Local\Temp\minicluster_00d66a3be3967106b24d5479da56bb8c\blobStorage
2025-07-31 14:10:06,282 [main] [org.apache.flink.runtime.minicluster.MiniCluster] [INFO] - Starting 1 TaskManager(s)
2025-07-31 14:10:06,294 [main] [org.apache.flink.runtime.taskexecutor.TaskManagerRunner] [INFO] - Starting TaskManager with ResourceID: 88e533b9-fc23-4499-8805-3deaa7901fc3
2025-07-31 14:10:06,334 [main] [org.apache.flink.runtime.taskexecutor.TaskManagerServices] [INFO] - Temporary file directory 'C:\Users\Administrator\AppData\Local\Temp': total 100 GB, usable 42 GB (42.00% usable)
2025-07-31 14:10:06,340 [main] [org.apache.flink.runtime.io.disk.iomanager.IOManager] [INFO] - Created a new FileChannelManager for spilling of task related data to disk (joins, sorting, ...). Used directories:
	C:\Users\Administrator\AppData\Local\Temp\flink-io-f8035786-6a7a-4f19-b384-f23aa9ea3f5f
2025-07-31 14:10:06,355 [main] [org.apache.flink.runtime.io.network.NettyShuffleServiceFactory] [INFO] - Created a new FileChannelManager for storing result partitions of BLOCKING shuffles. Used directories:
	C:\Users\Administrator\AppData\Local\Temp\flink-netty-shuffle-2005cc85-898e-4736-a8f4-2bb38abdfc1f
2025-07-31 14:10:06,384 [main] [org.apache.flink.runtime.io.network.buffer.NetworkBufferPool] [INFO] - Allocated 64 MB for network buffer pool (number of memory segments: 2048, bytes per segment: 32768).
2025-07-31 14:10:06,401 [main] [org.apache.flink.runtime.io.network.NettyShuffleEnvironment] [INFO] - Starting the network environment and its components.
2025-07-31 14:10:06,404 [main] [org.apache.flink.runtime.taskexecutor.KvStateService] [INFO] - Starting the kvState service and its components.
2025-07-31 14:10:06,418 [main] [org.apache.flink.configuration.Configuration] [INFO] - Config uses fallback configuration key 'akka.ask.timeout' instead of key 'taskmanager.slot.timeout'
2025-07-31 14:10:06,433 [main] [org.apache.flink.runtime.rpc.akka.AkkaRpcService] [INFO] - Starting RPC endpoint for org.apache.flink.runtime.taskexecutor.TaskExecutor at akka://flink/user/rpc/taskmanager_0 .
2025-07-31 14:10:06,456 [flink-akka.actor.default-dispatcher-5] [org.apache.flink.runtime.taskexecutor.DefaultJobLeaderService] [INFO] - Start job leader service.
2025-07-31 14:10:06,458 [flink-akka.actor.default-dispatcher-5] [org.apache.flink.runtime.filecache.FileCache] [INFO] - User file cache uses directory C:\Users\Administrator\AppData\Local\Temp\flink-dist-cache-fd584838-d464-49eb-a66f-7fa18d2aa5cf
2025-07-31 14:10:06,557 [main] [org.apache.flink.runtime.dispatcher.DispatcherRestEndpoint] [INFO] - Starting rest endpoint.
2025-07-31 14:10:06,944 [main] [org.apache.flink.runtime.webmonitor.WebMonitorUtils] [WARN] - Log file environment variable 'log.file' is not set.
2025-07-31 14:10:06,944 [main] [org.apache.flink.runtime.webmonitor.WebMonitorUtils] [WARN] - JobManager log files are unavailable in the web dashboard. Log file location not found in environment variable 'log.file' or configuration key 'web.log.path'.
2025-07-31 14:10:08,098 [main] [org.apache.flink.runtime.dispatcher.DispatcherRestEndpoint] [INFO] - Rest endpoint listening at localhost:5990
2025-07-31 14:10:08,099 [main] [org.apache.flink.runtime.highavailability.nonha.embedded.EmbeddedLeaderService] [INFO] - Proposing leadership to contender http://localhost:5990
2025-07-31 14:10:08,101 [main] [org.apache.flink.runtime.dispatcher.DispatcherRestEndpoint] [INFO] - Web frontend listening at http://localhost:5990.
2025-07-31 14:10:08,101 [mini-cluster-io-thread-1] [org.apache.flink.runtime.dispatcher.DispatcherRestEndpoint] [INFO] - http://localhost:5990 was granted leadership with leaderSessionID=c5bc03b4-efde-41f6-b0a1-37b8656dec53
2025-07-31 14:10:08,101 [mini-cluster-io-thread-1] [org.apache.flink.runtime.highavailability.nonha.embedded.EmbeddedLeaderService] [INFO] - Received confirmation of leadership for leader http://localhost:5990 , session=c5bc03b4-efde-41f6-b0a1-37b8656dec53
2025-07-31 14:10:08,117 [main] [org.apache.flink.runtime.highavailability.nonha.embedded.EmbeddedLeaderService] [INFO] - Proposing leadership to contender LeaderContender: DefaultDispatcherRunner
2025-07-31 14:10:08,117 [main] [org.apache.flink.runtime.resourcemanager.ResourceManagerServiceImpl] [INFO] - Starting resource manager service.
2025-07-31 14:10:08,117 [main] [org.apache.flink.runtime.highavailability.nonha.embedded.EmbeddedLeaderService] [INFO] - Proposing leadership to contender LeaderContender: ResourceManagerServiceImpl
2025-07-31 14:10:08,117 [mini-cluster-io-thread-2] [org.apache.flink.runtime.dispatcher.runner.DefaultDispatcherRunner] [INFO] - DefaultDispatcherRunner was granted leadership with leader id 06b039a9-5c8b-4ce8-a3b6-3f87d47540ee. Creating new DispatcherLeaderProcess.
2025-07-31 14:10:08,118 [pool-2-thread-1] [org.apache.flink.runtime.resourcemanager.ResourceManagerServiceImpl] [INFO] - Resource manager service is granted leadership with session id c7c485c1-4a7e-4179-a500-de9bfb0b7ea3.
2025-07-31 14:10:08,122 [main] [org.apache.flink.runtime.minicluster.MiniCluster] [INFO] - Flink Mini Cluster started successfully
2025-07-31 14:10:08,123 [mini-cluster-io-thread-2] [org.apache.flink.runtime.dispatcher.runner.SessionDispatcherLeaderProcess] [INFO] - Start SessionDispatcherLeaderProcess.
2025-07-31 14:10:08,128 [mini-cluster-io-thread-1] [org.apache.flink.runtime.dispatcher.runner.SessionDispatcherLeaderProcess] [INFO] - Recover all persisted job graphs that are not finished, yet.
2025-07-31 14:10:08,129 [mini-cluster-io-thread-1] [org.apache.flink.runtime.dispatcher.runner.SessionDispatcherLeaderProcess] [INFO] - Successfully recovered 0 persisted job graphs.
2025-07-31 14:10:08,148 [pool-2-thread-1] [org.apache.flink.runtime.rpc.akka.AkkaRpcService] [INFO] - Starting RPC endpoint for org.apache.flink.runtime.resourcemanager.StandaloneResourceManager at akka://flink/user/rpc/resourcemanager_1 .
2025-07-31 14:10:08,152 [mini-cluster-io-thread-1] [org.apache.flink.runtime.rpc.akka.AkkaRpcService] [INFO] - Starting RPC endpoint for org.apache.flink.runtime.dispatcher.StandaloneDispatcher at akka://flink/user/rpc/dispatcher_2 .
2025-07-31 14:10:08,166 [flink-akka.actor.default-dispatcher-5] [org.apache.flink.runtime.resourcemanager.StandaloneResourceManager] [INFO] - Starting the resource manager.
2025-07-31 14:10:08,178 [mini-cluster-io-thread-4] [org.apache.flink.runtime.highavailability.nonha.embedded.EmbeddedLeaderService] [INFO] - Received confirmation of leadership for leader akka://flink/user/rpc/resourcemanager_1 , session=c7c485c1-4a7e-4179-a500-de9bfb0b7ea3
2025-07-31 14:10:08,179 [flink-akka.actor.default-dispatcher-5] [org.apache.flink.runtime.taskexecutor.TaskExecutor] [INFO] - Connecting to ResourceManager akka://flink/user/rpc/resourcemanager_1(a500de9bfb0b7ea3c7c485c14a7e4179).
2025-07-31 14:10:08,183 [mini-cluster-io-thread-1] [org.apache.flink.runtime.highavailability.nonha.embedded.EmbeddedLeaderService] [INFO] - Received confirmation of leadership for leader akka://flink/user/rpc/dispatcher_2 , session=06b039a9-5c8b-4ce8-a3b6-3f87d47540ee
2025-07-31 14:10:08,214 [flink-akka.actor.default-dispatcher-9] [org.apache.flink.runtime.taskexecutor.TaskExecutor] [INFO] - Resolved ResourceManager address, beginning registration
2025-07-31 14:10:08,223 [flink-akka.actor.default-dispatcher-8] [org.apache.flink.runtime.resourcemanager.StandaloneResourceManager] [INFO] - Registering TaskManager with ResourceID 88e533b9-fc23-4499-8805-3deaa7901fc3 (akka://flink/user/rpc/taskmanager_0) at ResourceManager
2025-07-31 14:10:08,225 [flink-akka.actor.default-dispatcher-5] [org.apache.flink.runtime.dispatcher.StandaloneDispatcher] [INFO] - Received JobGraph submission 'Flink Streaming Job' (d9c923f3732f8f24a0867130737e9bd1).
2025-07-31 14:10:08,226 [flink-akka.actor.default-dispatcher-5] [org.apache.flink.runtime.dispatcher.StandaloneDispatcher] [INFO] - Submitting job 'Flink Streaming Job' (d9c923f3732f8f24a0867130737e9bd1).
2025-07-31 14:10:08,227 [flink-akka.actor.default-dispatcher-7] [org.apache.flink.runtime.taskexecutor.TaskExecutor] [INFO] - Successful registration at resource manager akka://flink/user/rpc/resourcemanager_1 under registration id 36c3d18e881135890a507b41d20d9d67.
2025-07-31 14:10:08,250 [flink-akka.actor.default-dispatcher-5] [org.apache.flink.runtime.highavailability.nonha.embedded.EmbeddedLeaderService] [INFO] - Proposing leadership to contender LeaderContender: JobMasterServiceLeadershipRunner
2025-07-31 14:10:08,264 [jobmanager-io-thread-1] [org.apache.flink.runtime.rpc.akka.AkkaRpcService] [INFO] - Starting RPC endpoint for org.apache.flink.runtime.jobmaster.JobMaster at akka://flink/user/rpc/jobmanager_3 .
2025-07-31 14:10:08,269 [jobmanager-io-thread-1] [org.apache.flink.runtime.jobmaster.JobMaster] [INFO] - Initializing job 'Flink Streaming Job' (d9c923f3732f8f24a0867130737e9bd1).
2025-07-31 14:10:08,293 [jobmanager-io-thread-1] [org.apache.flink.runtime.jobmaster.JobMaster] [INFO] - Using restart back off time strategy FixedDelayRestartBackoffTimeStrategy(maxNumberRestartAttempts=3, backoffTimeMS=30000) for Flink Streaming Job (d9c923f3732f8f24a0867130737e9bd1).
2025-07-31 14:10:08,356 [jobmanager-io-thread-1] [org.apache.flink.runtime.jobmaster.JobMaster] [INFO] - Running initialization on master for job Flink Streaming Job (d9c923f3732f8f24a0867130737e9bd1).
2025-07-31 14:10:08,356 [jobmanager-io-thread-1] [org.apache.flink.runtime.jobmaster.JobMaster] [INFO] - Successfully ran initialization on master in 0 ms.
2025-07-31 14:10:08,404 [jobmanager-io-thread-1] [org.apache.flink.runtime.scheduler.adapter.DefaultExecutionTopology] [INFO] - Built 1 new pipelined regions in 1 ms, total 1 pipelined regions currently.
2025-07-31 14:10:08,407 [jobmanager-io-thread-1] [org.apache.flink.runtime.jobmaster.JobMaster] [INFO] - Using job/cluster config to configure application-defined state backend: org.apache.flink.runtime.state.hashmap.HashMapStateBackend@14cd7995
2025-07-31 14:10:08,407 [jobmanager-io-thread-1] [org.apache.flink.runtime.jobmaster.JobMaster] [INFO] - Using application-defined state backend: org.apache.flink.runtime.state.hashmap.HashMapStateBackend@165e895d
2025-07-31 14:10:08,407 [jobmanager-io-thread-1] [org.apache.flink.runtime.state.StateBackendLoader] [INFO] - State backend loader loads the state backend as HashMapStateBackend
2025-07-31 14:10:08,408 [jobmanager-io-thread-1] [org.apache.flink.runtime.jobmaster.JobMaster] [INFO] - Using job/cluster config to configure application-defined checkpoint storage: org.apache.flink.runtime.state.storage.FileSystemCheckpointStorage@3dd3fed0
2025-07-31 14:10:08,491 [jobmanager-io-thread-1] [org.apache.flink.runtime.checkpoint.CheckpointCoordinator] [INFO] - No checkpoint found during restore.
2025-07-31 14:10:08,498 [jobmanager-io-thread-1] [org.apache.flink.runtime.jobmaster.JobMaster] [INFO] - Using failover strategy org.apache.flink.runtime.executiongraph.failover.flip1.RestartPipelinedRegionFailoverStrategy@765bd899 for Flink Streaming Job (d9c923f3732f8f24a0867130737e9bd1).
2025-07-31 14:10:08,505 [jobmanager-io-thread-1] [org.apache.flink.runtime.highavailability.nonha.embedded.EmbeddedLeaderService] [INFO] - Received confirmation of leadership for leader akka://flink/user/rpc/jobmanager_3 , session=deaddba3-9b8a-4d77-acf2-8608b5a31f1d
2025-07-31 14:10:08,509 [flink-akka.actor.default-dispatcher-5] [org.apache.flink.runtime.jobmaster.JobMaster] [INFO] - Starting execution of job 'Flink Streaming Job' (d9c923f3732f8f24a0867130737e9bd1) under job master id acf28608b5a31f1ddeaddba39b8a4d77.
2025-07-31 14:10:08,512 [flink-akka.actor.default-dispatcher-5] [org.apache.flink.runtime.source.coordinator.SourceCoordinator] [INFO] - Starting split enumerator for source Source: mysql.
2025-07-31 14:10:08,640 [flink-akka.actor.default-dispatcher-5] [com.ververica.cdc.connectors.mysql.source.connection.JdbcConnectionPools] [INFO] - Create and register connection pool root@localhost:3306
2025-07-31 14:10:08,655 [flink-akka.actor.default-dispatcher-5] [com.zaxxer.hikari.HikariDataSource] [INFO] - connection-pool-localhost:3306 - Starting...
2025-07-31 14:10:09,547 [flink-akka.actor.default-dispatcher-5] [com.zaxxer.hikari.HikariDataSource] [INFO] - connection-pool-localhost:3306 - Start completed.
2025-07-31 14:10:09,591 [pool-3-thread-1] [io.debezium.jdbc.JdbcConnection] [INFO] - Connection gracefully closed
2025-07-31 14:10:09,592 [flink-akka.actor.default-dispatcher-5] [com.ververica.cdc.connectors.mysql.MySqlValidator] [INFO] - MySQL validation passed.
2025-07-31 14:10:09,692 [pool-4-thread-1] [io.debezium.jdbc.JdbcConnection] [INFO] - Connection gracefully closed
2025-07-31 14:10:09,695 [flink-akka.actor.default-dispatcher-5] [org.apache.flink.runtime.source.coordinator.SourceCoordinator] [INFO] - Starting split enumerator for source Source: File Source.
2025-07-31 14:10:09,696 [SourceCoordinator-Source: mysql] [com.ververica.cdc.connectors.mysql.source.utils.TableDiscoveryUtils] [INFO] - Read list of available databases
2025-07-31 14:10:09,699 [SourceCoordinator-Source: mysql] [com.ververica.cdc.connectors.mysql.source.utils.TableDiscoveryUtils] [INFO] - 	 list of available databases is: [dwd, ods]
2025-07-31 14:10:09,699 [SourceCoordinator-Source: mysql] [com.ververica.cdc.connectors.mysql.source.utils.TableDiscoveryUtils] [INFO] - Read list of available tables in each database
2025-07-31 14:10:09,701 [flink-akka.actor.default-dispatcher-5] [org.apache.flink.runtime.jobmaster.JobMaster] [INFO] - Starting scheduling with scheduling strategy [org.apache.flink.runtime.scheduler.strategy.PipelinedRegionSchedulingStrategy]
2025-07-31 14:10:09,701 [flink-akka.actor.default-dispatcher-5] [org.apache.flink.runtime.executiongraph.ExecutionGraph] [INFO] - Job Flink Streaming Job (d9c923f3732f8f24a0867130737e9bd1) switched from state CREATED to RUNNING.
2025-07-31 14:10:09,703 [SourceCoordinator-Source: mysql] [com.ververica.cdc.connectors.mysql.source.utils.TableDiscoveryUtils] [INFO] - 	 including table 'dwd.school' for further processing
2025-07-31 14:10:09,703 [SourceCoordinator-Source: mysql] [com.ververica.cdc.connectors.mysql.source.utils.TableDiscoveryUtils] [INFO] - 	 'dwd.school_sink' is filtered out of table capturing
2025-07-31 14:10:09,705 [SourceCoordinator-Source: mysql] [com.ververica.cdc.connectors.mysql.source.utils.TableDiscoveryUtils] [INFO] - 	 including table 'ods.student' for further processing
2025-07-31 14:10:09,705 [SourceCoordinator-Source: mysql] [com.ververica.cdc.connectors.mysql.source.utils.TableDiscoveryUtils] [INFO] - 	 including table 'ods.student_info' for further processing
2025-07-31 14:10:09,705 [SourceCoordinator-Source: mysql] [com.ververica.cdc.connectors.mysql.source.utils.TableDiscoveryUtils] [INFO] - 	 'ods.student_info_sink' is filtered out of table capturing
2025-07-31 14:10:09,705 [SourceCoordinator-Source: mysql] [com.ververica.cdc.connectors.mysql.source.utils.TableDiscoveryUtils] [INFO] - 	 'ods.student_sink' is filtered out of table capturing
2025-07-31 14:10:09,711 [flink-akka.actor.default-dispatcher-5] [org.apache.flink.runtime.executiongraph.ExecutionGraph] [INFO] - Source: mysql -> Map -> Timestamps/Watermarks (1/3) (bfeb1e4d08a022b54eaf4aeb26b6af90) switched from CREATED to SCHEDULED.
2025-07-31 14:10:09,712 [flink-akka.actor.default-dispatcher-5] [org.apache.flink.runtime.executiongraph.ExecutionGraph] [INFO] - Source: mysql -> Map -> Timestamps/Watermarks (2/3) (d2f2be388c06719224b0b50fa0790509) switched from CREATED to SCHEDULED.
2025-07-31 14:10:09,712 [flink-akka.actor.default-dispatcher-5] [org.apache.flink.runtime.executiongraph.ExecutionGraph] [INFO] - Source: mysql -> Map -> Timestamps/Watermarks (3/3) (7cf3a64af5d9bf0a37d24b207f4c0e37) switched from CREATED to SCHEDULED.
2025-07-31 14:10:09,712 [flink-akka.actor.default-dispatcher-5] [org.apache.flink.runtime.executiongraph.ExecutionGraph] [INFO] - Source: File Source -> Map (1/3) (d667a0f36c4cca02add9f7cf7ae08889) switched from CREATED to SCHEDULED.
2025-07-31 14:10:09,712 [flink-akka.actor.default-dispatcher-5] [org.apache.flink.runtime.executiongraph.ExecutionGraph] [INFO] - Source: File Source -> Map (2/3) (186c78e1865b263abcec42ad60cf0fde) switched from CREATED to SCHEDULED.
2025-07-31 14:10:09,713 [flink-akka.actor.default-dispatcher-5] [org.apache.flink.runtime.executiongraph.ExecutionGraph] [INFO] - Source: File Source -> Map (3/3) (2be6d4cd1fc2e6c2f6ee1b8542279013) switched from CREATED to SCHEDULED.
2025-07-31 14:10:09,713 [flink-akka.actor.default-dispatcher-5] [org.apache.flink.runtime.executiongraph.ExecutionGraph] [INFO] - TumblingProcessingTimeWindows (1/3) (fc108b714ac9fbac06ad7806068dbbde) switched from CREATED to SCHEDULED.
2025-07-31 14:10:09,713 [flink-akka.actor.default-dispatcher-5] [org.apache.flink.runtime.executiongraph.ExecutionGraph] [INFO] - TumblingProcessingTimeWindows (2/3) (0fc9b3d6630f3702a643a7a4b9a59cd9) switched from CREATED to SCHEDULED.
2025-07-31 14:10:09,713 [flink-akka.actor.default-dispatcher-5] [org.apache.flink.runtime.executiongraph.ExecutionGraph] [INFO] - TumblingProcessingTimeWindows (3/3) (34b3f5d624322cfadfee81c1083090e1) switched from CREATED to SCHEDULED.
2025-07-31 14:10:09,713 [flink-akka.actor.default-dispatcher-5] [org.apache.flink.runtime.executiongraph.ExecutionGraph] [INFO] - Co-Process-Broadcast -> (Sink: Unnamed, Sink: Print to Std. Out) (1/3) (3193dee02c1c63689ecbd206e76c48a1) switched from CREATED to SCHEDULED.
2025-07-31 14:10:09,713 [flink-akka.actor.default-dispatcher-5] [org.apache.flink.runtime.executiongraph.ExecutionGraph] [INFO] - Co-Process-Broadcast -> (Sink: Unnamed, Sink: Print to Std. Out) (2/3) (6aec3ef8de698473f5b4a716804a9b69) switched from CREATED to SCHEDULED.
2025-07-31 14:10:09,713 [flink-akka.actor.default-dispatcher-5] [org.apache.flink.runtime.executiongraph.ExecutionGraph] [INFO] - Co-Process-Broadcast -> (Sink: Unnamed, Sink: Print to Std. Out) (3/3) (5183d2038c13888bf62c67677a324444) switched from CREATED to SCHEDULED.
2025-07-31 14:10:09,719 [pool-5-thread-1] [io.debezium.jdbc.JdbcConnection] [INFO] - Connection gracefully closed
2025-07-31 14:10:09,726 [SourceCoordinator-Source: mysql] [com.ververica.cdc.connectors.mysql.source.utils.TableDiscoveryUtils] [INFO] - Read list of available databases
2025-07-31 14:10:09,728 [SourceCoordinator-Source: mysql] [com.ververica.cdc.connectors.mysql.source.utils.TableDiscoveryUtils] [INFO] - 	 list of available databases is: [dwd, ods]
2025-07-31 14:10:09,728 [SourceCoordinator-Source: mysql] [com.ververica.cdc.connectors.mysql.source.utils.TableDiscoveryUtils] [INFO] - Read list of available tables in each database
2025-07-31 14:10:09,731 [SourceCoordinator-Source: mysql] [com.ververica.cdc.connectors.mysql.source.utils.TableDiscoveryUtils] [INFO] - 	 including table 'dwd.school' for further processing
2025-07-31 14:10:09,731 [SourceCoordinator-Source: mysql] [com.ververica.cdc.connectors.mysql.source.utils.TableDiscoveryUtils] [INFO] - 	 'dwd.school_sink' is filtered out of table capturing
2025-07-31 14:10:09,733 [SourceCoordinator-Source: mysql] [com.ververica.cdc.connectors.mysql.source.utils.TableDiscoveryUtils] [INFO] - 	 including table 'ods.student' for further processing
2025-07-31 14:10:09,733 [SourceCoordinator-Source: mysql] [com.ververica.cdc.connectors.mysql.source.utils.TableDiscoveryUtils] [INFO] - 	 including table 'ods.student_info' for further processing
2025-07-31 14:10:09,734 [SourceCoordinator-Source: mysql] [com.ververica.cdc.connectors.mysql.source.utils.TableDiscoveryUtils] [INFO] - 	 'ods.student_info_sink' is filtered out of table capturing
2025-07-31 14:10:09,734 [SourceCoordinator-Source: mysql] [com.ververica.cdc.connectors.mysql.source.utils.TableDiscoveryUtils] [INFO] - 	 'ods.student_sink' is filtered out of table capturing
2025-07-31 14:10:09,735 [pool-6-thread-1] [io.debezium.jdbc.JdbcConnection] [INFO] - Connection gracefully closed
2025-07-31 14:10:09,738 [snapshot-splitting] [com.ververica.cdc.connectors.mysql.source.assigners.MySqlSnapshotSplitAssigner] [INFO] - Start splitting table dwd.school into chunks...
2025-07-31 14:10:09,745 [flink-akka.actor.default-dispatcher-5] [org.apache.flink.runtime.jobmaster.JobMaster] [INFO] - Connecting to ResourceManager akka://flink/user/rpc/resourcemanager_1(a500de9bfb0b7ea3c7c485c14a7e4179)
2025-07-31 14:10:09,748 [flink-akka.actor.default-dispatcher-8] [org.apache.flink.runtime.jobmaster.JobMaster] [INFO] - Resolved ResourceManager address, beginning registration
2025-07-31 14:10:09,750 [flink-akka.actor.default-dispatcher-9] [org.apache.flink.runtime.resourcemanager.StandaloneResourceManager] [INFO] - Registering job manager acf28608b5a31f1ddeaddba39b8a4d77@akka://flink/user/rpc/jobmanager_3 for job d9c923f3732f8f24a0867130737e9bd1.
2025-07-31 14:10:09,765 [flink-akka.actor.default-dispatcher-9] [org.apache.flink.runtime.resourcemanager.StandaloneResourceManager] [INFO] - Registered job manager acf28608b5a31f1ddeaddba39b8a4d77@akka://flink/user/rpc/jobmanager_3 for job d9c923f3732f8f24a0867130737e9bd1.
2025-07-31 14:10:09,769 [flink-akka.actor.default-dispatcher-9] [org.apache.flink.runtime.jobmaster.JobMaster] [INFO] - JobManager successfully registered at ResourceManager, leader id: a500de9bfb0b7ea3c7c485c14a7e4179.
2025-07-31 14:10:09,772 [flink-akka.actor.default-dispatcher-5] [org.apache.flink.runtime.resourcemanager.slotmanager.DeclarativeSlotManager] [INFO] - Received resource requirements from job d9c923f3732f8f24a0867130737e9bd1: [ResourceRequirement{resourceProfile=ResourceProfile{UNKNOWN}, numberOfRequiredSlots=3}]
2025-07-31 14:10:09,777 [flink-akka.actor.default-dispatcher-9] [org.apache.flink.runtime.taskexecutor.TaskExecutor] [INFO] - Receive slot request 0bf30b1cf289c8694487244351539df3 for job d9c923f3732f8f24a0867130737e9bd1 from resource manager with leader id a500de9bfb0b7ea3c7c485c14a7e4179.
2025-07-31 14:10:09,786 [flink-akka.actor.default-dispatcher-9] [org.apache.flink.runtime.taskexecutor.TaskExecutor] [INFO] - Allocated slot for 0bf30b1cf289c8694487244351539df3.
2025-07-31 14:10:09,788 [flink-akka.actor.default-dispatcher-9] [org.apache.flink.runtime.taskexecutor.DefaultJobLeaderService] [INFO] - Add job d9c923f3732f8f24a0867130737e9bd1 for job leader monitoring.
2025-07-31 14:10:09,790 [mini-cluster-io-thread-3] [org.apache.flink.runtime.taskexecutor.DefaultJobLeaderService] [INFO] - Try to register at job manager akka://flink/user/rpc/jobmanager_3 with leader id deaddba3-9b8a-4d77-acf2-8608b5a31f1d.
2025-07-31 14:10:09,791 [flink-akka.actor.default-dispatcher-9] [org.apache.flink.runtime.taskexecutor.TaskExecutor] [INFO] - Receive slot request a5dada4c0e64e37cdb659a9340683b06 for job d9c923f3732f8f24a0867130737e9bd1 from resource manager with leader id a500de9bfb0b7ea3c7c485c14a7e4179.
2025-07-31 14:10:09,792 [flink-akka.actor.default-dispatcher-9] [org.apache.flink.runtime.taskexecutor.TaskExecutor] [INFO] - Allocated slot for a5dada4c0e64e37cdb659a9340683b06.
2025-07-31 14:10:09,792 [flink-akka.actor.default-dispatcher-9] [org.apache.flink.runtime.taskexecutor.TaskExecutor] [INFO] - Receive slot request b34bbd8384ee3cd1475e3a193d6ba7ee for job d9c923f3732f8f24a0867130737e9bd1 from resource manager with leader id a500de9bfb0b7ea3c7c485c14a7e4179.
2025-07-31 14:10:09,792 [flink-akka.actor.default-dispatcher-5] [org.apache.flink.runtime.taskexecutor.DefaultJobLeaderService] [INFO] - Resolved JobManager address, beginning registration
2025-07-31 14:10:09,792 [flink-akka.actor.default-dispatcher-9] [org.apache.flink.runtime.taskexecutor.TaskExecutor] [INFO] - Allocated slot for b34bbd8384ee3cd1475e3a193d6ba7ee.
2025-07-31 14:10:09,799 [flink-akka.actor.default-dispatcher-8] [org.apache.flink.runtime.taskexecutor.DefaultJobLeaderService] [INFO] - Successful registration at job manager akka://flink/user/rpc/jobmanager_3 for job d9c923f3732f8f24a0867130737e9bd1.
2025-07-31 14:10:09,800 [flink-akka.actor.default-dispatcher-5] [org.apache.flink.runtime.taskexecutor.TaskExecutor] [INFO] - Establish JobManager connection for job d9c923f3732f8f24a0867130737e9bd1.
2025-07-31 14:10:09,804 [flink-akka.actor.default-dispatcher-5] [org.apache.flink.runtime.taskexecutor.TaskExecutor] [INFO] - Offer reserved slots to the leader of job d9c923f3732f8f24a0867130737e9bd1.
2025-07-31 14:10:09,824 [flink-akka.actor.default-dispatcher-5] [org.apache.flink.runtime.executiongraph.ExecutionGraph] [INFO] - Source: mysql -> Map -> Timestamps/Watermarks (1/3) (bfeb1e4d08a022b54eaf4aeb26b6af90) switched from SCHEDULED to DEPLOYING.
2025-07-31 14:10:09,840 [flink-akka.actor.default-dispatcher-5] [org.apache.flink.runtime.executiongraph.ExecutionGraph] [INFO] - Deploying Source: mysql -> Map -> Timestamps/Watermarks (1/3) (attempt #0) with attempt id bfeb1e4d08a022b54eaf4aeb26b6af90 and vertex id cbc357ccb763df2852fee8c4fc7d55f2_0 to 88e533b9-fc23-4499-8805-3deaa7901fc3 @ 127.0.0.1 (dataPort=-1) with allocation id 0bf30b1cf289c8694487244351539df3
2025-07-31 14:10:09,848 [flink-akka.actor.default-dispatcher-5] [org.apache.flink.runtime.executiongraph.ExecutionGraph] [INFO] - Source: mysql -> Map -> Timestamps/Watermarks (2/3) (d2f2be388c06719224b0b50fa0790509) switched from SCHEDULED to DEPLOYING.
2025-07-31 14:10:09,849 [flink-akka.actor.default-dispatcher-5] [org.apache.flink.runtime.executiongraph.ExecutionGraph] [INFO] - Deploying Source: mysql -> Map -> Timestamps/Watermarks (2/3) (attempt #0) with attempt id d2f2be388c06719224b0b50fa0790509 and vertex id cbc357ccb763df2852fee8c4fc7d55f2_1 to 88e533b9-fc23-4499-8805-3deaa7901fc3 @ 127.0.0.1 (dataPort=-1) with allocation id a5dada4c0e64e37cdb659a9340683b06
2025-07-31 14:10:09,849 [flink-akka.actor.default-dispatcher-8] [org.apache.flink.runtime.taskexecutor.slot.TaskSlotTableImpl] [INFO] - Activate slot 0bf30b1cf289c8694487244351539df3.
2025-07-31 14:10:09,849 [flink-akka.actor.default-dispatcher-5] [org.apache.flink.runtime.executiongraph.ExecutionGraph] [INFO] - Source: mysql -> Map -> Timestamps/Watermarks (3/3) (7cf3a64af5d9bf0a37d24b207f4c0e37) switched from SCHEDULED to DEPLOYING.
2025-07-31 14:10:09,849 [flink-akka.actor.default-dispatcher-5] [org.apache.flink.runtime.executiongraph.ExecutionGraph] [INFO] - Deploying Source: mysql -> Map -> Timestamps/Watermarks (3/3) (attempt #0) with attempt id 7cf3a64af5d9bf0a37d24b207f4c0e37 and vertex id cbc357ccb763df2852fee8c4fc7d55f2_2 to 88e533b9-fc23-4499-8805-3deaa7901fc3 @ 127.0.0.1 (dataPort=-1) with allocation id b34bbd8384ee3cd1475e3a193d6ba7ee
2025-07-31 14:10:09,849 [flink-akka.actor.default-dispatcher-5] [org.apache.flink.runtime.executiongraph.ExecutionGraph] [INFO] - Source: File Source -> Map (1/3) (d667a0f36c4cca02add9f7cf7ae08889) switched from SCHEDULED to DEPLOYING.
2025-07-31 14:10:09,849 [flink-akka.actor.default-dispatcher-5] [org.apache.flink.runtime.executiongraph.ExecutionGraph] [INFO] - Deploying Source: File Source -> Map (1/3) (attempt #0) with attempt id d667a0f36c4cca02add9f7cf7ae08889 and vertex id 6cdc5bb954874d922eaee11a8e7b5dd5_0 to 88e533b9-fc23-4499-8805-3deaa7901fc3 @ 127.0.0.1 (dataPort=-1) with allocation id 0bf30b1cf289c8694487244351539df3
2025-07-31 14:10:09,850 [flink-akka.actor.default-dispatcher-5] [org.apache.flink.runtime.executiongraph.ExecutionGraph] [INFO] - Source: File Source -> Map (2/3) (186c78e1865b263abcec42ad60cf0fde) switched from SCHEDULED to DEPLOYING.
2025-07-31 14:10:09,850 [flink-akka.actor.default-dispatcher-5] [org.apache.flink.runtime.executiongraph.ExecutionGraph] [INFO] - Deploying Source: File Source -> Map (2/3) (attempt #0) with attempt id 186c78e1865b263abcec42ad60cf0fde and vertex id 6cdc5bb954874d922eaee11a8e7b5dd5_1 to 88e533b9-fc23-4499-8805-3deaa7901fc3 @ 127.0.0.1 (dataPort=-1) with allocation id a5dada4c0e64e37cdb659a9340683b06
2025-07-31 14:10:09,851 [flink-akka.actor.default-dispatcher-5] [org.apache.flink.runtime.executiongraph.ExecutionGraph] [INFO] - Source: File Source -> Map (3/3) (2be6d4cd1fc2e6c2f6ee1b8542279013) switched from SCHEDULED to DEPLOYING.
2025-07-31 14:10:09,851 [flink-akka.actor.default-dispatcher-5] [org.apache.flink.runtime.executiongraph.ExecutionGraph] [INFO] - Deploying Source: File Source -> Map (3/3) (attempt #0) with attempt id 2be6d4cd1fc2e6c2f6ee1b8542279013 and vertex id 6cdc5bb954874d922eaee11a8e7b5dd5_2 to 88e533b9-fc23-4499-8805-3deaa7901fc3 @ 127.0.0.1 (dataPort=-1) with allocation id b34bbd8384ee3cd1475e3a193d6ba7ee
2025-07-31 14:10:09,852 [flink-akka.actor.default-dispatcher-5] [org.apache.flink.runtime.executiongraph.ExecutionGraph] [INFO] - TumblingProcessingTimeWindows (1/3) (fc108b714ac9fbac06ad7806068dbbde) switched from SCHEDULED to DEPLOYING.
2025-07-31 14:10:09,852 [flink-akka.actor.default-dispatcher-5] [org.apache.flink.runtime.executiongraph.ExecutionGraph] [INFO] - Deploying TumblingProcessingTimeWindows (1/3) (attempt #0) with attempt id fc108b714ac9fbac06ad7806068dbbde and vertex id 0d526a824c51db052e8b88b3ed644a14_0 to 88e533b9-fc23-4499-8805-3deaa7901fc3 @ 127.0.0.1 (dataPort=-1) with allocation id 0bf30b1cf289c8694487244351539df3
2025-07-31 14:10:09,859 [flink-akka.actor.default-dispatcher-5] [org.apache.flink.runtime.executiongraph.ExecutionGraph] [INFO] - TumblingProcessingTimeWindows (2/3) (0fc9b3d6630f3702a643a7a4b9a59cd9) switched from SCHEDULED to DEPLOYING.
2025-07-31 14:10:09,859 [flink-akka.actor.default-dispatcher-5] [org.apache.flink.runtime.executiongraph.ExecutionGraph] [INFO] - Deploying TumblingProcessingTimeWindows (2/3) (attempt #0) with attempt id 0fc9b3d6630f3702a643a7a4b9a59cd9 and vertex id 0d526a824c51db052e8b88b3ed644a14_1 to 88e533b9-fc23-4499-8805-3deaa7901fc3 @ 127.0.0.1 (dataPort=-1) with allocation id a5dada4c0e64e37cdb659a9340683b06
2025-07-31 14:10:09,859 [flink-akka.actor.default-dispatcher-5] [org.apache.flink.runtime.executiongraph.ExecutionGraph] [INFO] - TumblingProcessingTimeWindows (3/3) (34b3f5d624322cfadfee81c1083090e1) switched from SCHEDULED to DEPLOYING.
2025-07-31 14:10:09,859 [flink-akka.actor.default-dispatcher-5] [org.apache.flink.runtime.executiongraph.ExecutionGraph] [INFO] - Deploying TumblingProcessingTimeWindows (3/3) (attempt #0) with attempt id 34b3f5d624322cfadfee81c1083090e1 and vertex id 0d526a824c51db052e8b88b3ed644a14_2 to 88e533b9-fc23-4499-8805-3deaa7901fc3 @ 127.0.0.1 (dataPort=-1) with allocation id b34bbd8384ee3cd1475e3a193d6ba7ee
2025-07-31 14:10:09,860 [flink-akka.actor.default-dispatcher-5] [org.apache.flink.runtime.executiongraph.ExecutionGraph] [INFO] - Co-Process-Broadcast -> (Sink: Unnamed, Sink: Print to Std. Out) (1/3) (3193dee02c1c63689ecbd206e76c48a1) switched from SCHEDULED to DEPLOYING.
2025-07-31 14:10:09,860 [flink-akka.actor.default-dispatcher-5] [org.apache.flink.runtime.executiongraph.ExecutionGraph] [INFO] - Deploying Co-Process-Broadcast -> (Sink: Unnamed, Sink: Print to Std. Out) (1/3) (attempt #0) with attempt id 3193dee02c1c63689ecbd206e76c48a1 and vertex id b2632550abcb15c24245fdea10e5640a_0 to 88e533b9-fc23-4499-8805-3deaa7901fc3 @ 127.0.0.1 (dataPort=-1) with allocation id 0bf30b1cf289c8694487244351539df3
2025-07-31 14:10:09,861 [flink-akka.actor.default-dispatcher-5] [org.apache.flink.runtime.executiongraph.ExecutionGraph] [INFO] - Co-Process-Broadcast -> (Sink: Unnamed, Sink: Print to Std. Out) (2/3) (6aec3ef8de698473f5b4a716804a9b69) switched from SCHEDULED to DEPLOYING.
2025-07-31 14:10:09,861 [flink-akka.actor.default-dispatcher-5] [org.apache.flink.runtime.executiongraph.ExecutionGraph] [INFO] - Deploying Co-Process-Broadcast -> (Sink: Unnamed, Sink: Print to Std. Out) (2/3) (attempt #0) with attempt id 6aec3ef8de698473f5b4a716804a9b69 and vertex id b2632550abcb15c24245fdea10e5640a_1 to 88e533b9-fc23-4499-8805-3deaa7901fc3 @ 127.0.0.1 (dataPort=-1) with allocation id a5dada4c0e64e37cdb659a9340683b06
2025-07-31 14:10:09,861 [flink-akka.actor.default-dispatcher-5] [org.apache.flink.runtime.executiongraph.ExecutionGraph] [INFO] - Co-Process-Broadcast -> (Sink: Unnamed, Sink: Print to Std. Out) (3/3) (5183d2038c13888bf62c67677a324444) switched from SCHEDULED to DEPLOYING.
2025-07-31 14:10:09,861 [flink-akka.actor.default-dispatcher-5] [org.apache.flink.runtime.executiongraph.ExecutionGraph] [INFO] - Deploying Co-Process-Broadcast -> (Sink: Unnamed, Sink: Print to Std. Out) (3/3) (attempt #0) with attempt id 5183d2038c13888bf62c67677a324444 and vertex id b2632550abcb15c24245fdea10e5640a_2 to 88e533b9-fc23-4499-8805-3deaa7901fc3 @ 127.0.0.1 (dataPort=-1) with allocation id b34bbd8384ee3cd1475e3a193d6ba7ee
2025-07-31 14:10:09,867 [flink-akka.actor.default-dispatcher-8] [org.apache.flink.runtime.state.changelog.StateChangelogStorageLoader] [INFO] - StateChangelogStorageLoader initialized with shortcut names {memory}.
2025-07-31 14:10:09,867 [flink-akka.actor.default-dispatcher-8] [org.apache.flink.runtime.state.changelog.StateChangelogStorageLoader] [INFO] - Creating a changelog storage with name 'memory'.
2025-07-31 14:10:09,903 [flink-akka.actor.default-dispatcher-8] [org.apache.flink.runtime.taskexecutor.TaskExecutor] [INFO] - Received task Source: mysql -> Map -> Timestamps/Watermarks (1/3)#0 (bfeb1e4d08a022b54eaf4aeb26b6af90), deploy into slot with allocation id 0bf30b1cf289c8694487244351539df3.
2025-07-31 14:10:09,904 [Source: mysql -> Map -> Timestamps/Watermarks (1/3)#0] [org.apache.flink.runtime.taskmanager.Task] [INFO] - Source: mysql -> Map -> Timestamps/Watermarks (1/3)#0 (bfeb1e4d08a022b54eaf4aeb26b6af90) switched from CREATED to DEPLOYING.
2025-07-31 14:10:09,907 [Source: mysql -> Map -> Timestamps/Watermarks (1/3)#0] [org.apache.flink.runtime.taskmanager.Task] [INFO] - Loading JAR files for task Source: mysql -> Map -> Timestamps/Watermarks (1/3)#0 (bfeb1e4d08a022b54eaf4aeb26b6af90) [DEPLOYING].
2025-07-31 14:10:09,907 [flink-akka.actor.default-dispatcher-8] [org.apache.flink.runtime.taskexecutor.slot.TaskSlotTableImpl] [INFO] - Activate slot a5dada4c0e64e37cdb659a9340683b06.
2025-07-31 14:10:09,909 [flink-akka.actor.default-dispatcher-8] [org.apache.flink.runtime.taskexecutor.TaskExecutor] [INFO] - Received task Source: mysql -> Map -> Timestamps/Watermarks (2/3)#0 (d2f2be388c06719224b0b50fa0790509), deploy into slot with allocation id a5dada4c0e64e37cdb659a9340683b06.
2025-07-31 14:10:09,909 [flink-akka.actor.default-dispatcher-8] [org.apache.flink.runtime.taskexecutor.slot.TaskSlotTableImpl] [INFO] - Activate slot b34bbd8384ee3cd1475e3a193d6ba7ee.
2025-07-31 14:10:09,910 [Source: mysql -> Map -> Timestamps/Watermarks (2/3)#0] [org.apache.flink.runtime.taskmanager.Task] [INFO] - Source: mysql -> Map -> Timestamps/Watermarks (2/3)#0 (d2f2be388c06719224b0b50fa0790509) switched from CREATED to DEPLOYING.
2025-07-31 14:10:09,910 [Source: mysql -> Map -> Timestamps/Watermarks (2/3)#0] [org.apache.flink.runtime.taskmanager.Task] [INFO] - Loading JAR files for task Source: mysql -> Map -> Timestamps/Watermarks (2/3)#0 (d2f2be388c06719224b0b50fa0790509) [DEPLOYING].
2025-07-31 14:10:09,913 [flink-akka.actor.default-dispatcher-8] [org.apache.flink.runtime.taskexecutor.TaskExecutor] [INFO] - Received task Source: mysql -> Map -> Timestamps/Watermarks (3/3)#0 (7cf3a64af5d9bf0a37d24b207f4c0e37), deploy into slot with allocation id b34bbd8384ee3cd1475e3a193d6ba7ee.
2025-07-31 14:10:09,914 [flink-akka.actor.default-dispatcher-8] [org.apache.flink.runtime.taskexecutor.slot.TaskSlotTableImpl] [INFO] - Activate slot 0bf30b1cf289c8694487244351539df3.
2025-07-31 14:10:09,917 [flink-akka.actor.default-dispatcher-8] [org.apache.flink.runtime.taskexecutor.TaskExecutor] [INFO] - Received task Source: File Source -> Map (1/3)#0 (d667a0f36c4cca02add9f7cf7ae08889), deploy into slot with allocation id 0bf30b1cf289c8694487244351539df3.
2025-07-31 14:10:09,918 [flink-akka.actor.default-dispatcher-8] [org.apache.flink.runtime.taskexecutor.slot.TaskSlotTableImpl] [INFO] - Activate slot a5dada4c0e64e37cdb659a9340683b06.
2025-07-31 14:10:09,920 [flink-akka.actor.default-dispatcher-8] [org.apache.flink.runtime.taskexecutor.TaskExecutor] [INFO] - Received task Source: File Source -> Map (2/3)#0 (186c78e1865b263abcec42ad60cf0fde), deploy into slot with allocation id a5dada4c0e64e37cdb659a9340683b06.
2025-07-31 14:10:09,920 [flink-akka.actor.default-dispatcher-8] [org.apache.flink.runtime.taskexecutor.slot.TaskSlotTableImpl] [INFO] - Activate slot b34bbd8384ee3cd1475e3a193d6ba7ee.
2025-07-31 14:10:09,922 [flink-akka.actor.default-dispatcher-8] [org.apache.flink.runtime.taskexecutor.TaskExecutor] [INFO] - Received task Source: File Source -> Map (3/3)#0 (2be6d4cd1fc2e6c2f6ee1b8542279013), deploy into slot with allocation id b34bbd8384ee3cd1475e3a193d6ba7ee.
2025-07-31 14:10:09,923 [flink-akka.actor.default-dispatcher-8] [org.apache.flink.runtime.taskexecutor.slot.TaskSlotTableImpl] [INFO] - Activate slot 0bf30b1cf289c8694487244351539df3.
2025-07-31 14:10:09,924 [Source: File Source -> Map (3/3)#0] [org.apache.flink.runtime.taskmanager.Task] [INFO] - Source: File Source -> Map (3/3)#0 (2be6d4cd1fc2e6c2f6ee1b8542279013) switched from CREATED to DEPLOYING.
2025-07-31 14:10:09,924 [Source: File Source -> Map (3/3)#0] [org.apache.flink.runtime.taskmanager.Task] [INFO] - Loading JAR files for task Source: File Source -> Map (3/3)#0 (2be6d4cd1fc2e6c2f6ee1b8542279013) [DEPLOYING].
2025-07-31 14:10:09,925 [Source: File Source -> Map (2/3)#0] [org.apache.flink.runtime.taskmanager.Task] [INFO] - Source: File Source -> Map (2/3)#0 (186c78e1865b263abcec42ad60cf0fde) switched from CREATED to DEPLOYING.
2025-07-31 14:10:09,925 [Source: File Source -> Map (2/3)#0] [org.apache.flink.runtime.taskmanager.Task] [INFO] - Loading JAR files for task Source: File Source -> Map (2/3)#0 (186c78e1865b263abcec42ad60cf0fde) [DEPLOYING].
2025-07-31 14:10:09,925 [Source: mysql -> Map -> Timestamps/Watermarks (3/3)#0] [org.apache.flink.runtime.taskmanager.Task] [INFO] - Source: mysql -> Map -> Timestamps/Watermarks (3/3)#0 (7cf3a64af5d9bf0a37d24b207f4c0e37) switched from CREATED to DEPLOYING.
2025-07-31 14:10:09,925 [Source: File Source -> Map (1/3)#0] [org.apache.flink.runtime.taskmanager.Task] [INFO] - Source: File Source -> Map (1/3)#0 (d667a0f36c4cca02add9f7cf7ae08889) switched from CREATED to DEPLOYING.
2025-07-31 14:10:09,926 [Source: File Source -> Map (1/3)#0] [org.apache.flink.runtime.taskmanager.Task] [INFO] - Loading JAR files for task Source: File Source -> Map (1/3)#0 (d667a0f36c4cca02add9f7cf7ae08889) [DEPLOYING].
2025-07-31 14:10:09,926 [Source: mysql -> Map -> Timestamps/Watermarks (3/3)#0] [org.apache.flink.runtime.taskmanager.Task] [INFO] - Loading JAR files for task Source: mysql -> Map -> Timestamps/Watermarks (3/3)#0 (7cf3a64af5d9bf0a37d24b207f4c0e37) [DEPLOYING].
2025-07-31 14:10:09,952 [flink-akka.actor.default-dispatcher-8] [org.apache.flink.runtime.taskexecutor.TaskExecutor] [INFO] - Received task TumblingProcessingTimeWindows (1/3)#0 (fc108b714ac9fbac06ad7806068dbbde), deploy into slot with allocation id 0bf30b1cf289c8694487244351539df3.
2025-07-31 14:10:09,952 [flink-akka.actor.default-dispatcher-8] [org.apache.flink.runtime.taskexecutor.slot.TaskSlotTableImpl] [INFO] - Activate slot a5dada4c0e64e37cdb659a9340683b06.
2025-07-31 14:10:09,954 [TumblingProcessingTimeWindows (1/3)#0] [org.apache.flink.runtime.taskmanager.Task] [INFO] - TumblingProcessingTimeWindows (1/3)#0 (fc108b714ac9fbac06ad7806068dbbde) switched from CREATED to DEPLOYING.
2025-07-31 14:10:09,955 [TumblingProcessingTimeWindows (1/3)#0] [org.apache.flink.runtime.taskmanager.Task] [INFO] - Loading JAR files for task TumblingProcessingTimeWindows (1/3)#0 (fc108b714ac9fbac06ad7806068dbbde) [DEPLOYING].
2025-07-31 14:10:09,956 [flink-akka.actor.default-dispatcher-8] [org.apache.flink.runtime.taskexecutor.TaskExecutor] [INFO] - Received task TumblingProcessingTimeWindows (2/3)#0 (0fc9b3d6630f3702a643a7a4b9a59cd9), deploy into slot with allocation id a5dada4c0e64e37cdb659a9340683b06.
2025-07-31 14:10:09,957 [TumblingProcessingTimeWindows (2/3)#0] [org.apache.flink.runtime.taskmanager.Task] [INFO] - TumblingProcessingTimeWindows (2/3)#0 (0fc9b3d6630f3702a643a7a4b9a59cd9) switched from CREATED to DEPLOYING.
2025-07-31 14:10:09,958 [TumblingProcessingTimeWindows (2/3)#0] [org.apache.flink.runtime.taskmanager.Task] [INFO] - Loading JAR files for task TumblingProcessingTimeWindows (2/3)#0 (0fc9b3d6630f3702a643a7a4b9a59cd9) [DEPLOYING].
2025-07-31 14:10:09,957 [flink-akka.actor.default-dispatcher-8] [org.apache.flink.runtime.taskexecutor.slot.TaskSlotTableImpl] [INFO] - Activate slot b34bbd8384ee3cd1475e3a193d6ba7ee.
2025-07-31 14:10:09,968 [flink-akka.actor.default-dispatcher-8] [org.apache.flink.runtime.taskexecutor.TaskExecutor] [INFO] - Received task TumblingProcessingTimeWindows (3/3)#0 (34b3f5d624322cfadfee81c1083090e1), deploy into slot with allocation id b34bbd8384ee3cd1475e3a193d6ba7ee.
2025-07-31 14:10:09,969 [flink-akka.actor.default-dispatcher-8] [org.apache.flink.runtime.taskexecutor.slot.TaskSlotTableImpl] [INFO] - Activate slot 0bf30b1cf289c8694487244351539df3.
2025-07-31 14:10:09,971 [flink-akka.actor.default-dispatcher-8] [org.apache.flink.metrics.MetricGroup] [WARN] - Name collision: Group already contains a Metric with the name 'numBytesInLocal'. Metric will not be reported.[, taskmanager, 88e533b9-fc23-4499-8805-3deaa7901fc3, Flink Streaming Job, Co-Process-Broadcast -> (Sink: Unnamed, Sink: Print to Std. Out), 0, Shuffle, Netty, Input]
2025-07-31 14:10:09,971 [Source: File Source -> Map (2/3)#0] [org.apache.flink.streaming.runtime.tasks.StreamTask] [INFO] - Using job/cluster config to configure application-defined state backend: org.apache.flink.runtime.state.hashmap.HashMapStateBackend@5caf232a
2025-07-31 14:10:09,971 [flink-akka.actor.default-dispatcher-8] [org.apache.flink.metrics.MetricGroup] [WARN] - Name collision: Group already contains a Metric with the name 'numBytesInLocalPerSecond'. Metric will not be reported.[, taskmanager, 88e533b9-fc23-4499-8805-3deaa7901fc3, Flink Streaming Job, Co-Process-Broadcast -> (Sink: Unnamed, Sink: Print to Std. Out), 0, Shuffle, Netty, Input]
2025-07-31 14:10:09,972 [flink-akka.actor.default-dispatcher-8] [org.apache.flink.metrics.MetricGroup] [WARN] - Name collision: Group already contains a Metric with the name 'numBytesInLocal'. Metric will not be reported.[, taskmanager, 88e533b9-fc23-4499-8805-3deaa7901fc3, Flink Streaming Job, Co-Process-Broadcast -> (Sink: Unnamed, Sink: Print to Std. Out), 0]
2025-07-31 14:10:09,972 [flink-akka.actor.default-dispatcher-8] [org.apache.flink.metrics.MetricGroup] [WARN] - Name collision: Group already contains a Metric with the name 'numBytesInLocalPerSecond'. Metric will not be reported.[, taskmanager, 88e533b9-fc23-4499-8805-3deaa7901fc3, Flink Streaming Job, Co-Process-Broadcast -> (Sink: Unnamed, Sink: Print to Std. Out), 0]
2025-07-31 14:10:09,972 [Source: File Source -> Map (2/3)#0] [org.apache.flink.streaming.runtime.tasks.StreamTask] [INFO] - Using application-defined state backend: org.apache.flink.runtime.state.hashmap.HashMapStateBackend@2e1e5b55
2025-07-31 14:10:09,973 [Source: File Source -> Map (3/3)#0] [org.apache.flink.streaming.runtime.tasks.StreamTask] [INFO] - Using job/cluster config to configure application-defined state backend: org.apache.flink.runtime.state.hashmap.HashMapStateBackend@7705653a
2025-07-31 14:10:09,974 [Source: File Source -> Map (3/3)#0] [org.apache.flink.streaming.runtime.tasks.StreamTask] [INFO] - Using application-defined state backend: org.apache.flink.runtime.state.hashmap.HashMapStateBackend@3fd86902
2025-07-31 14:10:09,974 [Source: File Source -> Map (3/3)#0] [org.apache.flink.runtime.state.StateBackendLoader] [INFO] - State backend loader loads the state backend as HashMapStateBackend
2025-07-31 14:10:09,975 [Source: File Source -> Map (1/3)#0] [org.apache.flink.streaming.runtime.tasks.StreamTask] [INFO] - Using job/cluster config to configure application-defined state backend: org.apache.flink.runtime.state.hashmap.HashMapStateBackend@7caca6d
2025-07-31 14:10:09,975 [Source: File Source -> Map (1/3)#0] [org.apache.flink.streaming.runtime.tasks.StreamTask] [INFO] - Using application-defined state backend: org.apache.flink.runtime.state.hashmap.HashMapStateBackend@63eac0c7
2025-07-31 14:10:09,973 [TumblingProcessingTimeWindows (3/3)#0] [org.apache.flink.runtime.taskmanager.Task] [INFO] - TumblingProcessingTimeWindows (3/3)#0 (34b3f5d624322cfadfee81c1083090e1) switched from CREATED to DEPLOYING.
2025-07-31 14:10:09,972 [Source: mysql -> Map -> Timestamps/Watermarks (1/3)#0] [org.apache.flink.streaming.runtime.tasks.StreamTask] [INFO] - Using job/cluster config to configure application-defined state backend: org.apache.flink.runtime.state.hashmap.HashMapStateBackend@1353fa0b
2025-07-31 14:10:09,975 [TumblingProcessingTimeWindows (3/3)#0] [org.apache.flink.runtime.taskmanager.Task] [INFO] - Loading JAR files for task TumblingProcessingTimeWindows (3/3)#0 (34b3f5d624322cfadfee81c1083090e1) [DEPLOYING].
2025-07-31 14:10:09,975 [Source: File Source -> Map (1/3)#0] [org.apache.flink.runtime.state.StateBackendLoader] [INFO] - State backend loader loads the state backend as HashMapStateBackend
2025-07-31 14:10:09,975 [TumblingProcessingTimeWindows (2/3)#0] [org.apache.flink.streaming.runtime.tasks.StreamTask] [INFO] - Using job/cluster config to configure application-defined state backend: org.apache.flink.runtime.state.hashmap.HashMapStateBackend@1aaf5361
2025-07-31 14:10:09,976 [Source: File Source -> Map (1/3)#0] [org.apache.flink.streaming.runtime.tasks.StreamTask] [INFO] - Using job/cluster config to configure application-defined checkpoint storage: org.apache.flink.runtime.state.storage.FileSystemCheckpointStorage@8041c61
2025-07-31 14:10:09,976 [Source: mysql -> Map -> Timestamps/Watermarks (3/3)#0] [org.apache.flink.streaming.runtime.tasks.StreamTask] [INFO] - Using job/cluster config to configure application-defined state backend: org.apache.flink.runtime.state.hashmap.HashMapStateBackend@59b4702f
2025-07-31 14:10:09,976 [Source: mysql -> Map -> Timestamps/Watermarks (2/3)#0] [org.apache.flink.streaming.runtime.tasks.StreamTask] [INFO] - Using job/cluster config to configure application-defined state backend: org.apache.flink.runtime.state.hashmap.HashMapStateBackend@44ef581c
2025-07-31 14:10:09,972 [flink-akka.actor.default-dispatcher-8] [org.apache.flink.metrics.MetricGroup] [WARN] - Name collision: Group already contains a Metric with the name 'numBytesInRemote'. Metric will not be reported.[, taskmanager, 88e533b9-fc23-4499-8805-3deaa7901fc3, Flink Streaming Job, Co-Process-Broadcast -> (Sink: Unnamed, Sink: Print to Std. Out), 0, Shuffle, Netty, Input]
2025-07-31 14:10:09,976 [flink-akka.actor.default-dispatcher-8] [org.apache.flink.metrics.MetricGroup] [WARN] - Name collision: Group already contains a Metric with the name 'numBytesInRemotePerSecond'. Metric will not be reported.[, taskmanager, 88e533b9-fc23-4499-8805-3deaa7901fc3, Flink Streaming Job, Co-Process-Broadcast -> (Sink: Unnamed, Sink: Print to Std. Out), 0, Shuffle, Netty, Input]
2025-07-31 14:10:09,976 [flink-akka.actor.default-dispatcher-8] [org.apache.flink.metrics.MetricGroup] [WARN] - Name collision: Group already contains a Metric with the name 'numBytesInRemote'. Metric will not be reported.[, taskmanager, 88e533b9-fc23-4499-8805-3deaa7901fc3, Flink Streaming Job, Co-Process-Broadcast -> (Sink: Unnamed, Sink: Print to Std. Out), 0]
2025-07-31 14:10:09,975 [TumblingProcessingTimeWindows (1/3)#0] [org.apache.flink.streaming.runtime.tasks.StreamTask] [INFO] - Using job/cluster config to configure application-defined state backend: org.apache.flink.runtime.state.hashmap.HashMapStateBackend@2ac90568
2025-07-31 14:10:09,974 [Source: File Source -> Map (2/3)#0] [org.apache.flink.runtime.state.StateBackendLoader] [INFO] - State backend loader loads the state backend as HashMapStateBackend
2025-07-31 14:10:09,977 [TumblingProcessingTimeWindows (1/3)#0] [org.apache.flink.streaming.runtime.tasks.StreamTask] [INFO] - Using application-defined state backend: org.apache.flink.runtime.state.hashmap.HashMapStateBackend@db2d9c
2025-07-31 14:10:09,977 [flink-akka.actor.default-dispatcher-8] [org.apache.flink.metrics.MetricGroup] [WARN] - Name collision: Group already contains a Metric with the name 'numBytesInRemotePerSecond'. Metric will not be reported.[, taskmanager, 88e533b9-fc23-4499-8805-3deaa7901fc3, Flink Streaming Job, Co-Process-Broadcast -> (Sink: Unnamed, Sink: Print to Std. Out), 0]
2025-07-31 14:10:09,976 [Source: mysql -> Map -> Timestamps/Watermarks (2/3)#0] [org.apache.flink.streaming.runtime.tasks.StreamTask] [INFO] - Using application-defined state backend: org.apache.flink.runtime.state.hashmap.HashMapStateBackend@fd29d38
2025-07-31 14:10:09,976 [Source: mysql -> Map -> Timestamps/Watermarks (3/3)#0] [org.apache.flink.streaming.runtime.tasks.StreamTask] [INFO] - Using application-defined state backend: org.apache.flink.runtime.state.hashmap.HashMapStateBackend@264aa57b
2025-07-31 14:10:09,976 [Source: File Source -> Map (3/3)#0] [org.apache.flink.streaming.runtime.tasks.StreamTask] [INFO] - Using job/cluster config to configure application-defined checkpoint storage: org.apache.flink.runtime.state.storage.FileSystemCheckpointStorage@564bde40
2025-07-31 14:10:09,978 [TumblingProcessingTimeWindows (3/3)#0] [org.apache.flink.streaming.runtime.tasks.StreamTask] [INFO] - Using job/cluster config to configure application-defined state backend: org.apache.flink.runtime.state.hashmap.HashMapStateBackend@4756d7c7
2025-07-31 14:10:09,978 [TumblingProcessingTimeWindows (3/3)#0] [org.apache.flink.streaming.runtime.tasks.StreamTask] [INFO] - Using application-defined state backend: org.apache.flink.runtime.state.hashmap.HashMapStateBackend@39463566
2025-07-31 14:10:09,978 [TumblingProcessingTimeWindows (3/3)#0] [org.apache.flink.runtime.state.StateBackendLoader] [INFO] - State backend loader loads the state backend as HashMapStateBackend
2025-07-31 14:10:09,978 [TumblingProcessingTimeWindows (3/3)#0] [org.apache.flink.streaming.runtime.tasks.StreamTask] [INFO] - Using job/cluster config to configure application-defined checkpoint storage: org.apache.flink.runtime.state.storage.FileSystemCheckpointStorage@31e2e09b
2025-07-31 14:10:09,976 [TumblingProcessingTimeWindows (2/3)#0] [org.apache.flink.streaming.runtime.tasks.StreamTask] [INFO] - Using application-defined state backend: org.apache.flink.runtime.state.hashmap.HashMapStateBackend@49fd6f57
2025-07-31 14:10:09,979 [TumblingProcessingTimeWindows (2/3)#0] [org.apache.flink.runtime.state.StateBackendLoader] [INFO] - State backend loader loads the state backend as HashMapStateBackend
2025-07-31 14:10:09,979 [TumblingProcessingTimeWindows (2/3)#0] [org.apache.flink.streaming.runtime.tasks.StreamTask] [INFO] - Using job/cluster config to configure application-defined checkpoint storage: org.apache.flink.runtime.state.storage.FileSystemCheckpointStorage@57471e41
2025-07-31 14:10:09,975 [Source: mysql -> Map -> Timestamps/Watermarks (1/3)#0] [org.apache.flink.streaming.runtime.tasks.StreamTask] [INFO] - Using application-defined state backend: org.apache.flink.runtime.state.hashmap.HashMapStateBackend@4d16225c
2025-07-31 14:10:09,978 [Source: mysql -> Map -> Timestamps/Watermarks (3/3)#0] [org.apache.flink.runtime.state.StateBackendLoader] [INFO] - State backend loader loads the state backend as HashMapStateBackend
2025-07-31 14:10:09,980 [Source: mysql -> Map -> Timestamps/Watermarks (3/3)#0] [org.apache.flink.streaming.runtime.tasks.StreamTask] [INFO] - Using job/cluster config to configure application-defined checkpoint storage: org.apache.flink.runtime.state.storage.FileSystemCheckpointStorage@54808206
2025-07-31 14:10:09,977 [Source: mysql -> Map -> Timestamps/Watermarks (2/3)#0] [org.apache.flink.runtime.state.StateBackendLoader] [INFO] - State backend loader loads the state backend as HashMapStateBackend
2025-07-31 14:10:09,977 [Source: File Source -> Map (2/3)#0] [org.apache.flink.streaming.runtime.tasks.StreamTask] [INFO] - Using job/cluster config to configure application-defined checkpoint storage: org.apache.flink.runtime.state.storage.FileSystemCheckpointStorage@32d1cd78
2025-07-31 14:10:09,977 [flink-akka.actor.default-dispatcher-8] [org.apache.flink.metrics.MetricGroup] [WARN] - Name collision: Group already contains a Metric with the name 'numBuffersInLocal'. Metric will not be reported.[, taskmanager, 88e533b9-fc23-4499-8805-3deaa7901fc3, Flink Streaming Job, Co-Process-Broadcast -> (Sink: Unnamed, Sink: Print to Std. Out), 0, Shuffle, Netty, Input]
2025-07-31 14:10:09,982 [flink-akka.actor.default-dispatcher-8] [org.apache.flink.metrics.MetricGroup] [WARN] - Name collision: Group already contains a Metric with the name 'numBuffersInLocalPerSecond'. Metric will not be reported.[, taskmanager, 88e533b9-fc23-4499-8805-3deaa7901fc3, Flink Streaming Job, Co-Process-Broadcast -> (Sink: Unnamed, Sink: Print to Std. Out), 0, Shuffle, Netty, Input]
2025-07-31 14:10:09,982 [flink-akka.actor.default-dispatcher-8] [org.apache.flink.metrics.MetricGroup] [WARN] - Name collision: Group already contains a Metric with the name 'numBuffersInLocal'. Metric will not be reported.[, taskmanager, 88e533b9-fc23-4499-8805-3deaa7901fc3, Flink Streaming Job, Co-Process-Broadcast -> (Sink: Unnamed, Sink: Print to Std. Out), 0]
2025-07-31 14:10:09,982 [flink-akka.actor.default-dispatcher-8] [org.apache.flink.metrics.MetricGroup] [WARN] - Name collision: Group already contains a Metric with the name 'numBuffersInLocalPerSecond'. Metric will not be reported.[, taskmanager, 88e533b9-fc23-4499-8805-3deaa7901fc3, Flink Streaming Job, Co-Process-Broadcast -> (Sink: Unnamed, Sink: Print to Std. Out), 0]
2025-07-31 14:10:09,982 [flink-akka.actor.default-dispatcher-8] [org.apache.flink.metrics.MetricGroup] [WARN] - Name collision: Group already contains a Metric with the name 'numBuffersInRemote'. Metric will not be reported.[, taskmanager, 88e533b9-fc23-4499-8805-3deaa7901fc3, Flink Streaming Job, Co-Process-Broadcast -> (Sink: Unnamed, Sink: Print to Std. Out), 0, Shuffle, Netty, Input]
2025-07-31 14:10:09,982 [flink-akka.actor.default-dispatcher-8] [org.apache.flink.metrics.MetricGroup] [WARN] - Name collision: Group already contains a Metric with the name 'numBuffersInRemotePerSecond'. Metric will not be reported.[, taskmanager, 88e533b9-fc23-4499-8805-3deaa7901fc3, Flink Streaming Job, Co-Process-Broadcast -> (Sink: Unnamed, Sink: Print to Std. Out), 0, Shuffle, Netty, Input]
2025-07-31 14:10:09,982 [flink-akka.actor.default-dispatcher-8] [org.apache.flink.metrics.MetricGroup] [WARN] - Name collision: Group already contains a Metric with the name 'numBuffersInRemote'. Metric will not be reported.[, taskmanager, 88e533b9-fc23-4499-8805-3deaa7901fc3, Flink Streaming Job, Co-Process-Broadcast -> (Sink: Unnamed, Sink: Print to Std. Out), 0]
2025-07-31 14:10:09,982 [flink-akka.actor.default-dispatcher-8] [org.apache.flink.metrics.MetricGroup] [WARN] - Name collision: Group already contains a Metric with the name 'numBuffersInRemotePerSecond'. Metric will not be reported.[, taskmanager, 88e533b9-fc23-4499-8805-3deaa7901fc3, Flink Streaming Job, Co-Process-Broadcast -> (Sink: Unnamed, Sink: Print to Std. Out), 0]
2025-07-31 14:10:09,977 [TumblingProcessingTimeWindows (1/3)#0] [org.apache.flink.runtime.state.StateBackendLoader] [INFO] - State backend loader loads the state backend as HashMapStateBackend
2025-07-31 14:10:09,981 [Source: mysql -> Map -> Timestamps/Watermarks (2/3)#0] [org.apache.flink.streaming.runtime.tasks.StreamTask] [INFO] - Using job/cluster config to configure application-defined checkpoint storage: org.apache.flink.runtime.state.storage.FileSystemCheckpointStorage@900dcd7
2025-07-31 14:10:09,983 [TumblingProcessingTimeWindows (1/3)#0] [org.apache.flink.streaming.runtime.tasks.StreamTask] [INFO] - Using job/cluster config to configure application-defined checkpoint storage: org.apache.flink.runtime.state.storage.FileSystemCheckpointStorage@8986fd0
2025-07-31 14:10:09,980 [Source: mysql -> Map -> Timestamps/Watermarks (1/3)#0] [org.apache.flink.runtime.state.StateBackendLoader] [INFO] - State backend loader loads the state backend as HashMapStateBackend
2025-07-31 14:10:09,983 [flink-akka.actor.default-dispatcher-8] [org.apache.flink.runtime.taskexecutor.TaskExecutor] [INFO] - Received task Co-Process-Broadcast -> (Sink: Unnamed, Sink: Print to Std. Out) (1/3)#0 (3193dee02c1c63689ecbd206e76c48a1), deploy into slot with allocation id 0bf30b1cf289c8694487244351539df3.
2025-07-31 14:10:09,983 [Source: mysql -> Map -> Timestamps/Watermarks (1/3)#0] [org.apache.flink.streaming.runtime.tasks.StreamTask] [INFO] - Using job/cluster config to configure application-defined checkpoint storage: org.apache.flink.runtime.state.storage.FileSystemCheckpointStorage@75beb8c8
2025-07-31 14:10:09,984 [flink-akka.actor.default-dispatcher-8] [org.apache.flink.runtime.taskexecutor.slot.TaskSlotTableImpl] [INFO] - Activate slot b34bbd8384ee3cd1475e3a193d6ba7ee.
2025-07-31 14:10:09,984 [flink-akka.actor.default-dispatcher-8] [org.apache.flink.runtime.taskexecutor.slot.TaskSlotTableImpl] [INFO] - Activate slot a5dada4c0e64e37cdb659a9340683b06.
2025-07-31 14:10:09,984 [flink-akka.actor.default-dispatcher-8] [org.apache.flink.runtime.taskexecutor.slot.TaskSlotTableImpl] [INFO] - Activate slot 0bf30b1cf289c8694487244351539df3.
2025-07-31 14:10:09,985 [flink-akka.actor.default-dispatcher-8] [org.apache.flink.runtime.taskexecutor.slot.TaskSlotTableImpl] [INFO] - Activate slot a5dada4c0e64e37cdb659a9340683b06.
2025-07-31 14:10:09,985 [Co-Process-Broadcast -> (Sink: Unnamed, Sink: Print to Std. Out) (1/3)#0] [org.apache.flink.runtime.taskmanager.Task] [INFO] - Co-Process-Broadcast -> (Sink: Unnamed, Sink: Print to Std. Out) (1/3)#0 (3193dee02c1c63689ecbd206e76c48a1) switched from CREATED to DEPLOYING.
2025-07-31 14:10:09,985 [Co-Process-Broadcast -> (Sink: Unnamed, Sink: Print to Std. Out) (1/3)#0] [org.apache.flink.runtime.taskmanager.Task] [INFO] - Loading JAR files for task Co-Process-Broadcast -> (Sink: Unnamed, Sink: Print to Std. Out) (1/3)#0 (3193dee02c1c63689ecbd206e76c48a1) [DEPLOYING].
2025-07-31 14:10:09,988 [flink-akka.actor.default-dispatcher-8] [org.apache.flink.metrics.MetricGroup] [WARN] - Name collision: Group already contains a Metric with the name 'numBytesInLocal'. Metric will not be reported.[, taskmanager, 88e533b9-fc23-4499-8805-3deaa7901fc3, Flink Streaming Job, Co-Process-Broadcast -> (Sink: Unnamed, Sink: Print to Std. Out), 1, Shuffle, Netty, Input]
2025-07-31 14:10:09,988 [flink-akka.actor.default-dispatcher-8] [org.apache.flink.metrics.MetricGroup] [WARN] - Name collision: Group already contains a Metric with the name 'numBytesInLocalPerSecond'. Metric will not be reported.[, taskmanager, 88e533b9-fc23-4499-8805-3deaa7901fc3, Flink Streaming Job, Co-Process-Broadcast -> (Sink: Unnamed, Sink: Print to Std. Out), 1, Shuffle, Netty, Input]
2025-07-31 14:10:09,989 [flink-akka.actor.default-dispatcher-8] [org.apache.flink.metrics.MetricGroup] [WARN] - Name collision: Group already contains a Metric with the name 'numBytesInLocal'. Metric will not be reported.[, taskmanager, 88e533b9-fc23-4499-8805-3deaa7901fc3, Flink Streaming Job, Co-Process-Broadcast -> (Sink: Unnamed, Sink: Print to Std. Out), 1]
2025-07-31 14:10:09,989 [flink-akka.actor.default-dispatcher-8] [org.apache.flink.metrics.MetricGroup] [WARN] - Name collision: Group already contains a Metric with the name 'numBytesInLocalPerSecond'. Metric will not be reported.[, taskmanager, 88e533b9-fc23-4499-8805-3deaa7901fc3, Flink Streaming Job, Co-Process-Broadcast -> (Sink: Unnamed, Sink: Print to Std. Out), 1]
2025-07-31 14:10:09,989 [flink-akka.actor.default-dispatcher-8] [org.apache.flink.metrics.MetricGroup] [WARN] - Name collision: Group already contains a Metric with the name 'numBytesInRemote'. Metric will not be reported.[, taskmanager, 88e533b9-fc23-4499-8805-3deaa7901fc3, Flink Streaming Job, Co-Process-Broadcast -> (Sink: Unnamed, Sink: Print to Std. Out), 1, Shuffle, Netty, Input]
2025-07-31 14:10:09,989 [flink-akka.actor.default-dispatcher-8] [org.apache.flink.metrics.MetricGroup] [WARN] - Name collision: Group already contains a Metric with the name 'numBytesInRemotePerSecond'. Metric will not be reported.[, taskmanager, 88e533b9-fc23-4499-8805-3deaa7901fc3, Flink Streaming Job, Co-Process-Broadcast -> (Sink: Unnamed, Sink: Print to Std. Out), 1, Shuffle, Netty, Input]
2025-07-31 14:10:09,989 [flink-akka.actor.default-dispatcher-8] [org.apache.flink.metrics.MetricGroup] [WARN] - Name collision: Group already contains a Metric with the name 'numBytesInRemote'. Metric will not be reported.[, taskmanager, 88e533b9-fc23-4499-8805-3deaa7901fc3, Flink Streaming Job, Co-Process-Broadcast -> (Sink: Unnamed, Sink: Print to Std. Out), 1]
2025-07-31 14:10:09,989 [flink-akka.actor.default-dispatcher-8] [org.apache.flink.metrics.MetricGroup] [WARN] - Name collision: Group already contains a Metric with the name 'numBytesInRemotePerSecond'. Metric will not be reported.[, taskmanager, 88e533b9-fc23-4499-8805-3deaa7901fc3, Flink Streaming Job, Co-Process-Broadcast -> (Sink: Unnamed, Sink: Print to Std. Out), 1]
2025-07-31 14:10:09,989 [flink-akka.actor.default-dispatcher-8] [org.apache.flink.metrics.MetricGroup] [WARN] - Name collision: Group already contains a Metric with the name 'numBuffersInLocal'. Metric will not be reported.[, taskmanager, 88e533b9-fc23-4499-8805-3deaa7901fc3, Flink Streaming Job, Co-Process-Broadcast -> (Sink: Unnamed, Sink: Print to Std. Out), 1, Shuffle, Netty, Input]
2025-07-31 14:10:09,989 [flink-akka.actor.default-dispatcher-8] [org.apache.flink.metrics.MetricGroup] [WARN] - Name collision: Group already contains a Metric with the name 'numBuffersInLocalPerSecond'. Metric will not be reported.[, taskmanager, 88e533b9-fc23-4499-8805-3deaa7901fc3, Flink Streaming Job, Co-Process-Broadcast -> (Sink: Unnamed, Sink: Print to Std. Out), 1, Shuffle, Netty, Input]
2025-07-31 14:10:09,989 [flink-akka.actor.default-dispatcher-8] [org.apache.flink.metrics.MetricGroup] [WARN] - Name collision: Group already contains a Metric with the name 'numBuffersInLocal'. Metric will not be reported.[, taskmanager, 88e533b9-fc23-4499-8805-3deaa7901fc3, Flink Streaming Job, Co-Process-Broadcast -> (Sink: Unnamed, Sink: Print to Std. Out), 1]
2025-07-31 14:10:09,989 [flink-akka.actor.default-dispatcher-8] [org.apache.flink.metrics.MetricGroup] [WARN] - Name collision: Group already contains a Metric with the name 'numBuffersInLocalPerSecond'. Metric will not be reported.[, taskmanager, 88e533b9-fc23-4499-8805-3deaa7901fc3, Flink Streaming Job, Co-Process-Broadcast -> (Sink: Unnamed, Sink: Print to Std. Out), 1]
2025-07-31 14:10:09,989 [flink-akka.actor.default-dispatcher-8] [org.apache.flink.metrics.MetricGroup] [WARN] - Name collision: Group already contains a Metric with the name 'numBuffersInRemote'. Metric will not be reported.[, taskmanager, 88e533b9-fc23-4499-8805-3deaa7901fc3, Flink Streaming Job, Co-Process-Broadcast -> (Sink: Unnamed, Sink: Print to Std. Out), 1, Shuffle, Netty, Input]
2025-07-31 14:10:09,989 [flink-akka.actor.default-dispatcher-8] [org.apache.flink.metrics.MetricGroup] [WARN] - Name collision: Group already contains a Metric with the name 'numBuffersInRemotePerSecond'. Metric will not be reported.[, taskmanager, 88e533b9-fc23-4499-8805-3deaa7901fc3, Flink Streaming Job, Co-Process-Broadcast -> (Sink: Unnamed, Sink: Print to Std. Out), 1, Shuffle, Netty, Input]
2025-07-31 14:10:09,989 [flink-akka.actor.default-dispatcher-8] [org.apache.flink.metrics.MetricGroup] [WARN] - Name collision: Group already contains a Metric with the name 'numBuffersInRemote'. Metric will not be reported.[, taskmanager, 88e533b9-fc23-4499-8805-3deaa7901fc3, Flink Streaming Job, Co-Process-Broadcast -> (Sink: Unnamed, Sink: Print to Std. Out), 1]
2025-07-31 14:10:09,989 [flink-akka.actor.default-dispatcher-8] [org.apache.flink.metrics.MetricGroup] [WARN] - Name collision: Group already contains a Metric with the name 'numBuffersInRemotePerSecond'. Metric will not be reported.[, taskmanager, 88e533b9-fc23-4499-8805-3deaa7901fc3, Flink Streaming Job, Co-Process-Broadcast -> (Sink: Unnamed, Sink: Print to Std. Out), 1]
2025-07-31 14:10:09,990 [flink-akka.actor.default-dispatcher-8] [org.apache.flink.runtime.taskexecutor.TaskExecutor] [INFO] - Received task Co-Process-Broadcast -> (Sink: Unnamed, Sink: Print to Std. Out) (2/3)#0 (6aec3ef8de698473f5b4a716804a9b69), deploy into slot with allocation id a5dada4c0e64e37cdb659a9340683b06.
2025-07-31 14:10:09,991 [flink-akka.actor.default-dispatcher-8] [org.apache.flink.runtime.taskexecutor.slot.TaskSlotTableImpl] [INFO] - Activate slot b34bbd8384ee3cd1475e3a193d6ba7ee.
2025-07-31 14:10:09,991 [Source: mysql -> Map -> Timestamps/Watermarks (3/3)#0] [org.apache.flink.runtime.taskmanager.Task] [INFO] - Source: mysql -> Map -> Timestamps/Watermarks (3/3)#0 (7cf3a64af5d9bf0a37d24b207f4c0e37) switched from DEPLOYING to INITIALIZING.
2025-07-31 14:10:09,994 [flink-akka.actor.default-dispatcher-8] [org.apache.flink.metrics.MetricGroup] [WARN] - Name collision: Group already contains a Metric with the name 'numBytesInLocal'. Metric will not be reported.[, taskmanager, 88e533b9-fc23-4499-8805-3deaa7901fc3, Flink Streaming Job, Co-Process-Broadcast -> (Sink: Unnamed, Sink: Print to Std. Out), 2, Shuffle, Netty, Input]
2025-07-31 14:10:09,994 [flink-akka.actor.default-dispatcher-8] [org.apache.flink.metrics.MetricGroup] [WARN] - Name collision: Group already contains a Metric with the name 'numBytesInLocalPerSecond'. Metric will not be reported.[, taskmanager, 88e533b9-fc23-4499-8805-3deaa7901fc3, Flink Streaming Job, Co-Process-Broadcast -> (Sink: Unnamed, Sink: Print to Std. Out), 2, Shuffle, Netty, Input]
2025-07-31 14:10:09,994 [flink-akka.actor.default-dispatcher-8] [org.apache.flink.metrics.MetricGroup] [WARN] - Name collision: Group already contains a Metric with the name 'numBytesInLocal'. Metric will not be reported.[, taskmanager, 88e533b9-fc23-4499-8805-3deaa7901fc3, Flink Streaming Job, Co-Process-Broadcast -> (Sink: Unnamed, Sink: Print to Std. Out), 2]
2025-07-31 14:10:09,994 [flink-akka.actor.default-dispatcher-8] [org.apache.flink.metrics.MetricGroup] [WARN] - Name collision: Group already contains a Metric with the name 'numBytesInLocalPerSecond'. Metric will not be reported.[, taskmanager, 88e533b9-fc23-4499-8805-3deaa7901fc3, Flink Streaming Job, Co-Process-Broadcast -> (Sink: Unnamed, Sink: Print to Std. Out), 2]
2025-07-31 14:10:09,994 [flink-akka.actor.default-dispatcher-8] [org.apache.flink.metrics.MetricGroup] [WARN] - Name collision: Group already contains a Metric with the name 'numBytesInRemote'. Metric will not be reported.[, taskmanager, 88e533b9-fc23-4499-8805-3deaa7901fc3, Flink Streaming Job, Co-Process-Broadcast -> (Sink: Unnamed, Sink: Print to Std. Out), 2, Shuffle, Netty, Input]
2025-07-31 14:10:09,994 [flink-akka.actor.default-dispatcher-8] [org.apache.flink.metrics.MetricGroup] [WARN] - Name collision: Group already contains a Metric with the name 'numBytesInRemotePerSecond'. Metric will not be reported.[, taskmanager, 88e533b9-fc23-4499-8805-3deaa7901fc3, Flink Streaming Job, Co-Process-Broadcast -> (Sink: Unnamed, Sink: Print to Std. Out), 2, Shuffle, Netty, Input]
2025-07-31 14:10:09,994 [TumblingProcessingTimeWindows (2/3)#0] [org.apache.flink.runtime.taskmanager.Task] [INFO] - TumblingProcessingTimeWindows (2/3)#0 (0fc9b3d6630f3702a643a7a4b9a59cd9) switched from DEPLOYING to INITIALIZING.
2025-07-31 14:10:09,995 [Source: File Source -> Map (2/3)#0] [org.apache.flink.runtime.taskmanager.Task] [INFO] - Source: File Source -> Map (2/3)#0 (186c78e1865b263abcec42ad60cf0fde) switched from DEPLOYING to INITIALIZING.
2025-07-31 14:10:09,996 [Source: mysql -> Map -> Timestamps/Watermarks (1/3)#0] [org.apache.flink.runtime.taskmanager.Task] [INFO] - Source: mysql -> Map -> Timestamps/Watermarks (1/3)#0 (bfeb1e4d08a022b54eaf4aeb26b6af90) switched from DEPLOYING to INITIALIZING.
2025-07-31 14:10:09,997 [Co-Process-Broadcast -> (Sink: Unnamed, Sink: Print to Std. Out) (1/3)#0] [org.apache.flink.streaming.runtime.tasks.StreamTask] [INFO] - Using job/cluster config to configure application-defined state backend: org.apache.flink.runtime.state.hashmap.HashMapStateBackend@51676ec4
2025-07-31 14:10:09,997 [Co-Process-Broadcast -> (Sink: Unnamed, Sink: Print to Std. Out) (1/3)#0] [org.apache.flink.streaming.runtime.tasks.StreamTask] [INFO] - Using application-defined state backend: org.apache.flink.runtime.state.hashmap.HashMapStateBackend@73577c15
2025-07-31 14:10:09,997 [Co-Process-Broadcast -> (Sink: Unnamed, Sink: Print to Std. Out) (1/3)#0] [org.apache.flink.runtime.state.StateBackendLoader] [INFO] - State backend loader loads the state backend as HashMapStateBackend
2025-07-31 14:10:09,997 [Co-Process-Broadcast -> (Sink: Unnamed, Sink: Print to Std. Out) (1/3)#0] [org.apache.flink.streaming.runtime.tasks.StreamTask] [INFO] - Using job/cluster config to configure application-defined checkpoint storage: org.apache.flink.runtime.state.storage.FileSystemCheckpointStorage@25ed11a9
2025-07-31 14:10:09,998 [Source: File Source -> Map (3/3)#0] [org.apache.flink.runtime.taskmanager.Task] [INFO] - Source: File Source -> Map (3/3)#0 (2be6d4cd1fc2e6c2f6ee1b8542279013) switched from DEPLOYING to INITIALIZING.
2025-07-31 14:10:09,999 [TumblingProcessingTimeWindows (1/3)#0] [org.apache.flink.runtime.taskmanager.Task] [INFO] - TumblingProcessingTimeWindows (1/3)#0 (fc108b714ac9fbac06ad7806068dbbde) switched from DEPLOYING to INITIALIZING.
2025-07-31 14:10:10,003 [Co-Process-Broadcast -> (Sink: Unnamed, Sink: Print to Std. Out) (1/3)#0] [org.apache.flink.runtime.taskmanager.Task] [INFO] - Co-Process-Broadcast -> (Sink: Unnamed, Sink: Print to Std. Out) (1/3)#0 (3193dee02c1c63689ecbd206e76c48a1) switched from DEPLOYING to INITIALIZING.
2025-07-31 14:10:09,994 [flink-akka.actor.default-dispatcher-8] [org.apache.flink.metrics.MetricGroup] [WARN] - Name collision: Group already contains a Metric with the name 'numBytesInRemote'. Metric will not be reported.[, taskmanager, 88e533b9-fc23-4499-8805-3deaa7901fc3, Flink Streaming Job, Co-Process-Broadcast -> (Sink: Unnamed, Sink: Print to Std. Out), 2]
2025-07-31 14:10:10,006 [flink-akka.actor.default-dispatcher-8] [org.apache.flink.metrics.MetricGroup] [WARN] - Name collision: Group already contains a Metric with the name 'numBytesInRemotePerSecond'. Metric will not be reported.[, taskmanager, 88e533b9-fc23-4499-8805-3deaa7901fc3, Flink Streaming Job, Co-Process-Broadcast -> (Sink: Unnamed, Sink: Print to Std. Out), 2]
2025-07-31 14:10:10,006 [flink-akka.actor.default-dispatcher-8] [org.apache.flink.metrics.MetricGroup] [WARN] - Name collision: Group already contains a Metric with the name 'numBuffersInLocal'. Metric will not be reported.[, taskmanager, 88e533b9-fc23-4499-8805-3deaa7901fc3, Flink Streaming Job, Co-Process-Broadcast -> (Sink: Unnamed, Sink: Print to Std. Out), 2, Shuffle, Netty, Input]
2025-07-31 14:10:10,006 [flink-akka.actor.default-dispatcher-8] [org.apache.flink.metrics.MetricGroup] [WARN] - Name collision: Group already contains a Metric with the name 'numBuffersInLocalPerSecond'. Metric will not be reported.[, taskmanager, 88e533b9-fc23-4499-8805-3deaa7901fc3, Flink Streaming Job, Co-Process-Broadcast -> (Sink: Unnamed, Sink: Print to Std. Out), 2, Shuffle, Netty, Input]
2025-07-31 14:10:10,006 [flink-akka.actor.default-dispatcher-8] [org.apache.flink.metrics.MetricGroup] [WARN] - Name collision: Group already contains a Metric with the name 'numBuffersInLocal'. Metric will not be reported.[, taskmanager, 88e533b9-fc23-4499-8805-3deaa7901fc3, Flink Streaming Job, Co-Process-Broadcast -> (Sink: Unnamed, Sink: Print to Std. Out), 2]
2025-07-31 14:10:10,006 [flink-akka.actor.default-dispatcher-8] [org.apache.flink.metrics.MetricGroup] [WARN] - Name collision: Group already contains a Metric with the name 'numBuffersInLocalPerSecond'. Metric will not be reported.[, taskmanager, 88e533b9-fc23-4499-8805-3deaa7901fc3, Flink Streaming Job, Co-Process-Broadcast -> (Sink: Unnamed, Sink: Print to Std. Out), 2]
2025-07-31 14:10:10,006 [flink-akka.actor.default-dispatcher-8] [org.apache.flink.metrics.MetricGroup] [WARN] - Name collision: Group already contains a Metric with the name 'numBuffersInRemote'. Metric will not be reported.[, taskmanager, 88e533b9-fc23-4499-8805-3deaa7901fc3, Flink Streaming Job, Co-Process-Broadcast -> (Sink: Unnamed, Sink: Print to Std. Out), 2, Shuffle, Netty, Input]
2025-07-31 14:10:10,006 [flink-akka.actor.default-dispatcher-8] [org.apache.flink.metrics.MetricGroup] [WARN] - Name collision: Group already contains a Metric with the name 'numBuffersInRemotePerSecond'. Metric will not be reported.[, taskmanager, 88e533b9-fc23-4499-8805-3deaa7901fc3, Flink Streaming Job, Co-Process-Broadcast -> (Sink: Unnamed, Sink: Print to Std. Out), 2, Shuffle, Netty, Input]
2025-07-31 14:10:10,006 [flink-akka.actor.default-dispatcher-8] [org.apache.flink.metrics.MetricGroup] [WARN] - Name collision: Group already contains a Metric with the name 'numBuffersInRemote'. Metric will not be reported.[, taskmanager, 88e533b9-fc23-4499-8805-3deaa7901fc3, Flink Streaming Job, Co-Process-Broadcast -> (Sink: Unnamed, Sink: Print to Std. Out), 2]
2025-07-31 14:10:10,006 [flink-akka.actor.default-dispatcher-8] [org.apache.flink.metrics.MetricGroup] [WARN] - Name collision: Group already contains a Metric with the name 'numBuffersInRemotePerSecond'. Metric will not be reported.[, taskmanager, 88e533b9-fc23-4499-8805-3deaa7901fc3, Flink Streaming Job, Co-Process-Broadcast -> (Sink: Unnamed, Sink: Print to Std. Out), 2]
2025-07-31 14:10:10,007 [flink-akka.actor.default-dispatcher-8] [org.apache.flink.runtime.taskexecutor.TaskExecutor] [INFO] - Received task Co-Process-Broadcast -> (Sink: Unnamed, Sink: Print to Std. Out) (3/3)#0 (5183d2038c13888bf62c67677a324444), deploy into slot with allocation id b34bbd8384ee3cd1475e3a193d6ba7ee.
2025-07-31 14:10:10,003 [flink-akka.actor.default-dispatcher-9] [org.apache.flink.runtime.executiongraph.ExecutionGraph] [INFO] - Source: mysql -> Map -> Timestamps/Watermarks (3/3) (7cf3a64af5d9bf0a37d24b207f4c0e37) switched from DEPLOYING to INITIALIZING.
2025-07-31 14:10:09,998 [TumblingProcessingTimeWindows (3/3)#0] [org.apache.flink.runtime.taskmanager.Task] [INFO] - TumblingProcessingTimeWindows (3/3)#0 (34b3f5d624322cfadfee81c1083090e1) switched from DEPLOYING to INITIALIZING.
2025-07-31 14:10:09,998 [Source: File Source -> Map (1/3)#0] [org.apache.flink.runtime.taskmanager.Task] [INFO] - Source: File Source -> Map (1/3)#0 (d667a0f36c4cca02add9f7cf7ae08889) switched from DEPLOYING to INITIALIZING.
2025-07-31 14:10:10,014 [flink-akka.actor.default-dispatcher-9] [org.apache.flink.runtime.executiongraph.ExecutionGraph] [INFO] - TumblingProcessingTimeWindows (2/3) (0fc9b3d6630f3702a643a7a4b9a59cd9) switched from DEPLOYING to INITIALIZING.
2025-07-31 14:10:10,014 [flink-akka.actor.default-dispatcher-9] [org.apache.flink.runtime.executiongraph.ExecutionGraph] [INFO] - Source: File Source -> Map (2/3) (186c78e1865b263abcec42ad60cf0fde) switched from DEPLOYING to INITIALIZING.
2025-07-31 14:10:10,014 [flink-akka.actor.default-dispatcher-9] [org.apache.flink.runtime.executiongraph.ExecutionGraph] [INFO] - Source: mysql -> Map -> Timestamps/Watermarks (1/3) (bfeb1e4d08a022b54eaf4aeb26b6af90) switched from DEPLOYING to INITIALIZING.
2025-07-31 14:10:10,015 [flink-akka.actor.default-dispatcher-9] [org.apache.flink.runtime.executiongraph.ExecutionGraph] [INFO] - Source: File Source -> Map (3/3) (2be6d4cd1fc2e6c2f6ee1b8542279013) switched from DEPLOYING to INITIALIZING.
2025-07-31 14:10:10,016 [flink-akka.actor.default-dispatcher-9] [org.apache.flink.runtime.executiongraph.ExecutionGraph] [INFO] - TumblingProcessingTimeWindows (1/3) (fc108b714ac9fbac06ad7806068dbbde) switched from DEPLOYING to INITIALIZING.
2025-07-31 14:10:09,997 [Co-Process-Broadcast -> (Sink: Unnamed, Sink: Print to Std. Out) (2/3)#0] [org.apache.flink.runtime.taskmanager.Task] [INFO] - Co-Process-Broadcast -> (Sink: Unnamed, Sink: Print to Std. Out) (2/3)#0 (6aec3ef8de698473f5b4a716804a9b69) switched from CREATED to DEPLOYING.
2025-07-31 14:10:10,019 [Co-Process-Broadcast -> (Sink: Unnamed, Sink: Print to Std. Out) (2/3)#0] [org.apache.flink.runtime.taskmanager.Task] [INFO] - Loading JAR files for task Co-Process-Broadcast -> (Sink: Unnamed, Sink: Print to Std. Out) (2/3)#0 (6aec3ef8de698473f5b4a716804a9b69) [DEPLOYING].
2025-07-31 14:10:10,019 [flink-akka.actor.default-dispatcher-9] [org.apache.flink.runtime.executiongraph.ExecutionGraph] [INFO] - Co-Process-Broadcast -> (Sink: Unnamed, Sink: Print to Std. Out) (1/3) (3193dee02c1c63689ecbd206e76c48a1) switched from DEPLOYING to INITIALIZING.
2025-07-31 14:10:10,020 [flink-akka.actor.default-dispatcher-9] [org.apache.flink.runtime.executiongraph.ExecutionGraph] [INFO] - TumblingProcessingTimeWindows (3/3) (34b3f5d624322cfadfee81c1083090e1) switched from DEPLOYING to INITIALIZING.
2025-07-31 14:10:10,020 [flink-akka.actor.default-dispatcher-9] [org.apache.flink.runtime.executiongraph.ExecutionGraph] [INFO] - Source: File Source -> Map (1/3) (d667a0f36c4cca02add9f7cf7ae08889) switched from DEPLOYING to INITIALIZING.
2025-07-31 14:10:09,996 [Source: mysql -> Map -> Timestamps/Watermarks (2/3)#0] [org.apache.flink.runtime.taskmanager.Task] [INFO] - Source: mysql -> Map -> Timestamps/Watermarks (2/3)#0 (d2f2be388c06719224b0b50fa0790509) switched from DEPLOYING to INITIALIZING.
2025-07-31 14:10:10,024 [flink-akka.actor.default-dispatcher-5] [org.apache.flink.runtime.executiongraph.ExecutionGraph] [INFO] - Source: mysql -> Map -> Timestamps/Watermarks (2/3) (d2f2be388c06719224b0b50fa0790509) switched from DEPLOYING to INITIALIZING.
2025-07-31 14:10:10,030 [Co-Process-Broadcast -> (Sink: Unnamed, Sink: Print to Std. Out) (3/3)#0] [org.apache.flink.runtime.taskmanager.Task] [INFO] - Co-Process-Broadcast -> (Sink: Unnamed, Sink: Print to Std. Out) (3/3)#0 (5183d2038c13888bf62c67677a324444) switched from CREATED to DEPLOYING.
2025-07-31 14:10:10,034 [Co-Process-Broadcast -> (Sink: Unnamed, Sink: Print to Std. Out) (3/3)#0] [org.apache.flink.runtime.taskmanager.Task] [INFO] - Loading JAR files for task Co-Process-Broadcast -> (Sink: Unnamed, Sink: Print to Std. Out) (3/3)#0 (5183d2038c13888bf62c67677a324444) [DEPLOYING].
2025-07-31 14:10:10,038 [Co-Process-Broadcast -> (Sink: Unnamed, Sink: Print to Std. Out) (2/3)#0] [org.apache.flink.streaming.runtime.tasks.StreamTask] [INFO] - Using job/cluster config to configure application-defined state backend: org.apache.flink.runtime.state.hashmap.HashMapStateBackend@84be090
2025-07-31 14:10:10,038 [Co-Process-Broadcast -> (Sink: Unnamed, Sink: Print to Std. Out) (2/3)#0] [org.apache.flink.streaming.runtime.tasks.StreamTask] [INFO] - Using application-defined state backend: org.apache.flink.runtime.state.hashmap.HashMapStateBackend@2696d6e8
2025-07-31 14:10:10,039 [Co-Process-Broadcast -> (Sink: Unnamed, Sink: Print to Std. Out) (2/3)#0] [org.apache.flink.runtime.state.StateBackendLoader] [INFO] - State backend loader loads the state backend as HashMapStateBackend
2025-07-31 14:10:10,039 [Co-Process-Broadcast -> (Sink: Unnamed, Sink: Print to Std. Out) (3/3)#0] [org.apache.flink.streaming.runtime.tasks.StreamTask] [INFO] - Using job/cluster config to configure application-defined state backend: org.apache.flink.runtime.state.hashmap.HashMapStateBackend@519da1fb
2025-07-31 14:10:10,039 [Co-Process-Broadcast -> (Sink: Unnamed, Sink: Print to Std. Out) (3/3)#0] [org.apache.flink.streaming.runtime.tasks.StreamTask] [INFO] - Using application-defined state backend: org.apache.flink.runtime.state.hashmap.HashMapStateBackend@1cdc215
2025-07-31 14:10:10,039 [Co-Process-Broadcast -> (Sink: Unnamed, Sink: Print to Std. Out) (3/3)#0] [org.apache.flink.runtime.state.StateBackendLoader] [INFO] - State backend loader loads the state backend as HashMapStateBackend
2025-07-31 14:10:10,039 [Co-Process-Broadcast -> (Sink: Unnamed, Sink: Print to Std. Out) (2/3)#0] [org.apache.flink.streaming.runtime.tasks.StreamTask] [INFO] - Using job/cluster config to configure application-defined checkpoint storage: org.apache.flink.runtime.state.storage.FileSystemCheckpointStorage@39aa4c5
2025-07-31 14:10:10,040 [Co-Process-Broadcast -> (Sink: Unnamed, Sink: Print to Std. Out) (2/3)#0] [org.apache.flink.runtime.taskmanager.Task] [INFO] - Co-Process-Broadcast -> (Sink: Unnamed, Sink: Print to Std. Out) (2/3)#0 (6aec3ef8de698473f5b4a716804a9b69) switched from DEPLOYING to INITIALIZING.
2025-07-31 14:10:10,041 [Co-Process-Broadcast -> (Sink: Unnamed, Sink: Print to Std. Out) (3/3)#0] [org.apache.flink.streaming.runtime.tasks.StreamTask] [INFO] - Using job/cluster config to configure application-defined checkpoint storage: org.apache.flink.runtime.state.storage.FileSystemCheckpointStorage@4a1b673b
2025-07-31 14:10:10,041 [flink-akka.actor.default-dispatcher-7] [org.apache.flink.runtime.executiongraph.ExecutionGraph] [INFO] - Co-Process-Broadcast -> (Sink: Unnamed, Sink: Print to Std. Out) (2/3) (6aec3ef8de698473f5b4a716804a9b69) switched from DEPLOYING to INITIALIZING.
2025-07-31 14:10:10,042 [Co-Process-Broadcast -> (Sink: Unnamed, Sink: Print to Std. Out) (3/3)#0] [org.apache.flink.runtime.taskmanager.Task] [INFO] - Co-Process-Broadcast -> (Sink: Unnamed, Sink: Print to Std. Out) (3/3)#0 (5183d2038c13888bf62c67677a324444) switched from DEPLOYING to INITIALIZING.
2025-07-31 14:10:10,042 [flink-akka.actor.default-dispatcher-7] [org.apache.flink.runtime.executiongraph.ExecutionGraph] [INFO] - Co-Process-Broadcast -> (Sink: Unnamed, Sink: Print to Std. Out) (3/3) (5183d2038c13888bf62c67677a324444) switched from DEPLOYING to INITIALIZING.
2025-07-31 14:10:10,102 [Source: mysql -> Map -> Timestamps/Watermarks (2/3)#0] [org.apache.flink.metrics.MetricGroup] [WARN] - Name collision: Group already contains a Metric with the name 'currentEmitEventTimeLag'. Metric will not be reported.[, taskmanager, 88e533b9-fc23-4499-8805-3deaa7901fc3, Flink Streaming Job, Source: mysql, 1]
2025-07-31 14:10:10,102 [Source: mysql -> Map -> Timestamps/Watermarks (1/3)#0] [org.apache.flink.metrics.MetricGroup] [WARN] - Name collision: Group already contains a Metric with the name 'currentEmitEventTimeLag'. Metric will not be reported.[, taskmanager, 88e533b9-fc23-4499-8805-3deaa7901fc3, Flink Streaming Job, Source: mysql, 0]
2025-07-31 14:10:10,102 [Source: mysql -> Map -> Timestamps/Watermarks (2/3)#0] [org.apache.flink.metrics.MetricGroup] [WARN] - Name collision: Group already contains a Metric with the name 'sourceIdleTime'. Metric will not be reported.[, taskmanager, 88e533b9-fc23-4499-8805-3deaa7901fc3, Flink Streaming Job, Source: mysql, 1]
2025-07-31 14:10:10,102 [Source: mysql -> Map -> Timestamps/Watermarks (1/3)#0] [org.apache.flink.metrics.MetricGroup] [WARN] - Name collision: Group already contains a Metric with the name 'sourceIdleTime'. Metric will not be reported.[, taskmanager, 88e533b9-fc23-4499-8805-3deaa7901fc3, Flink Streaming Job, Source: mysql, 0]
2025-07-31 14:10:10,106 [Source: mysql -> Map -> Timestamps/Watermarks (3/3)#0] [org.apache.flink.metrics.MetricGroup] [WARN] - Name collision: Group already contains a Metric with the name 'currentEmitEventTimeLag'. Metric will not be reported.[, taskmanager, 88e533b9-fc23-4499-8805-3deaa7901fc3, Flink Streaming Job, Source: mysql, 2]
2025-07-31 14:10:10,106 [Source: mysql -> Map -> Timestamps/Watermarks (3/3)#0] [org.apache.flink.metrics.MetricGroup] [WARN] - Name collision: Group already contains a Metric with the name 'sourceIdleTime'. Metric will not be reported.[, taskmanager, 88e533b9-fc23-4499-8805-3deaa7901fc3, Flink Streaming Job, Source: mysql, 2]
2025-07-31 14:10:10,400 [TumblingProcessingTimeWindows (2/3)#0] [org.apache.flink.runtime.state.heap.HeapKeyedStateBackendBuilder] [INFO] - Finished to build heap keyed state-backend.
2025-07-31 14:10:10,401 [TumblingProcessingTimeWindows (3/3)#0] [org.apache.flink.runtime.state.heap.HeapKeyedStateBackendBuilder] [INFO] - Finished to build heap keyed state-backend.
2025-07-31 14:10:10,401 [TumblingProcessingTimeWindows (1/3)#0] [org.apache.flink.runtime.state.heap.HeapKeyedStateBackendBuilder] [INFO] - Finished to build heap keyed state-backend.
2025-07-31 14:10:10,423 [TumblingProcessingTimeWindows (3/3)#0] [org.apache.flink.runtime.state.heap.HeapKeyedStateBackend] [INFO] - Initializing heap keyed state backend with stream factory.
2025-07-31 14:10:10,423 [TumblingProcessingTimeWindows (2/3)#0] [org.apache.flink.runtime.state.heap.HeapKeyedStateBackend] [INFO] - Initializing heap keyed state backend with stream factory.
2025-07-31 14:10:10,423 [TumblingProcessingTimeWindows (1/3)#0] [org.apache.flink.runtime.state.heap.HeapKeyedStateBackend] [INFO] - Initializing heap keyed state backend with stream factory.
2025-07-31 14:10:10,428 [Source: mysql -> Map -> Timestamps/Watermarks (1/3)#0] [org.apache.flink.runtime.taskmanager.Task] [INFO] - Source: mysql -> Map -> Timestamps/Watermarks (1/3)#0 (bfeb1e4d08a022b54eaf4aeb26b6af90) switched from INITIALIZING to RUNNING.
2025-07-31 14:10:10,428 [flink-akka.actor.default-dispatcher-7] [org.apache.flink.runtime.executiongraph.ExecutionGraph] [INFO] - Source: mysql -> Map -> Timestamps/Watermarks (1/3) (bfeb1e4d08a022b54eaf4aeb26b6af90) switched from INITIALIZING to RUNNING.
2025-07-31 14:10:10,428 [Source: File Source -> Map (1/3)#0] [org.apache.flink.runtime.taskmanager.Task] [INFO] - Source: File Source -> Map (1/3)#0 (d667a0f36c4cca02add9f7cf7ae08889) switched from INITIALIZING to RUNNING.
2025-07-31 14:10:10,428 [Source: mysql -> Map -> Timestamps/Watermarks (2/3)#0] [org.apache.flink.runtime.taskmanager.Task] [INFO] - Source: mysql -> Map -> Timestamps/Watermarks (2/3)#0 (d2f2be388c06719224b0b50fa0790509) switched from INITIALIZING to RUNNING.
2025-07-31 14:10:10,429 [Source: mysql -> Map -> Timestamps/Watermarks (3/3)#0] [org.apache.flink.runtime.taskmanager.Task] [INFO] - Source: mysql -> Map -> Timestamps/Watermarks (3/3)#0 (7cf3a64af5d9bf0a37d24b207f4c0e37) switched from INITIALIZING to RUNNING.
2025-07-31 14:10:10,427 [SourceCoordinator-Source: mysql] [org.apache.flink.runtime.source.coordinator.SourceCoordinator] [INFO] - Source Source: mysql registering reader for parallel task 2 @ 
2025-07-31 14:10:10,430 [Source: File Source -> Map (3/3)#0] [org.apache.flink.runtime.taskmanager.Task] [INFO] - Source: File Source -> Map (3/3)#0 (2be6d4cd1fc2e6c2f6ee1b8542279013) switched from INITIALIZING to RUNNING.
2025-07-31 14:10:10,427 [SourceCoordinator-Source: File Source] [org.apache.flink.runtime.source.coordinator.SourceCoordinator] [INFO] - Source Source: File Source registering reader for parallel task 2 @ 
2025-07-31 14:10:10,428 [flink-akka.actor.default-dispatcher-7] [org.apache.flink.runtime.executiongraph.ExecutionGraph] [INFO] - Source: File Source -> Map (1/3) (d667a0f36c4cca02add9f7cf7ae08889) switched from INITIALIZING to RUNNING.
2025-07-31 14:10:10,431 [SourceCoordinator-Source: File Source] [org.apache.flink.runtime.source.coordinator.SourceCoordinator] [INFO] - Source Source: File Source registering reader for parallel task 1 @ 
2025-07-31 14:10:10,432 [SourceCoordinator-Source: File Source] [org.apache.flink.runtime.source.coordinator.SourceCoordinator] [INFO] - Source Source: File Source registering reader for parallel task 0 @ 
2025-07-31 14:10:10,432 [SourceCoordinator-Source: File Source] [org.apache.flink.runtime.source.coordinator.SourceCoordinator] [INFO] - Source Source: File Source received split request from parallel task 2
2025-07-31 14:10:10,430 [Source: File Source -> Map (2/3)#0] [org.apache.flink.runtime.taskmanager.Task] [INFO] - Source: File Source -> Map (2/3)#0 (186c78e1865b263abcec42ad60cf0fde) switched from INITIALIZING to RUNNING.
2025-07-31 14:10:10,431 [SourceCoordinator-Source: mysql] [org.apache.flink.runtime.source.coordinator.SourceCoordinator] [INFO] - Source Source: mysql registering reader for parallel task 1 @ 
2025-07-31 14:10:10,432 [SourceCoordinator-Source: mysql] [org.apache.flink.runtime.source.coordinator.SourceCoordinator] [INFO] - Source Source: mysql registering reader for parallel task 0 @ 
2025-07-31 14:10:10,432 [flink-akka.actor.default-dispatcher-7] [org.apache.flink.runtime.executiongraph.ExecutionGraph] [INFO] - Source: mysql -> Map -> Timestamps/Watermarks (2/3) (d2f2be388c06719224b0b50fa0790509) switched from INITIALIZING to RUNNING.
2025-07-31 14:10:10,433 [Co-Process-Broadcast -> (Sink: Unnamed, Sink: Print to Std. Out) (3/3)#0] [org.apache.flink.runtime.taskmanager.Task] [INFO] - Co-Process-Broadcast -> (Sink: Unnamed, Sink: Print to Std. Out) (3/3)#0 (5183d2038c13888bf62c67677a324444) switched from INITIALIZING to RUNNING.
2025-07-31 14:10:10,434 [flink-akka.actor.default-dispatcher-7] [org.apache.flink.runtime.executiongraph.ExecutionGraph] [INFO] - Source: mysql -> Map -> Timestamps/Watermarks (3/3) (7cf3a64af5d9bf0a37d24b207f4c0e37) switched from INITIALIZING to RUNNING.
2025-07-31 14:10:10,432 [SourceCoordinator-Source: File Source] [org.apache.flink.connector.file.src.assigners.LocalityAwareSplitAssigner] [INFO] - Assigning split to non-localized request: Optional[FileSourceSplit: file:/F:/Idea/javaProject/flink-realtime-project/realtime-inint-demo/src/main/java/config/config.txt [0, 402) (no host info) ID=0000000001 position=null]
2025-07-31 14:10:10,434 [flink-akka.actor.default-dispatcher-7] [org.apache.flink.runtime.executiongraph.ExecutionGraph] [INFO] - Source: File Source -> Map (3/3) (2be6d4cd1fc2e6c2f6ee1b8542279013) switched from INITIALIZING to RUNNING.
2025-07-31 14:10:10,434 [flink-akka.actor.default-dispatcher-7] [org.apache.flink.runtime.executiongraph.ExecutionGraph] [INFO] - Source: File Source -> Map (2/3) (186c78e1865b263abcec42ad60cf0fde) switched from INITIALIZING to RUNNING.
2025-07-31 14:10:10,435 [flink-akka.actor.default-dispatcher-7] [org.apache.flink.runtime.executiongraph.ExecutionGraph] [INFO] - Co-Process-Broadcast -> (Sink: Unnamed, Sink: Print to Std. Out) (3/3) (5183d2038c13888bf62c67677a324444) switched from INITIALIZING to RUNNING.
2025-07-31 14:10:10,432 [SourceCoordinator-Source: mysql] [org.apache.flink.runtime.source.coordinator.SourceCoordinator] [INFO] - Source Source: mysql received split request from parallel task 2
2025-07-31 14:10:10,433 [Co-Process-Broadcast -> (Sink: Unnamed, Sink: Print to Std. Out) (2/3)#0] [org.apache.flink.runtime.taskmanager.Task] [INFO] - Co-Process-Broadcast -> (Sink: Unnamed, Sink: Print to Std. Out) (2/3)#0 (6aec3ef8de698473f5b4a716804a9b69) switched from INITIALIZING to RUNNING.
2025-07-31 14:10:10,433 [Co-Process-Broadcast -> (Sink: Unnamed, Sink: Print to Std. Out) (1/3)#0] [org.apache.flink.runtime.taskmanager.Task] [INFO] - Co-Process-Broadcast -> (Sink: Unnamed, Sink: Print to Std. Out) (1/3)#0 (3193dee02c1c63689ecbd206e76c48a1) switched from INITIALIZING to RUNNING.
2025-07-31 14:10:10,436 [flink-akka.actor.default-dispatcher-5] [org.apache.flink.runtime.executiongraph.ExecutionGraph] [INFO] - Co-Process-Broadcast -> (Sink: Unnamed, Sink: Print to Std. Out) (2/3) (6aec3ef8de698473f5b4a716804a9b69) switched from INITIALIZING to RUNNING.
2025-07-31 14:10:10,436 [flink-akka.actor.default-dispatcher-5] [org.apache.flink.runtime.executiongraph.ExecutionGraph] [INFO] - Co-Process-Broadcast -> (Sink: Unnamed, Sink: Print to Std. Out) (1/3) (3193dee02c1c63689ecbd206e76c48a1) switched from INITIALIZING to RUNNING.
2025-07-31 14:10:10,450 [SourceCoordinator-Source: File Source] [org.apache.flink.runtime.source.coordinator.SourceCoordinator] [INFO] - Source Source: File Source received split request from parallel task 0
2025-07-31 14:10:10,451 [SourceCoordinator-Source: File Source] [org.apache.flink.runtime.source.coordinator.SourceCoordinator] [INFO] - Source Source: File Source received split request from parallel task 1
2025-07-31 14:10:10,456 [Source: File Source -> Map (3/3)#0] [org.apache.flink.connector.base.source.reader.SourceReaderBase] [INFO] - Adding split(s) to reader: [FileSourceSplit: file:/F:/Idea/javaProject/flink-realtime-project/realtime-inint-demo/src/main/java/config/config.txt [0, 402) (no host info) ID=0000000001 position=null]
2025-07-31 14:10:10,467 [Source Data Fetcher for Source: File Source -> Map (3/3)#0] [org.apache.flink.connector.base.source.reader.fetcher.SplitFetcher] [INFO] - Starting split fetcher 0
2025-07-31 14:10:10,469 [TumblingProcessingTimeWindows (3/3)#0] [org.apache.flink.runtime.taskmanager.Task] [INFO] - TumblingProcessingTimeWindows (3/3)#0 (34b3f5d624322cfadfee81c1083090e1) switched from INITIALIZING to RUNNING.
2025-07-31 14:10:10,470 [TumblingProcessingTimeWindows (1/3)#0] [org.apache.flink.runtime.taskmanager.Task] [INFO] - TumblingProcessingTimeWindows (1/3)#0 (fc108b714ac9fbac06ad7806068dbbde) switched from INITIALIZING to RUNNING.
2025-07-31 14:10:10,470 [TumblingProcessingTimeWindows (2/3)#0] [org.apache.flink.runtime.taskmanager.Task] [INFO] - TumblingProcessingTimeWindows (2/3)#0 (0fc9b3d6630f3702a643a7a4b9a59cd9) switched from INITIALIZING to RUNNING.
2025-07-31 14:10:10,471 [flink-akka.actor.default-dispatcher-5] [org.apache.flink.runtime.executiongraph.ExecutionGraph] [INFO] - TumblingProcessingTimeWindows (3/3) (34b3f5d624322cfadfee81c1083090e1) switched from INITIALIZING to RUNNING.
2025-07-31 14:10:10,472 [flink-akka.actor.default-dispatcher-5] [org.apache.flink.runtime.executiongraph.ExecutionGraph] [INFO] - TumblingProcessingTimeWindows (1/3) (fc108b714ac9fbac06ad7806068dbbde) switched from INITIALIZING to RUNNING.
2025-07-31 14:10:10,472 [flink-akka.actor.default-dispatcher-5] [org.apache.flink.runtime.executiongraph.ExecutionGraph] [INFO] - TumblingProcessingTimeWindows (2/3) (0fc9b3d6630f3702a643a7a4b9a59cd9) switched from INITIALIZING to RUNNING.
2025-07-31 14:10:10,487 [Source Data Fetcher for Source: File Source -> Map (3/3)#0] [org.apache.flink.connector.base.source.reader.fetcher.SplitFetcher] [INFO] - Finished reading from splits [0000000001]
2025-07-31 14:10:10,559 [Source: File Source -> Map (3/3)#0] [org.apache.flink.api.java.typeutils.runtime.kryo.KryoSerializer] [INFO] - Kryo serializer scala extensions are not available.
2025-07-31 14:10:10,598 [Source: File Source -> Map (3/3)#0] [org.apache.flink.connector.base.source.reader.SourceReaderBase] [INFO] - Finished reading split(s) [0000000001]
2025-07-31 14:10:10,598 [SourceCoordinator-Source: File Source] [org.apache.flink.runtime.source.coordinator.SourceCoordinator] [INFO] - Source Source: File Source received split request from parallel task 2
2025-07-31 14:10:10,598 [Source: File Source -> Map (3/3)#0] [org.apache.flink.connector.base.source.reader.fetcher.SplitFetcherManager] [INFO] - Closing splitFetcher 0 because it is idle.
2025-07-31 14:10:10,598 [Source: File Source -> Map (3/3)#0] [org.apache.flink.connector.base.source.reader.fetcher.SplitFetcher] [INFO] - Shutting down split fetcher 0
2025-07-31 14:10:10,599 [Source Data Fetcher for Source: File Source -> Map (3/3)#0] [org.apache.flink.connector.base.source.reader.fetcher.SplitFetcher] [INFO] - Split fetcher 0 exited.
2025-07-31 14:10:10,680 [Co-Process-Broadcast -> (Sink: Unnamed, Sink: Print to Std. Out) (2/3)#0] [org.apache.flink.api.java.typeutils.runtime.kryo.KryoSerializer] [INFO] - Kryo serializer scala extensions are not available.
2025-07-31 14:10:10,681 [Co-Process-Broadcast -> (Sink: Unnamed, Sink: Print to Std. Out) (1/3)#0] [org.apache.flink.api.java.typeutils.runtime.kryo.KryoSerializer] [INFO] - Kryo serializer scala extensions are not available.
2025-07-31 14:10:10,681 [Co-Process-Broadcast -> (Sink: Unnamed, Sink: Print to Std. Out) (3/3)#0] [org.apache.flink.api.java.typeutils.runtime.kryo.KryoSerializer] [INFO] - Kryo serializer scala extensions are not available.
2025-07-31 14:10:10,980 [snapshot-splitting] [com.ververica.cdc.connectors.mysql.source.assigners.MySqlChunkSplitter] [INFO] - The distribution factor of table dwd.school is 1.0 according to the min split key 1, max split key 3 and approximate row count 3
2025-07-31 14:10:10,980 [snapshot-splitting] [com.ververica.cdc.connectors.mysql.source.assigners.MySqlChunkSplitter] [INFO] - The actual distribution factor for table dwd.school is 1.0, the lower bound of evenly distribution factor is 0.05, the upper bound of evenly distribution factor is 1000.0
2025-07-31 14:10:10,980 [snapshot-splitting] [com.ververica.cdc.connectors.mysql.source.assigners.MySqlChunkSplitter] [INFO] - Use evenly-sized chunk optimization for table dwd.school, the approximate row count is 3, the chunk size is 8096, the dynamic chunk size is 8096
2025-07-31 14:10:10,981 [snapshot-splitting] [com.ververica.cdc.connectors.mysql.source.assigners.MySqlSnapshotSplitAssigner] [INFO] - Split table dwd.school into 1 chunks, time cost: 1243ms.
2025-07-31 14:10:10,981 [snapshot-splitting] [com.ververica.cdc.connectors.mysql.source.assigners.MySqlSnapshotSplitAssigner] [INFO] - Start splitting table ods.student into chunks...
2025-07-31 14:10:11,008 [SourceCoordinator-Source: mysql] [com.ververica.cdc.connectors.mysql.source.enumerator.MySqlSourceEnumerator] [INFO] - The enumerator assigns split MySqlSnapshotSplit{tableId=dwd.school, splitId='dwd.school:0', splitKeyType=[`id` BIGINT NOT NULL], splitStart=null, splitEnd=null, highWatermark=null} to subtask 2
2025-07-31 14:10:11,008 [SourceCoordinator-Source: mysql] [org.apache.flink.runtime.source.coordinator.SourceCoordinator] [INFO] - Source Source: mysql received split request from parallel task 1
2025-07-31 14:10:11,009 [snapshot-splitting] [com.ververica.cdc.connectors.mysql.source.assigners.MySqlChunkSplitter] [INFO] - The distribution factor of table ods.student is 0.9375 according to the min split key 1, max split key 15 and approximate row count 16
2025-07-31 14:10:11,009 [snapshot-splitting] [com.ververica.cdc.connectors.mysql.source.assigners.MySqlChunkSplitter] [INFO] - The actual distribution factor for table ods.student is 0.9375, the lower bound of evenly distribution factor is 0.05, the upper bound of evenly distribution factor is 1000.0
2025-07-31 14:10:11,009 [snapshot-splitting] [com.ververica.cdc.connectors.mysql.source.assigners.MySqlChunkSplitter] [INFO] - Use evenly-sized chunk optimization for table ods.student, the approximate row count is 16, the chunk size is 8096, the dynamic chunk size is 7590
2025-07-31 14:10:11,009 [snapshot-splitting] [com.ververica.cdc.connectors.mysql.source.assigners.MySqlSnapshotSplitAssigner] [INFO] - Split table ods.student into 1 chunks, time cost: 27ms.
2025-07-31 14:10:11,009 [snapshot-splitting] [com.ververica.cdc.connectors.mysql.source.assigners.MySqlSnapshotSplitAssigner] [INFO] - Start splitting table ods.student_info into chunks...
2025-07-31 14:10:11,010 [SourceCoordinator-Source: mysql] [com.ververica.cdc.connectors.mysql.source.enumerator.MySqlSourceEnumerator] [INFO] - The enumerator assigns split MySqlSnapshotSplit{tableId=ods.student, splitId='ods.student:0', splitKeyType=[`id` INT NOT NULL], splitStart=null, splitEnd=null, highWatermark=null} to subtask 1
2025-07-31 14:10:11,011 [SourceCoordinator-Source: mysql] [org.apache.flink.runtime.source.coordinator.SourceCoordinator] [INFO] - Source Source: mysql received split request from parallel task 0
2025-07-31 14:10:11,028 [snapshot-splitting] [com.ververica.cdc.connectors.mysql.source.assigners.MySqlChunkSplitter] [INFO] - The distribution factor of table ods.student_info is 1.0 according to the min split key 1, max split key 12 and approximate row count 12
2025-07-31 14:10:11,028 [snapshot-splitting] [com.ververica.cdc.connectors.mysql.source.assigners.MySqlChunkSplitter] [INFO] - The actual distribution factor for table ods.student_info is 1.0, the lower bound of evenly distribution factor is 0.05, the upper bound of evenly distribution factor is 1000.0
2025-07-31 14:10:11,029 [snapshot-splitting] [com.ververica.cdc.connectors.mysql.source.assigners.MySqlChunkSplitter] [INFO] - Use evenly-sized chunk optimization for table ods.student_info, the approximate row count is 12, the chunk size is 8096, the dynamic chunk size is 8096
2025-07-31 14:10:11,029 [snapshot-splitting] [com.ververica.cdc.connectors.mysql.source.assigners.MySqlSnapshotSplitAssigner] [INFO] - Split table ods.student_info into 1 chunks, time cost: 20ms.
2025-07-31 14:10:11,030 [SourceCoordinator-Source: mysql] [com.ververica.cdc.connectors.mysql.source.enumerator.MySqlSourceEnumerator] [INFO] - The enumerator assigns split MySqlSnapshotSplit{tableId=ods.student_info, splitId='ods.student_info:0', splitKeyType=[`id` INT NOT NULL], splitStart=null, splitEnd=null, highWatermark=null} to subtask 0
2025-07-31 14:10:11,038 [Source: mysql -> Map -> Timestamps/Watermarks (3/3)#0] [com.ververica.cdc.connectors.mysql.source.reader.MySqlSourceReader] [INFO] - Source reader 2 adds split MySqlSnapshotSplit{tableId=dwd.school, splitId='dwd.school:0', splitKeyType=[`id` BIGINT NOT NULL], splitStart=null, splitEnd=null, highWatermark=null}
2025-07-31 14:10:11,038 [Source: mysql -> Map -> Timestamps/Watermarks (2/3)#0] [com.ververica.cdc.connectors.mysql.source.reader.MySqlSourceReader] [INFO] - Source reader 1 adds split MySqlSnapshotSplit{tableId=ods.student, splitId='ods.student:0', splitKeyType=[`id` INT NOT NULL], splitStart=null, splitEnd=null, highWatermark=null}
2025-07-31 14:10:11,038 [Source: mysql -> Map -> Timestamps/Watermarks (1/3)#0] [com.ververica.cdc.connectors.mysql.source.reader.MySqlSourceReader] [INFO] - Source reader 0 adds split MySqlSnapshotSplit{tableId=ods.student_info, splitId='ods.student_info:0', splitKeyType=[`id` INT NOT NULL], splitStart=null, splitEnd=null, highWatermark=null}
2025-07-31 14:10:11,039 [Source: mysql -> Map -> Timestamps/Watermarks (2/3)#0] [org.apache.flink.connector.base.source.reader.SourceReaderBase] [INFO] - Adding split(s) to reader: [MySqlSnapshotSplit{tableId=ods.student, splitId='ods.student:0', splitKeyType=[`id` INT NOT NULL], splitStart=null, splitEnd=null, highWatermark=null}]
2025-07-31 14:10:11,039 [Source: mysql -> Map -> Timestamps/Watermarks (3/3)#0] [org.apache.flink.connector.base.source.reader.SourceReaderBase] [INFO] - Adding split(s) to reader: [MySqlSnapshotSplit{tableId=dwd.school, splitId='dwd.school:0', splitKeyType=[`id` BIGINT NOT NULL], splitStart=null, splitEnd=null, highWatermark=null}]
2025-07-31 14:10:11,039 [Source: mysql -> Map -> Timestamps/Watermarks (1/3)#0] [org.apache.flink.connector.base.source.reader.SourceReaderBase] [INFO] - Adding split(s) to reader: [MySqlSnapshotSplit{tableId=ods.student_info, splitId='ods.student_info:0', splitKeyType=[`id` INT NOT NULL], splitStart=null, splitEnd=null, highWatermark=null}]
2025-07-31 14:10:11,040 [Source Data Fetcher for Source: mysql -> Map -> Timestamps/Watermarks (1/3)#0] [org.apache.flink.connector.base.source.reader.fetcher.SplitFetcher] [INFO] - Starting split fetcher 0
2025-07-31 14:10:11,040 [Source Data Fetcher for Source: mysql -> Map -> Timestamps/Watermarks (3/3)#0] [org.apache.flink.connector.base.source.reader.fetcher.SplitFetcher] [INFO] - Starting split fetcher 0
2025-07-31 14:10:11,041 [Source Data Fetcher for Source: mysql -> Map -> Timestamps/Watermarks (2/3)#0] [org.apache.flink.connector.base.source.reader.fetcher.SplitFetcher] [INFO] - Starting split fetcher 0
2025-07-31 14:10:11,041 [Source Data Fetcher for Source: mysql -> Map -> Timestamps/Watermarks (3/3)#0] [com.ververica.cdc.connectors.mysql.source.reader.MySqlSplitReader] [INFO] - Handling split change SplitAddition:[[MySqlSnapshotSplit{tableId=dwd.school, splitId='dwd.school:0', splitKeyType=[`id` BIGINT NOT NULL], splitStart=null, splitEnd=null, highWatermark=null}]]
2025-07-31 14:10:11,041 [Source Data Fetcher for Source: mysql -> Map -> Timestamps/Watermarks (1/3)#0] [com.ververica.cdc.connectors.mysql.source.reader.MySqlSplitReader] [INFO] - Handling split change SplitAddition:[[MySqlSnapshotSplit{tableId=ods.student_info, splitId='ods.student_info:0', splitKeyType=[`id` INT NOT NULL], splitStart=null, splitEnd=null, highWatermark=null}]]
2025-07-31 14:10:11,041 [Source Data Fetcher for Source: mysql -> Map -> Timestamps/Watermarks (2/3)#0] [com.ververica.cdc.connectors.mysql.source.reader.MySqlSplitReader] [INFO] - Handling split change SplitAddition:[[MySqlSnapshotSplit{tableId=ods.student, splitId='ods.student:0', splitKeyType=[`id` INT NOT NULL], splitStart=null, splitEnd=null, highWatermark=null}]]
2025-07-31 14:10:11,044 [Source Data Fetcher for Source: mysql -> Map -> Timestamps/Watermarks (3/3)#0] [io.debezium.connector.mysql.MySqlConnection] [WARN] - Database configuration option 'serverTimezone' is set but is obsolete, please use 'connectionTimeZone' instead
2025-07-31 14:10:11,044 [Source Data Fetcher for Source: mysql -> Map -> Timestamps/Watermarks (2/3)#0] [io.debezium.connector.mysql.MySqlConnection] [WARN] - Database configuration option 'serverTimezone' is set but is obsolete, please use 'connectionTimeZone' instead
2025-07-31 14:10:11,044 [Source Data Fetcher for Source: mysql -> Map -> Timestamps/Watermarks (1/3)#0] [io.debezium.connector.mysql.MySqlConnection] [WARN] - Database configuration option 'serverTimezone' is set but is obsolete, please use 'connectionTimeZone' instead
2025-07-31 14:10:11,091 [Source Data Fetcher for Source: mysql -> Map -> Timestamps/Watermarks (3/3)#0] [com.ververica.cdc.connectors.mysql.debezium.task.context.StatefulTaskContext] [INFO] - Starting offset is initialized to {ts_sec=0, file=, pos=0, kind=EARLIEST, row=0, event=0}
2025-07-31 14:10:11,091 [Source Data Fetcher for Source: mysql -> Map -> Timestamps/Watermarks (1/3)#0] [com.ververica.cdc.connectors.mysql.debezium.task.context.StatefulTaskContext] [INFO] - Starting offset is initialized to {ts_sec=0, file=, pos=0, kind=EARLIEST, row=0, event=0}
2025-07-31 14:10:11,091 [Source Data Fetcher for Source: mysql -> Map -> Timestamps/Watermarks (2/3)#0] [com.ververica.cdc.connectors.mysql.debezium.task.context.StatefulTaskContext] [INFO] - Starting offset is initialized to {ts_sec=0, file=, pos=0, kind=EARLIEST, row=0, event=0}
2025-07-31 14:10:11,154 [debezium-reader-0] [com.ververica.cdc.connectors.mysql.debezium.task.MySqlSnapshotSplitReadTask] [INFO] - Snapshot step 1 - Determining low watermark {ts_sec=0, file=SKY-20220511GAR-bin.000143, pos=156, kind=SPECIFIC, gtids=, row=0, event=0} for split MySqlSnapshotSplit{tableId=ods.student_info, splitId='ods.student_info:0', splitKeyType=[`id` INT NOT NULL], splitStart=null, splitEnd=null, highWatermark=null}
2025-07-31 14:10:11,154 [debezium-reader-1] [com.ververica.cdc.connectors.mysql.debezium.task.MySqlSnapshotSplitReadTask] [INFO] - Snapshot step 1 - Determining low watermark {ts_sec=0, file=SKY-20220511GAR-bin.000143, pos=156, kind=SPECIFIC, gtids=, row=0, event=0} for split MySqlSnapshotSplit{tableId=ods.student, splitId='ods.student:0', splitKeyType=[`id` INT NOT NULL], splitStart=null, splitEnd=null, highWatermark=null}
2025-07-31 14:10:11,154 [debezium-reader-2] [com.ververica.cdc.connectors.mysql.debezium.task.MySqlSnapshotSplitReadTask] [INFO] - Snapshot step 1 - Determining low watermark {ts_sec=0, file=SKY-20220511GAR-bin.000143, pos=156, kind=SPECIFIC, gtids=, row=0, event=0} for split MySqlSnapshotSplit{tableId=dwd.school, splitId='dwd.school:0', splitKeyType=[`id` BIGINT NOT NULL], splitStart=null, splitEnd=null, highWatermark=null}
2025-07-31 14:10:11,157 [debezium-reader-0] [com.ververica.cdc.connectors.mysql.debezium.task.MySqlSnapshotSplitReadTask] [INFO] - Snapshot step 2 - Snapshotting data
2025-07-31 14:10:11,157 [debezium-reader-1] [com.ververica.cdc.connectors.mysql.debezium.task.MySqlSnapshotSplitReadTask] [INFO] - Snapshot step 2 - Snapshotting data
2025-07-31 14:10:11,158 [debezium-reader-2] [com.ververica.cdc.connectors.mysql.debezium.task.MySqlSnapshotSplitReadTask] [INFO] - Snapshot step 2 - Snapshotting data
2025-07-31 14:10:11,158 [debezium-reader-0] [com.ververica.cdc.connectors.mysql.debezium.task.MySqlSnapshotSplitReadTask] [INFO] - Exporting data from split 'ods.student_info:0' of table ods.student_info
2025-07-31 14:10:11,158 [debezium-reader-0] [com.ververica.cdc.connectors.mysql.debezium.task.MySqlSnapshotSplitReadTask] [INFO] - For split 'ods.student_info:0' of table ods.student_info using select statement: 'SELECT * FROM `ods`.`student_info`'
2025-07-31 14:10:11,158 [debezium-reader-1] [com.ververica.cdc.connectors.mysql.debezium.task.MySqlSnapshotSplitReadTask] [INFO] - Exporting data from split 'ods.student:0' of table ods.student
2025-07-31 14:10:11,158 [debezium-reader-1] [com.ververica.cdc.connectors.mysql.debezium.task.MySqlSnapshotSplitReadTask] [INFO] - For split 'ods.student:0' of table ods.student using select statement: 'SELECT * FROM `ods`.`student`'
2025-07-31 14:10:11,158 [debezium-reader-2] [com.ververica.cdc.connectors.mysql.debezium.task.MySqlSnapshotSplitReadTask] [INFO] - Exporting data from split 'dwd.school:0' of table dwd.school
2025-07-31 14:10:11,159 [debezium-reader-2] [com.ververica.cdc.connectors.mysql.debezium.task.MySqlSnapshotSplitReadTask] [INFO] - For split 'dwd.school:0' of table dwd.school using select statement: 'SELECT * FROM `dwd`.`school`'
2025-07-31 14:10:11,176 [debezium-reader-2] [com.ververica.cdc.connectors.mysql.debezium.task.MySqlSnapshotSplitReadTask] [INFO] - Finished exporting 3 records for split 'dwd.school:0', total duration '00:00:00.018'
2025-07-31 14:10:11,177 [debezium-reader-2] [com.ververica.cdc.connectors.mysql.debezium.task.MySqlSnapshotSplitReadTask] [INFO] - Snapshot step 3 - Determining high watermark {ts_sec=0, file=SKY-20220511GAR-bin.000143, pos=156, kind=SPECIFIC, gtids=, row=0, event=0} for split MySqlSnapshotSplit{tableId=dwd.school, splitId='dwd.school:0', splitKeyType=[`id` BIGINT NOT NULL], splitStart=null, splitEnd=null, highWatermark=null}
2025-07-31 14:10:11,177 [debezium-reader-0] [com.ververica.cdc.connectors.mysql.debezium.task.MySqlSnapshotSplitReadTask] [INFO] - Finished exporting 12 records for split 'ods.student_info:0', total duration '00:00:00.019'
2025-07-31 14:10:11,178 [debezium-reader-0] [com.ververica.cdc.connectors.mysql.debezium.task.MySqlSnapshotSplitReadTask] [INFO] - Snapshot step 3 - Determining high watermark {ts_sec=0, file=SKY-20220511GAR-bin.000143, pos=156, kind=SPECIFIC, gtids=, row=0, event=0} for split MySqlSnapshotSplit{tableId=ods.student_info, splitId='ods.student_info:0', splitKeyType=[`id` INT NOT NULL], splitStart=null, splitEnd=null, highWatermark=null}
2025-07-31 14:10:11,178 [debezium-reader-1] [com.ververica.cdc.connectors.mysql.debezium.task.MySqlSnapshotSplitReadTask] [INFO] - Finished exporting 15 records for split 'ods.student:0', total duration '00:00:00.02'
2025-07-31 14:10:11,179 [debezium-reader-1] [com.ververica.cdc.connectors.mysql.debezium.task.MySqlSnapshotSplitReadTask] [INFO] - Snapshot step 3 - Determining high watermark {ts_sec=0, file=SKY-20220511GAR-bin.000143, pos=156, kind=SPECIFIC, gtids=, row=0, event=0} for split MySqlSnapshotSplit{tableId=ods.student, splitId='ods.student:0', splitKeyType=[`id` INT NOT NULL], splitStart=null, splitEnd=null, highWatermark=null}
2025-07-31 14:10:11,661 [pool-13-thread-1] [io.debezium.jdbc.JdbcConnection] [INFO] - Connection gracefully closed
2025-07-31 14:10:11,661 [pool-12-thread-1] [io.debezium.jdbc.JdbcConnection] [INFO] - Connection gracefully closed
2025-07-31 14:10:11,661 [pool-11-thread-1] [io.debezium.jdbc.JdbcConnection] [INFO] - Connection gracefully closed
2025-07-31 14:10:11,663 [Source Data Fetcher for Source: mysql -> Map -> Timestamps/Watermarks (3/3)#0] [org.apache.flink.connector.base.source.reader.fetcher.SplitFetcher] [INFO] - Finished reading from splits [dwd.school:0]
2025-07-31 14:10:11,663 [Source Data Fetcher for Source: mysql -> Map -> Timestamps/Watermarks (2/3)#0] [org.apache.flink.connector.base.source.reader.fetcher.SplitFetcher] [INFO] - Finished reading from splits [ods.student:0]
2025-07-31 14:10:11,663 [Source Data Fetcher for Source: mysql -> Map -> Timestamps/Watermarks (1/3)#0] [org.apache.flink.connector.base.source.reader.fetcher.SplitFetcher] [INFO] - Finished reading from splits [ods.student_info:0]
2025-07-31 14:10:11,870 [Source: mysql -> Map -> Timestamps/Watermarks (2/3)#0] [org.apache.kafka.connect.json.JsonConverterConfig] [INFO] - JsonConverterConfig values: 
	converter.type = value
	decimal.format = BASE64
	schemas.cache.size = 1000
	schemas.enable = false

2025-07-31 14:10:11,870 [Source: mysql -> Map -> Timestamps/Watermarks (1/3)#0] [org.apache.kafka.connect.json.JsonConverterConfig] [INFO] - JsonConverterConfig values: 
	converter.type = value
	decimal.format = BASE64
	schemas.cache.size = 1000
	schemas.enable = false

2025-07-31 14:10:11,870 [Source: mysql -> Map -> Timestamps/Watermarks (3/3)#0] [org.apache.kafka.connect.json.JsonConverterConfig] [INFO] - JsonConverterConfig values: 
	converter.type = value
	decimal.format = BASE64
	schemas.cache.size = 1000
	schemas.enable = false

2025-07-31 14:10:11,878 [Source: mysql -> Map -> Timestamps/Watermarks (2/3)#0] [org.apache.flink.api.java.typeutils.runtime.kryo.KryoSerializer] [INFO] - Kryo serializer scala extensions are not available.
2025-07-31 14:10:11,878 [Source: mysql -> Map -> Timestamps/Watermarks (3/3)#0] [org.apache.flink.api.java.typeutils.runtime.kryo.KryoSerializer] [INFO] - Kryo serializer scala extensions are not available.
2025-07-31 14:10:11,878 [Source: mysql -> Map -> Timestamps/Watermarks (1/3)#0] [org.apache.flink.api.java.typeutils.runtime.kryo.KryoSerializer] [INFO] - Kryo serializer scala extensions are not available.
2025-07-31 14:10:11,882 [Source: mysql -> Map -> Timestamps/Watermarks (2/3)#0] [org.apache.flink.api.java.typeutils.runtime.kryo.KryoSerializer] [INFO] - Kryo serializer scala extensions are not available.
2025-07-31 14:10:11,882 [Source: mysql -> Map -> Timestamps/Watermarks (3/3)#0] [org.apache.flink.api.java.typeutils.runtime.kryo.KryoSerializer] [INFO] - Kryo serializer scala extensions are not available.
2025-07-31 14:10:11,882 [Source: mysql -> Map -> Timestamps/Watermarks (1/3)#0] [org.apache.flink.api.java.typeutils.runtime.kryo.KryoSerializer] [INFO] - Kryo serializer scala extensions are not available.
2025-07-31 14:10:11,883 [Source: mysql -> Map -> Timestamps/Watermarks (3/3)#0] [org.apache.flink.connector.base.source.reader.SourceReaderBase] [INFO] - Finished reading split(s) [dwd.school:0]
2025-07-31 14:10:11,885 [Source: mysql -> Map -> Timestamps/Watermarks (1/3)#0] [org.apache.flink.connector.base.source.reader.SourceReaderBase] [INFO] - Finished reading split(s) [ods.student_info:0]
2025-07-31 14:10:11,886 [Source: mysql -> Map -> Timestamps/Watermarks (1/3)#0] [org.apache.flink.connector.base.source.reader.fetcher.SplitFetcherManager] [INFO] - Closing splitFetcher 0 because it is idle.
2025-07-31 14:10:11,886 [Source: mysql -> Map -> Timestamps/Watermarks (1/3)#0] [org.apache.flink.connector.base.source.reader.fetcher.SplitFetcher] [INFO] - Shutting down split fetcher 0
2025-07-31 14:10:11,886 [Source: mysql -> Map -> Timestamps/Watermarks (3/3)#0] [org.apache.flink.connector.base.source.reader.fetcher.SplitFetcherManager] [INFO] - Closing splitFetcher 0 because it is idle.
2025-07-31 14:10:11,886 [Source: mysql -> Map -> Timestamps/Watermarks (3/3)#0] [org.apache.flink.connector.base.source.reader.fetcher.SplitFetcher] [INFO] - Shutting down split fetcher 0
2025-07-31 14:10:11,886 [Source Data Fetcher for Source: mysql -> Map -> Timestamps/Watermarks (1/3)#0] [org.apache.flink.connector.base.source.reader.fetcher.SplitFetcher] [INFO] - Split fetcher 0 exited.
2025-07-31 14:10:11,886 [Source Data Fetcher for Source: mysql -> Map -> Timestamps/Watermarks (3/3)#0] [org.apache.flink.connector.base.source.reader.fetcher.SplitFetcher] [INFO] - Split fetcher 0 exited.
2025-07-31 14:10:11,886 [SourceCoordinator-Source: mysql] [com.ververica.cdc.connectors.mysql.source.enumerator.MySqlSourceEnumerator] [INFO] - The enumerator under INITIAL_ASSIGNING receives finished split offsets FinishedSnapshotSplitsReportEvent{finishedOffsets={ods.student_info:0={ts_sec=0, file=SKY-20220511GAR-bin.000143, pos=156, kind=SPECIFIC, gtids=, row=0, event=0}}} from subtask 0.
2025-07-31 14:10:11,887 [Source: mysql -> Map -> Timestamps/Watermarks (2/3)#0] [org.apache.flink.connector.base.source.reader.SourceReaderBase] [INFO] - Finished reading split(s) [ods.student:0]
2025-07-31 14:10:11,887 [Source: mysql -> Map -> Timestamps/Watermarks (2/3)#0] [org.apache.flink.connector.base.source.reader.fetcher.SplitFetcherManager] [INFO] - Closing splitFetcher 0 because it is idle.
2025-07-31 14:10:11,888 [Source: mysql -> Map -> Timestamps/Watermarks (2/3)#0] [org.apache.flink.connector.base.source.reader.fetcher.SplitFetcher] [INFO] - Shutting down split fetcher 0
2025-07-31 14:10:11,888 [SourceCoordinator-Source: mysql] [com.ververica.cdc.connectors.mysql.source.enumerator.MySqlSourceEnumerator] [INFO] - The enumerator under INITIAL_ASSIGNING receives finished split offsets FinishedSnapshotSplitsReportEvent{finishedOffsets={dwd.school:0={ts_sec=0, file=SKY-20220511GAR-bin.000143, pos=156, kind=SPECIFIC, gtids=, row=0, event=0}}} from subtask 2.
2025-07-31 14:10:11,888 [Source Data Fetcher for Source: mysql -> Map -> Timestamps/Watermarks (2/3)#0] [org.apache.flink.connector.base.source.reader.fetcher.SplitFetcher] [INFO] - Split fetcher 0 exited.
2025-07-31 14:10:11,888 [SourceCoordinator-Source: mysql] [org.apache.flink.runtime.source.coordinator.SourceCoordinator] [INFO] - Source Source: mysql received split request from parallel task 2
2025-07-31 14:10:11,888 [SourceCoordinator-Source: mysql] [org.apache.flink.runtime.source.coordinator.SourceCoordinator] [INFO] - Source Source: mysql received split request from parallel task 0
2025-07-31 14:10:11,888 [TumblingProcessingTimeWindows (2/3)#0] [org.apache.flink.api.java.typeutils.runtime.kryo.KryoSerializer] [INFO] - Kryo serializer scala extensions are not available.
2025-07-31 14:10:11,888 [SourceCoordinator-Source: mysql] [com.ververica.cdc.connectors.mysql.source.enumerator.MySqlSourceEnumerator] [INFO] - The enumerator under INITIAL_ASSIGNING receives finished split offsets FinishedSnapshotSplitsReportEvent{finishedOffsets={ods.student:0={ts_sec=0, file=SKY-20220511GAR-bin.000143, pos=156, kind=SPECIFIC, gtids=, row=0, event=0}}} from subtask 1.
2025-07-31 14:10:11,888 [SourceCoordinator-Source: mysql] [com.ververica.cdc.connectors.mysql.source.assigners.MySqlSnapshotSplitAssigner] [INFO] - Snapshot split assigner received all splits finished, waiting for a complete checkpoint to mark the assigner finished.
2025-07-31 14:10:11,888 [SourceCoordinator-Source: mysql] [org.apache.flink.runtime.source.coordinator.SourceCoordinator] [INFO] - Source Source: mysql received split request from parallel task 1
2025-07-31 14:10:11,888 [TumblingProcessingTimeWindows (3/3)#0] [org.apache.flink.api.java.typeutils.runtime.kryo.KryoSerializer] [INFO] - Kryo serializer scala extensions are not available.
2025-07-31 14:10:12,003 [TumblingProcessingTimeWindows (3/3)#0] [org.apache.flink.api.java.typeutils.runtime.kryo.KryoSerializer] [INFO] - Kryo serializer scala extensions are not available.
2025-07-31 14:10:12,003 [TumblingProcessingTimeWindows (2/3)#0] [org.apache.flink.api.java.typeutils.runtime.kryo.KryoSerializer] [INFO] - Kryo serializer scala extensions are not available.
2025-07-31 14:10:12,090 [Co-Process-Broadcast -> (Sink: Unnamed, Sink: Print to Std. Out) (3/3)#0] [org.apache.flink.api.java.typeutils.runtime.kryo.KryoSerializer] [INFO] - Kryo serializer scala extensions are not available.
2025-07-31 14:10:12,090 [Co-Process-Broadcast -> (Sink: Unnamed, Sink: Print to Std. Out) (2/3)#0] [org.apache.flink.api.java.typeutils.runtime.kryo.KryoSerializer] [INFO] - Kryo serializer scala extensions are not available.
2025-07-31 14:10:12,091 [Co-Process-Broadcast -> (Sink: Unnamed, Sink: Print to Std. Out) (3/3)#0] [org.apache.flink.api.java.typeutils.runtime.kryo.KryoSerializer] [INFO] - Kryo serializer scala extensions are not available.
2025-07-31 14:10:12,092 [Co-Process-Broadcast -> (Sink: Unnamed, Sink: Print to Std. Out) (2/3)#0] [org.apache.flink.api.java.typeutils.runtime.kryo.KryoSerializer] [INFO] - Kryo serializer scala extensions are not available.
2025-07-31 14:10:12,092 [Co-Process-Broadcast -> (Sink: Unnamed, Sink: Print to Std. Out) (3/3)#0] [org.example.app.DimAppTest] [INFO] - 数据写入语句 执行sql INSERT INTO dwd.school_sink ( name, id) VALUE ('北京大学', '1') ON DUPLICATE KEY UPDATE name = VALUES(name), id = VALUES(id);
2025-07-31 14:10:12,092 [Co-Process-Broadcast -> (Sink: Unnamed, Sink: Print to Std. Out) (2/3)#0] [org.example.app.DimAppTest] [INFO] - 数据写入语句 执行sql INSERT INTO ods.student_sink ( score, name, id, age) VALUE ('88', '伽罗', '1', '17') ON DUPLICATE KEY UPDATE score = VALUES(score), name = VALUES(name), id = VALUES(id), age = VALUES(age);
2025-07-31 14:10:12,097 [Co-Process-Broadcast -> (Sink: Unnamed, Sink: Print to Std. Out) (2/3)#0] [org.example.app.DimAppTest] [INFO] - 数据写入语句 执行sql INSERT INTO ods.student_sink ( score, name, id, age) VALUE ('80', '后羿', '2', '13') ON DUPLICATE KEY UPDATE score = VALUES(score), name = VALUES(name), id = VALUES(id), age = VALUES(age);
2025-07-31 14:10:12,098 [Co-Process-Broadcast -> (Sink: Unnamed, Sink: Print to Std. Out) (2/3)#0] [org.example.app.DimAppTest] [INFO] - 数据写入语句 执行sql INSERT INTO ods.student_sink ( score, name, id, age) VALUE ('100', '诸葛亮', '3', '12') ON DUPLICATE KEY UPDATE score = VALUES(score), name = VALUES(name), id = VALUES(id), age = VALUES(age);
2025-07-31 14:10:12,100 [Co-Process-Broadcast -> (Sink: Unnamed, Sink: Print to Std. Out) (2/3)#0] [org.example.app.DimAppTest] [INFO] - 数据写入语句 执行sql INSERT INTO ods.student_sink ( score, name, id, age) VALUE ('61', '刘备', '4', '16') ON DUPLICATE KEY UPDATE score = VALUES(score), name = VALUES(name), id = VALUES(id), age = VALUES(age);
2025-07-31 14:10:12,101 [Co-Process-Broadcast -> (Sink: Unnamed, Sink: Print to Std. Out) (2/3)#0] [org.example.app.DimAppTest] [INFO] - 数据写入语句 执行sql INSERT INTO ods.student_sink ( score, name, id, age) VALUE ('90', '孙尚香', '5', '17') ON DUPLICATE KEY UPDATE score = VALUES(score), name = VALUES(name), id = VALUES(id), age = VALUES(age);
2025-07-31 14:10:12,102 [Co-Process-Broadcast -> (Sink: Unnamed, Sink: Print to Std. Out) (3/3)#0] [org.example.app.DimAppTest] [INFO] - 数据写入语句 执行sql INSERT INTO dwd.school_sink ( name, id) VALUE ('浙江大学', '3') ON DUPLICATE KEY UPDATE name = VALUES(name), id = VALUES(id);
2025-07-31 14:10:12,102 [Co-Process-Broadcast -> (Sink: Unnamed, Sink: Print to Std. Out) (2/3)#0] [org.example.app.DimAppTest] [INFO] - 数据写入语句 执行sql INSERT INTO ods.student_sink ( score, name, id, age) VALUE ('100', '小乔', '10', '20') ON DUPLICATE KEY UPDATE score = VALUES(score), name = VALUES(name), id = VALUES(id), age = VALUES(age);
2025-07-31 14:10:12,103 [Co-Process-Broadcast -> (Sink: Unnamed, Sink: Print to Std. Out) (3/3)#0] [org.example.app.DimAppTest] [INFO] - 数据写入语句 执行sql INSERT INTO dwd.school_sink ( name, id) VALUE ('清华大学', '2') ON DUPLICATE KEY UPDATE name = VALUES(name), id = VALUES(id);
2025-07-31 14:10:12,104 [Co-Process-Broadcast -> (Sink: Unnamed, Sink: Print to Std. Out) (2/3)#0] [org.example.app.DimAppTest] [INFO] - 数据写入语句 执行sql INSERT INTO ods.student_sink ( score, name, id, age) VALUE ('100', '花木兰', '6', '20') ON DUPLICATE KEY UPDATE score = VALUES(score), name = VALUES(name), id = VALUES(id), age = VALUES(age);
2025-07-31 14:10:12,105 [Co-Process-Broadcast -> (Sink: Unnamed, Sink: Print to Std. Out) (2/3)#0] [org.example.app.DimAppTest] [INFO] - 数据写入语句 执行sql INSERT INTO ods.student_sink ( score, name, id, age) VALUE ('98', '上官婉儿', '7', '19') ON DUPLICATE KEY UPDATE score = VALUES(score), name = VALUES(name), id = VALUES(id), age = VALUES(age);
2025-07-31 14:10:12,107 [Co-Process-Broadcast -> (Sink: Unnamed, Sink: Print to Std. Out) (2/3)#0] [org.example.app.DimAppTest] [INFO] - 数据写入语句 执行sql INSERT INTO ods.student_sink ( score, name, id, age) VALUE ('80', '猪八戒', '8', '500') ON DUPLICATE KEY UPDATE score = VALUES(score), name = VALUES(name), id = VALUES(id), age = VALUES(age);
2025-07-31 14:10:12,108 [Co-Process-Broadcast -> (Sink: Unnamed, Sink: Print to Std. Out) (2/3)#0] [org.example.app.DimAppTest] [INFO] - 数据写入语句 执行sql INSERT INTO ods.student_sink ( score, name, id, age) VALUE ('80', '孙悟空', '9', '50') ON DUPLICATE KEY UPDATE score = VALUES(score), name = VALUES(name), id = VALUES(id), age = VALUES(age);
2025-07-31 14:10:12,109 [Co-Process-Broadcast -> (Sink: Unnamed, Sink: Print to Std. Out) (2/3)#0] [org.example.app.DimAppTest] [INFO] - 数据写入语句 执行sql INSERT INTO ods.student_sink ( score, name, id, age) VALUE ('88', '妲己', '14', '16') ON DUPLICATE KEY UPDATE score = VALUES(score), name = VALUES(name), id = VALUES(id), age = VALUES(age);
2025-07-31 14:10:12,110 [Co-Process-Broadcast -> (Sink: Unnamed, Sink: Print to Std. Out) (2/3)#0] [org.example.app.DimAppTest] [INFO] - 数据写入语句 执行sql INSERT INTO ods.student_sink ( score, name, id, age) VALUE ('90', '李白', '15', '60') ON DUPLICATE KEY UPDATE score = VALUES(score), name = VALUES(name), id = VALUES(id), age = VALUES(age);
2025-07-31 14:10:12,112 [Co-Process-Broadcast -> (Sink: Unnamed, Sink: Print to Std. Out) (2/3)#0] [org.example.app.DimAppTest] [INFO] - 数据写入语句 执行sql INSERT INTO ods.student_sink ( score, name, id, age) VALUE ('60', '大乔', '11', '18') ON DUPLICATE KEY UPDATE score = VALUES(score), name = VALUES(name), id = VALUES(id), age = VALUES(age);
2025-07-31 14:10:12,113 [Co-Process-Broadcast -> (Sink: Unnamed, Sink: Print to Std. Out) (2/3)#0] [org.example.app.DimAppTest] [INFO] - 数据写入语句 执行sql INSERT INTO ods.student_sink ( score, name, id, age) VALUE ('99', '咪咪', '12', '100') ON DUPLICATE KEY UPDATE score = VALUES(score), name = VALUES(name), id = VALUES(id), age = VALUES(age);
2025-07-31 14:10:12,115 [Co-Process-Broadcast -> (Sink: Unnamed, Sink: Print to Std. Out) (2/3)#0] [org.example.app.DimAppTest] [INFO] - 数据写入语句 执行sql INSERT INTO ods.student_sink ( score, name, id, age) VALUE ('100', '干将莫邪', '13', '79') ON DUPLICATE KEY UPDATE score = VALUES(score), name = VALUES(name), id = VALUES(id), age = VALUES(age);
2025-07-31 14:10:12,116 [Co-Process-Broadcast -> (Sink: Unnamed, Sink: Print to Std. Out) (2/3)#0] [org.example.app.DimAppTest] [INFO] - 数据写入语句 执行sql INSERT INTO ods.student_info_sink ( name, id) VALUE ('张三', '1') ON DUPLICATE KEY UPDATE name = VALUES(name), id = VALUES(id);
2025-07-31 14:10:12,123 [Co-Process-Broadcast -> (Sink: Unnamed, Sink: Print to Std. Out) (2/3)#0] [org.example.app.DimAppTest] [INFO] - 数据写入语句 执行sql INSERT INTO ods.student_info_sink ( name, id) VALUE ('李四', '2') ON DUPLICATE KEY UPDATE name = VALUES(name), id = VALUES(id);
2025-07-31 14:10:12,124 [Co-Process-Broadcast -> (Sink: Unnamed, Sink: Print to Std. Out) (2/3)#0] [org.example.app.DimAppTest] [INFO] - 数据写入语句 执行sql INSERT INTO ods.student_info_sink ( name, id) VALUE ('琪琪', '4') ON DUPLICATE KEY UPDATE name = VALUES(name), id = VALUES(id);
2025-07-31 14:10:12,125 [Co-Process-Broadcast -> (Sink: Unnamed, Sink: Print to Std. Out) (2/3)#0] [org.example.app.DimAppTest] [INFO] - 数据写入语句 执行sql INSERT INTO ods.student_info_sink ( name, id) VALUE ('王五', '3') ON DUPLICATE KEY UPDATE name = VALUES(name), id = VALUES(id);
2025-07-31 14:10:12,126 [Co-Process-Broadcast -> (Sink: Unnamed, Sink: Print to Std. Out) (2/3)#0] [org.example.app.DimAppTest] [INFO] - 数据写入语句 执行sql INSERT INTO ods.student_info_sink ( name, id) VALUE ('胜盛', '5') ON DUPLICATE KEY UPDATE name = VALUES(name), id = VALUES(id);
2025-07-31 14:10:12,127 [Co-Process-Broadcast -> (Sink: Unnamed, Sink: Print to Std. Out) (2/3)#0] [org.example.app.DimAppTest] [INFO] - 数据写入语句 执行sql INSERT INTO ods.student_info_sink ( name, id) VALUE ('apple', '12') ON DUPLICATE KEY UPDATE name = VALUES(name), id = VALUES(id);
2025-07-31 14:10:12,128 [Co-Process-Broadcast -> (Sink: Unnamed, Sink: Print to Std. Out) (2/3)#0] [org.example.app.DimAppTest] [INFO] - 数据写入语句 执行sql INSERT INTO ods.student_info_sink ( name, id) VALUE ('莲藕片', '11') ON DUPLICATE KEY UPDATE name = VALUES(name), id = VALUES(id);
2025-07-31 14:10:12,129 [Co-Process-Broadcast -> (Sink: Unnamed, Sink: Print to Std. Out) (2/3)#0] [org.example.app.DimAppTest] [INFO] - 数据写入语句 执行sql INSERT INTO ods.student_info_sink ( name, id) VALUE ('计划', '8') ON DUPLICATE KEY UPDATE name = VALUES(name), id = VALUES(id);
2025-07-31 14:10:12,130 [Co-Process-Broadcast -> (Sink: Unnamed, Sink: Print to Std. Out) (2/3)#0] [org.example.app.DimAppTest] [INFO] - 数据写入语句 执行sql INSERT INTO ods.student_info_sink ( name, id) VALUE ('平萍', '7') ON DUPLICATE KEY UPDATE name = VALUES(name), id = VALUES(id);
2025-07-31 14:10:12,131 [Co-Process-Broadcast -> (Sink: Unnamed, Sink: Print to Std. Out) (2/3)#0] [org.example.app.DimAppTest] [INFO] - 数据写入语句 执行sql INSERT INTO ods.student_info_sink ( name, id) VALUE ('欧尼', '10') ON DUPLICATE KEY UPDATE name = VALUES(name), id = VALUES(id);
2025-07-31 14:10:12,132 [Co-Process-Broadcast -> (Sink: Unnamed, Sink: Print to Std. Out) (2/3)#0] [org.example.app.DimAppTest] [INFO] - 数据写入语句 执行sql INSERT INTO ods.student_info_sink ( name, id) VALUE ('欧赔', '9') ON DUPLICATE KEY UPDATE name = VALUES(name), id = VALUES(id);
2025-07-31 14:10:12,133 [Co-Process-Broadcast -> (Sink: Unnamed, Sink: Print to Std. Out) (2/3)#0] [org.example.app.DimAppTest] [INFO] - 数据写入语句 执行sql INSERT INTO ods.student_info_sink ( name, id) VALUE ('鹅鹅', '6') ON DUPLICATE KEY UPDATE name = VALUES(name), id = VALUES(id);
2025-07-31 14:10:13,480 [Checkpoint Timer] [org.apache.flink.runtime.checkpoint.CheckpointCoordinator] [INFO] - Triggering checkpoint 1 (type=CheckpointType{name='Checkpoint', sharingFilesStrategy=FORWARD_BACKWARD}) @ 1753942213471 for job d9c923f3732f8f24a0867130737e9bd1.
2025-07-31 14:10:13,527 [Co-Process-Broadcast -> (Sink: Unnamed, Sink: Print to Std. Out) (3/3)#0] [org.apache.flink.api.java.typeutils.runtime.kryo.KryoSerializer] [INFO] - Kryo serializer scala extensions are not available.
2025-07-31 14:10:13,529 [Co-Process-Broadcast -> (Sink: Unnamed, Sink: Print to Std. Out) (1/3)#0] [org.apache.flink.api.java.typeutils.runtime.kryo.KryoSerializer] [INFO] - Kryo serializer scala extensions are not available.
2025-07-31 14:10:13,531 [Co-Process-Broadcast -> (Sink: Unnamed, Sink: Print to Std. Out) (2/3)#0] [org.apache.flink.api.java.typeutils.runtime.kryo.KryoSerializer] [INFO] - Kryo serializer scala extensions are not available.
2025-07-31 14:10:13,560 [AsyncOperations-thread-1] [org.apache.flink.api.java.typeutils.runtime.kryo.KryoSerializer] [INFO] - Kryo serializer scala extensions are not available.
2025-07-31 14:10:13,562 [AsyncOperations-thread-1] [org.apache.flink.api.java.typeutils.runtime.kryo.KryoSerializer] [INFO] - Kryo serializer scala extensions are not available.
2025-07-31 14:10:13,563 [AsyncOperations-thread-1] [org.apache.flink.api.java.typeutils.runtime.kryo.KryoSerializer] [INFO] - Kryo serializer scala extensions are not available.
2025-07-31 14:10:13,624 [jobmanager-io-thread-7] [org.apache.flink.runtime.checkpoint.CheckpointCoordinator] [INFO] - Completed checkpoint 1 for job d9c923f3732f8f24a0867130737e9bd1 (16064 bytes, checkpointDuration=148 ms, finalizationTime=5 ms).
2025-07-31 14:10:13,627 [SourceCoordinator-Source: mysql] [org.apache.flink.runtime.source.coordinator.SourceCoordinator] [INFO] - Marking checkpoint 1 as completed for source Source: mysql.
2025-07-31 14:10:13,627 [SourceCoordinator-Source: File Source] [org.apache.flink.runtime.source.coordinator.SourceCoordinator] [INFO] - Marking checkpoint 1 as completed for source Source: File Source.
2025-07-31 14:10:13,627 [SourceCoordinator-Source: mysql] [com.ververica.cdc.connectors.mysql.source.assigners.AssignerStatus] [INFO] - Assigner status changes from INITIAL_ASSIGNING to INITIAL_ASSIGNING_FINISHED
2025-07-31 14:10:13,627 [SourceCoordinator-Source: mysql] [com.ververica.cdc.connectors.mysql.source.assigners.MySqlSnapshotSplitAssigner] [INFO] - Snapshot split assigner is turn into finished status.
2025-07-31 14:10:13,630 [SourceCoordinator-Source: mysql] [com.ververica.cdc.connectors.mysql.source.enumerator.MySqlSourceEnumerator] [INFO] - The enumerator assigns split MySqlBinlogSplit{splitId='binlog-split', offset={ts_sec=0, file=SKY-20220511GAR-bin.000143, pos=156, kind=SPECIFIC, gtids=, row=0, event=0}, endOffset={ts_sec=0, file=, pos=-9223372036854775808, kind=NON_STOPPING, row=0, event=0}, isSuspended=false} to subtask 0
2025-07-31 14:10:13,667 [Source: mysql -> Map -> Timestamps/Watermarks (1/3)#0] [com.ververica.cdc.connectors.mysql.source.reader.MySqlSourceReader] [INFO] - Source reader 0 adds split MySqlBinlogSplit{splitId='binlog-split', offset={ts_sec=0, file=SKY-20220511GAR-bin.000143, pos=156, kind=SPECIFIC, gtids=, row=0, event=0}, endOffset={ts_sec=0, file=, pos=-9223372036854775808, kind=NON_STOPPING, row=0, event=0}, isSuspended=false}
2025-07-31 14:10:13,668 [Source: mysql -> Map -> Timestamps/Watermarks (1/3)#0] [io.debezium.connector.mysql.MySqlConnection] [WARN] - Database configuration option 'serverTimezone' is set but is obsolete, please use 'connectionTimeZone' instead
2025-07-31 14:10:13,668 [Source: mysql -> Map -> Timestamps/Watermarks (1/3)#0] [com.ververica.cdc.connectors.mysql.source.utils.TableDiscoveryUtils] [INFO] - Read list of available databases
2025-07-31 14:10:13,673 [Source: mysql -> Map -> Timestamps/Watermarks (1/3)#0] [com.ververica.cdc.connectors.mysql.source.utils.TableDiscoveryUtils] [INFO] - 	 list of available databases is: [dwd, ods]
2025-07-31 14:10:13,673 [Source: mysql -> Map -> Timestamps/Watermarks (1/3)#0] [com.ververica.cdc.connectors.mysql.source.utils.TableDiscoveryUtils] [INFO] - Read list of available tables in each database
2025-07-31 14:10:13,675 [Source: mysql -> Map -> Timestamps/Watermarks (1/3)#0] [com.ververica.cdc.connectors.mysql.source.utils.TableDiscoveryUtils] [INFO] - 	 including table 'dwd.school' for further processing
2025-07-31 14:10:13,675 [Source: mysql -> Map -> Timestamps/Watermarks (1/3)#0] [com.ververica.cdc.connectors.mysql.source.utils.TableDiscoveryUtils] [INFO] - 	 'dwd.school_sink' is filtered out of table capturing
2025-07-31 14:10:13,677 [Source: mysql -> Map -> Timestamps/Watermarks (1/3)#0] [com.ververica.cdc.connectors.mysql.source.utils.TableDiscoveryUtils] [INFO] - 	 including table 'ods.student' for further processing
2025-07-31 14:10:13,677 [Source: mysql -> Map -> Timestamps/Watermarks (1/3)#0] [com.ververica.cdc.connectors.mysql.source.utils.TableDiscoveryUtils] [INFO] - 	 including table 'ods.student_info' for further processing
2025-07-31 14:10:13,677 [Source: mysql -> Map -> Timestamps/Watermarks (1/3)#0] [com.ververica.cdc.connectors.mysql.source.utils.TableDiscoveryUtils] [INFO] - 	 'ods.student_info_sink' is filtered out of table capturing
2025-07-31 14:10:13,677 [Source: mysql -> Map -> Timestamps/Watermarks (1/3)#0] [com.ververica.cdc.connectors.mysql.source.utils.TableDiscoveryUtils] [INFO] - 	 'ods.student_sink' is filtered out of table capturing
2025-07-31 14:10:13,701 [Source: mysql -> Map -> Timestamps/Watermarks (1/3)#0] [com.ververica.cdc.connectors.mysql.source.reader.MySqlSourceReader] [INFO] - Source reader 0 discovers table schema for binlog split binlog-split success
2025-07-31 14:10:13,703 [pool-14-thread-1] [io.debezium.jdbc.JdbcConnection] [INFO] - Connection gracefully closed
2025-07-31 14:10:13,703 [Source: mysql -> Map -> Timestamps/Watermarks (1/3)#0] [com.ververica.cdc.connectors.mysql.source.reader.MySqlSourceReader] [INFO] - Source reader 0 received the binlog split : MySqlBinlogSplit{splitId='binlog-split', offset={ts_sec=0, file=SKY-20220511GAR-bin.000143, pos=156, kind=SPECIFIC, gtids=, row=0, event=0}, endOffset={ts_sec=0, file=, pos=-9223372036854775808, kind=NON_STOPPING, row=0, event=0}, isSuspended=false}.
2025-07-31 14:10:13,704 [Source: mysql -> Map -> Timestamps/Watermarks (1/3)#0] [org.apache.flink.connector.base.source.reader.SourceReaderBase] [INFO] - Adding split(s) to reader: [MySqlBinlogSplit{splitId='binlog-split', offset={ts_sec=0, file=SKY-20220511GAR-bin.000143, pos=156, kind=SPECIFIC, gtids=, row=0, event=0}, endOffset={ts_sec=0, file=, pos=-9223372036854775808, kind=NON_STOPPING, row=0, event=0}, isSuspended=false}]
2025-07-31 14:10:13,704 [Source Data Fetcher for Source: mysql -> Map -> Timestamps/Watermarks (1/3)#0] [org.apache.flink.connector.base.source.reader.fetcher.SplitFetcher] [INFO] - Starting split fetcher 1
2025-07-31 14:10:13,705 [Source Data Fetcher for Source: mysql -> Map -> Timestamps/Watermarks (1/3)#0] [com.ververica.cdc.connectors.mysql.source.reader.MySqlSplitReader] [INFO] - Handling split change SplitAddition:[[MySqlBinlogSplit{splitId='binlog-split', offset={ts_sec=0, file=SKY-20220511GAR-bin.000143, pos=156, kind=SPECIFIC, gtids=, row=0, event=0}, endOffset={ts_sec=0, file=, pos=-9223372036854775808, kind=NON_STOPPING, row=0, event=0}, isSuspended=false}]]
2025-07-31 14:10:13,706 [SourceCoordinator-Source: mysql] [com.ververica.cdc.connectors.mysql.source.enumerator.MySqlSourceEnumerator] [INFO] - The enumerator receives notice from subtask 0 for the binlog split assignment. 
2025-07-31 14:10:13,706 [Source Data Fetcher for Source: mysql -> Map -> Timestamps/Watermarks (1/3)#0] [io.debezium.connector.mysql.MySqlConnection] [WARN] - Database configuration option 'serverTimezone' is set but is obsolete, please use 'connectionTimeZone' instead
2025-07-31 14:10:13,716 [Source Data Fetcher for Source: mysql -> Map -> Timestamps/Watermarks (1/3)#0] [com.ververica.cdc.connectors.mysql.debezium.task.context.StatefulTaskContext] [INFO] - Starting offset is initialized to {ts_sec=0, file=SKY-20220511GAR-bin.000143, pos=156, kind=SPECIFIC, gtids=, row=0, event=0}
2025-07-31 14:10:13,717 [Source Data Fetcher for Source: mysql -> Map -> Timestamps/Watermarks (1/3)#0] [io.debezium.connector.mysql.MySqlConnection] [INFO] - Get all known binlogs from MySQL
2025-07-31 14:10:13,746 [Source Data Fetcher for Source: mysql -> Map -> Timestamps/Watermarks (1/3)#0] [com.ververica.cdc.connectors.mysql.debezium.task.context.StatefulTaskContext] [INFO] - MySQL has the binlog file 'SKY-20220511GAR-bin.000143' required by the connector
2025-07-31 14:10:13,754 [Source Data Fetcher for Source: mysql -> Map -> Timestamps/Watermarks (1/3)#0] [io.debezium.util.Threads] [INFO] - Requested thread factory for connector MySqlConnector, id = mysql_binlog_source named = binlog-client
2025-07-31 14:10:13,767 [binlog-reader-0] [io.debezium.connector.mysql.MySqlStreamingChangeEventSource] [INFO] - Skip 0 events on streaming start
2025-07-31 14:10:13,768 [binlog-reader-0] [io.debezium.connector.mysql.MySqlStreamingChangeEventSource] [INFO] - Skip 0 rows on streaming start
2025-07-31 14:10:13,768 [binlog-reader-0] [io.debezium.util.Threads] [INFO] - Creating thread debezium-mysqlconnector-mysql_binlog_source-binlog-client
2025-07-31 14:10:13,774 [blc-localhost:3306] [io.debezium.util.Threads] [INFO] - Creating thread debezium-mysqlconnector-mysql_binlog_source-binlog-client
2025-07-31 14:10:13,792 [blc-localhost:3306] [io.debezium.connector.mysql.MySqlStreamingChangeEventSource] [INFO] - Connected to MySQL binlog at localhost:3306, starting at MySqlOffsetContext [sourceInfoSchema=Schema{io.debezium.connector.mysql.Source:STRUCT}, sourceInfo=SourceInfo [currentGtid=null, currentBinlogFilename=SKY-20220511GAR-bin.000143, currentBinlogPosition=156, currentRowNumber=0, serverId=0, sourceTime=null, threadId=-1, currentQuery=null, tableIds=[], databaseName=null], snapshotCompleted=false, transactionContext=TransactionContext [currentTransactionId=null, perTableEventCount={}, totalEventCount=0], restartGtidSet=null, currentGtidSet=null, restartBinlogFilename=SKY-20220511GAR-bin.000143, restartBinlogPosition=156, restartRowsToSkip=0, restartEventsToSkip=0, currentEventLengthInBytes=0, inTransaction=false, transactionId=null, incrementalSnapshotContext =IncrementalSnapshotContext [windowOpened=false, chunkEndPosition=null, dataCollectionsToSnapshot=[], lastEventKeySent=null, maximumKey=null]]
2025-07-31 14:10:13,792 [binlog-reader-0] [io.debezium.connector.mysql.MySqlStreamingChangeEventSource] [INFO] - Waiting for keepalive thread to start
2025-07-31 14:10:13,793 [blc-localhost:3306] [io.debezium.util.Threads] [INFO] - Creating thread debezium-mysqlconnector-mysql_binlog_source-binlog-client
2025-07-31 14:10:13,895 [binlog-reader-0] [io.debezium.connector.mysql.MySqlStreamingChangeEventSource] [INFO] - Keepalive thread is running
2025-07-31 14:10:21,050 [Co-Process-Broadcast -> (Sink: Unnamed, Sink: Print to Std. Out) (2/3)#0] [org.example.app.DimAppTest] [INFO] - 数据更新语句 执行sql UPDATE ods.student_sink  SET score='89', name='李白', id='15', age='60' WHERE id=15
2025-07-31 14:10:42,084 [Co-Process-Broadcast -> (Sink: Unnamed, Sink: Print to Std. Out) (2/3)#0] [org.example.app.DimAppTest] [INFO] - 数据写入语句 执行sql INSERT INTO ods.student_sink ( score, name, id, age) VALUE ('756', '797', '16', '456') ON DUPLICATE KEY UPDATE score = VALUES(score), name = VALUES(name), id = VALUES(id), age = VALUES(age);
2025-07-31 14:11:03,024 [Co-Process-Broadcast -> (Sink: Unnamed, Sink: Print to Std. Out) (2/3)#0] [org.example.app.DimAppTest] [INFO] - 数据更新语句 执行sql UPDATE ods.student_sink  SET score='963', name='797', id='16', age='456' WHERE id=16
2025-07-31 14:11:13,470 [Checkpoint Timer] [org.apache.flink.runtime.checkpoint.CheckpointCoordinator] [INFO] - Triggering checkpoint 2 (type=CheckpointType{name='Checkpoint', sharingFilesStrategy=FORWARD_BACKWARD}) @ 1753942273470 for job d9c923f3732f8f24a0867130737e9bd1.
2025-07-31 14:11:13,475 [Source: mysql -> Map -> Timestamps/Watermarks (1/3)#0] [com.ververica.cdc.connectors.mysql.source.reader.MySqlSourceReader] [INFO] - Binlog offset on checkpoint 2: {transaction_id=null, ts_sec=1753942260, file=SKY-20220511GAR-bin.000143, pos=1841, kind=SPECIFIC, row=1, event=2, server_id=1}
2025-07-31 14:11:13,486 [AsyncOperations-thread-1] [org.apache.flink.api.java.typeutils.runtime.kryo.KryoSerializer] [INFO] - Kryo serializer scala extensions are not available.
2025-07-31 14:11:13,495 [AsyncOperations-thread-1] [org.apache.flink.api.java.typeutils.runtime.kryo.KryoSerializer] [INFO] - Kryo serializer scala extensions are not available.
2025-07-31 14:11:13,496 [AsyncOperations-thread-1] [org.apache.flink.api.java.typeutils.runtime.kryo.KryoSerializer] [INFO] - Kryo serializer scala extensions are not available.
2025-07-31 14:11:13,525 [jobmanager-io-thread-4] [org.apache.flink.runtime.checkpoint.CheckpointCoordinator] [INFO] - Completed checkpoint 2 for job d9c923f3732f8f24a0867130737e9bd1 (19177 bytes, checkpointDuration=46 ms, finalizationTime=9 ms).
2025-07-31 14:11:13,526 [SourceCoordinator-Source: mysql] [org.apache.flink.runtime.source.coordinator.SourceCoordinator] [INFO] - Marking checkpoint 2 as completed for source Source: mysql.
2025-07-31 14:11:13,526 [SourceCoordinator-Source: File Source] [org.apache.flink.runtime.source.coordinator.SourceCoordinator] [INFO] - Marking checkpoint 2 as completed for source Source: File Source.
2025-07-31 14:11:15,005 [Co-Process-Broadcast -> (Sink: Unnamed, Sink: Print to Std. Out) (2/3)#0] [org.example.app.DimAppTest] [INFO] - 数据删除语句 执行sql DELETE FROM ods.student_sink  WHERE id=16
2025-07-31 14:12:13,469 [Checkpoint Timer] [org.apache.flink.runtime.checkpoint.CheckpointCoordinator] [INFO] - Triggering checkpoint 3 (type=CheckpointType{name='Checkpoint', sharingFilesStrategy=FORWARD_BACKWARD}) @ 1753942333469 for job d9c923f3732f8f24a0867130737e9bd1.
2025-07-31 14:12:13,472 [Source: mysql -> Map -> Timestamps/Watermarks (1/3)#0] [com.ververica.cdc.connectors.mysql.source.reader.MySqlSourceReader] [INFO] - Binlog offset on checkpoint 3: {transaction_id=null, ts_sec=1753942273, file=SKY-20220511GAR-bin.000143, pos=3024, kind=SPECIFIC, row=0, event=0, server_id=1}
2025-07-31 14:12:13,476 [AsyncOperations-thread-1] [org.apache.flink.api.java.typeutils.runtime.kryo.KryoSerializer] [INFO] - Kryo serializer scala extensions are not available.
2025-07-31 14:12:13,479 [AsyncOperations-thread-1] [org.apache.flink.api.java.typeutils.runtime.kryo.KryoSerializer] [INFO] - Kryo serializer scala extensions are not available.
2025-07-31 14:12:13,479 [AsyncOperations-thread-1] [org.apache.flink.api.java.typeutils.runtime.kryo.KryoSerializer] [INFO] - Kryo serializer scala extensions are not available.
2025-07-31 14:12:13,494 [jobmanager-io-thread-6] [org.apache.flink.runtime.checkpoint.CheckpointCoordinator] [INFO] - Completed checkpoint 3 for job d9c923f3732f8f24a0867130737e9bd1 (19177 bytes, checkpointDuration=22 ms, finalizationTime=3 ms).
2025-07-31 14:12:13,494 [SourceCoordinator-Source: mysql] [org.apache.flink.runtime.source.coordinator.SourceCoordinator] [INFO] - Marking checkpoint 3 as completed for source Source: mysql.
2025-07-31 14:12:13,494 [SourceCoordinator-Source: File Source] [org.apache.flink.runtime.source.coordinator.SourceCoordinator] [INFO] - Marking checkpoint 3 as completed for source Source: File Source.
2025-07-31 14:12:48,017 [Co-Process-Broadcast -> (Sink: Unnamed, Sink: Print to Std. Out) (2/3)#0] [org.example.app.DimAppTest] [INFO] - 数据更新语句 执行sql UPDATE ods.student_sink  SET score='80', name='后羿', id='2', age='80' WHERE id=2
2025-07-31 14:13:13,471 [Checkpoint Timer] [org.apache.flink.runtime.checkpoint.CheckpointCoordinator] [INFO] - Triggering checkpoint 4 (type=CheckpointType{name='Checkpoint', sharingFilesStrategy=FORWARD_BACKWARD}) @ 1753942393471 for job d9c923f3732f8f24a0867130737e9bd1.
2025-07-31 14:13:13,474 [Source: mysql -> Map -> Timestamps/Watermarks (1/3)#0] [com.ververica.cdc.connectors.mysql.source.reader.MySqlSourceReader] [INFO] - Binlog offset on checkpoint 4: {transaction_id=null, ts_sec=1753942366, file=SKY-20220511GAR-bin.000143, pos=3103, kind=SPECIFIC, row=1, event=2, server_id=1}
2025-07-31 14:13:13,475 [AsyncOperations-thread-1] [org.apache.flink.api.java.typeutils.runtime.kryo.KryoSerializer] [INFO] - Kryo serializer scala extensions are not available.
2025-07-31 14:13:13,475 [AsyncOperations-thread-1] [org.apache.flink.api.java.typeutils.runtime.kryo.KryoSerializer] [INFO] - Kryo serializer scala extensions are not available.
2025-07-31 14:13:13,477 [AsyncOperations-thread-1] [org.apache.flink.api.java.typeutils.runtime.kryo.KryoSerializer] [INFO] - Kryo serializer scala extensions are not available.
2025-07-31 14:13:13,491 [jobmanager-io-thread-8] [org.apache.flink.runtime.checkpoint.CheckpointCoordinator] [INFO] - Completed checkpoint 4 for job d9c923f3732f8f24a0867130737e9bd1 (19177 bytes, checkpointDuration=17 ms, finalizationTime=3 ms).
2025-07-31 14:13:13,491 [SourceCoordinator-Source: mysql] [org.apache.flink.runtime.source.coordinator.SourceCoordinator] [INFO] - Marking checkpoint 4 as completed for source Source: mysql.
2025-07-31 14:13:13,491 [SourceCoordinator-Source: File Source] [org.apache.flink.runtime.source.coordinator.SourceCoordinator] [INFO] - Marking checkpoint 4 as completed for source Source: File Source.
2025-07-31 14:14:13,470 [Checkpoint Timer] [org.apache.flink.runtime.checkpoint.CheckpointCoordinator] [INFO] - Triggering checkpoint 5 (type=CheckpointType{name='Checkpoint', sharingFilesStrategy=FORWARD_BACKWARD}) @ 1753942453470 for job d9c923f3732f8f24a0867130737e9bd1.
2025-07-31 14:14:13,473 [Source: mysql -> Map -> Timestamps/Watermarks (1/3)#0] [com.ververica.cdc.connectors.mysql.source.reader.MySqlSourceReader] [INFO] - Binlog offset on checkpoint 5: {transaction_id=null, ts_sec=1753942366, file=SKY-20220511GAR-bin.000143, pos=3695, kind=SPECIFIC, row=0, event=0, server_id=1}
2025-07-31 14:14:13,475 [AsyncOperations-thread-1] [org.apache.flink.api.java.typeutils.runtime.kryo.KryoSerializer] [INFO] - Kryo serializer scala extensions are not available.
2025-07-31 14:14:13,476 [AsyncOperations-thread-1] [org.apache.flink.api.java.typeutils.runtime.kryo.KryoSerializer] [INFO] - Kryo serializer scala extensions are not available.
2025-07-31 14:14:13,477 [AsyncOperations-thread-1] [org.apache.flink.api.java.typeutils.runtime.kryo.KryoSerializer] [INFO] - Kryo serializer scala extensions are not available.
2025-07-31 14:14:13,493 [jobmanager-io-thread-5] [org.apache.flink.runtime.checkpoint.CheckpointCoordinator] [INFO] - Completed checkpoint 5 for job d9c923f3732f8f24a0867130737e9bd1 (19177 bytes, checkpointDuration=20 ms, finalizationTime=3 ms).
2025-07-31 14:14:13,493 [SourceCoordinator-Source: File Source] [org.apache.flink.runtime.source.coordinator.SourceCoordinator] [INFO] - Marking checkpoint 5 as completed for source Source: File Source.
2025-07-31 14:14:13,493 [SourceCoordinator-Source: mysql] [org.apache.flink.runtime.source.coordinator.SourceCoordinator] [INFO] - Marking checkpoint 5 as completed for source Source: mysql.
2025-07-31 14:15:13,470 [Checkpoint Timer] [org.apache.flink.runtime.checkpoint.CheckpointCoordinator] [INFO] - Triggering checkpoint 6 (type=CheckpointType{name='Checkpoint', sharingFilesStrategy=FORWARD_BACKWARD}) @ 1753942513470 for job d9c923f3732f8f24a0867130737e9bd1.
2025-07-31 14:15:13,472 [Source: mysql -> Map -> Timestamps/Watermarks (1/3)#0] [com.ververica.cdc.connectors.mysql.source.reader.MySqlSourceReader] [INFO] - Binlog offset on checkpoint 6: {transaction_id=null, ts_sec=1753942366, file=SKY-20220511GAR-bin.000143, pos=3695, kind=SPECIFIC, row=0, event=0, server_id=1}
2025-07-31 14:15:13,474 [AsyncOperations-thread-1] [org.apache.flink.api.java.typeutils.runtime.kryo.KryoSerializer] [INFO] - Kryo serializer scala extensions are not available.
2025-07-31 14:15:13,475 [AsyncOperations-thread-1] [org.apache.flink.api.java.typeutils.runtime.kryo.KryoSerializer] [INFO] - Kryo serializer scala extensions are not available.
2025-07-31 14:15:13,476 [AsyncOperations-thread-1] [org.apache.flink.api.java.typeutils.runtime.kryo.KryoSerializer] [INFO] - Kryo serializer scala extensions are not available.
2025-07-31 14:15:13,492 [jobmanager-io-thread-2] [org.apache.flink.runtime.checkpoint.CheckpointCoordinator] [INFO] - Completed checkpoint 6 for job d9c923f3732f8f24a0867130737e9bd1 (19177 bytes, checkpointDuration=18 ms, finalizationTime=4 ms).
2025-07-31 14:15:13,493 [SourceCoordinator-Source: mysql] [org.apache.flink.runtime.source.coordinator.SourceCoordinator] [INFO] - Marking checkpoint 6 as completed for source Source: mysql.
2025-07-31 14:15:13,493 [SourceCoordinator-Source: File Source] [org.apache.flink.runtime.source.coordinator.SourceCoordinator] [INFO] - Marking checkpoint 6 as completed for source Source: File Source.
2025-07-31 14:16:13,472 [Checkpoint Timer] [org.apache.flink.runtime.checkpoint.CheckpointCoordinator] [INFO] - Triggering checkpoint 7 (type=CheckpointType{name='Checkpoint', sharingFilesStrategy=FORWARD_BACKWARD}) @ 1753942573471 for job d9c923f3732f8f24a0867130737e9bd1.
2025-07-31 14:16:13,486 [Source: mysql -> Map -> Timestamps/Watermarks (1/3)#0] [com.ververica.cdc.connectors.mysql.source.reader.MySqlSourceReader] [INFO] - Binlog offset on checkpoint 7: {transaction_id=null, ts_sec=1753942366, file=SKY-20220511GAR-bin.000143, pos=3695, kind=SPECIFIC, row=0, event=0, server_id=1}
2025-07-31 14:16:13,491 [AsyncOperations-thread-2] [org.apache.flink.api.java.typeutils.runtime.kryo.KryoSerializer] [INFO] - Kryo serializer scala extensions are not available.
2025-07-31 14:16:13,497 [AsyncOperations-thread-2] [org.apache.flink.api.java.typeutils.runtime.kryo.KryoSerializer] [INFO] - Kryo serializer scala extensions are not available.
2025-07-31 14:16:13,498 [AsyncOperations-thread-2] [org.apache.flink.api.java.typeutils.runtime.kryo.KryoSerializer] [INFO] - Kryo serializer scala extensions are not available.
2025-07-31 14:16:13,525 [jobmanager-io-thread-3] [org.apache.flink.runtime.checkpoint.CheckpointCoordinator] [INFO] - Completed checkpoint 7 for job d9c923f3732f8f24a0867130737e9bd1 (19177 bytes, checkpointDuration=51 ms, finalizationTime=3 ms).
2025-07-31 14:16:13,526 [SourceCoordinator-Source: mysql] [org.apache.flink.runtime.source.coordinator.SourceCoordinator] [INFO] - Marking checkpoint 7 as completed for source Source: mysql.
2025-07-31 14:16:13,526 [SourceCoordinator-Source: File Source] [org.apache.flink.runtime.source.coordinator.SourceCoordinator] [INFO] - Marking checkpoint 7 as completed for source Source: File Source.
2025-07-31 14:17:13,471 [Checkpoint Timer] [org.apache.flink.runtime.checkpoint.CheckpointCoordinator] [INFO] - Triggering checkpoint 8 (type=CheckpointType{name='Checkpoint', sharingFilesStrategy=FORWARD_BACKWARD}) @ 1753942633471 for job d9c923f3732f8f24a0867130737e9bd1.
2025-07-31 14:17:13,475 [Source: mysql -> Map -> Timestamps/Watermarks (1/3)#0] [com.ververica.cdc.connectors.mysql.source.reader.MySqlSourceReader] [INFO] - Binlog offset on checkpoint 8: {transaction_id=null, ts_sec=1753942366, file=SKY-20220511GAR-bin.000143, pos=3695, kind=SPECIFIC, row=0, event=0, server_id=1}
2025-07-31 14:17:13,478 [AsyncOperations-thread-2] [org.apache.flink.api.java.typeutils.runtime.kryo.KryoSerializer] [INFO] - Kryo serializer scala extensions are not available.
2025-07-31 14:17:13,480 [AsyncOperations-thread-2] [org.apache.flink.api.java.typeutils.runtime.kryo.KryoSerializer] [INFO] - Kryo serializer scala extensions are not available.
2025-07-31 14:17:13,480 [AsyncOperations-thread-2] [org.apache.flink.api.java.typeutils.runtime.kryo.KryoSerializer] [INFO] - Kryo serializer scala extensions are not available.
2025-07-31 14:17:13,493 [jobmanager-io-thread-1] [org.apache.flink.runtime.checkpoint.CheckpointCoordinator] [INFO] - Completed checkpoint 8 for job d9c923f3732f8f24a0867130737e9bd1 (19177 bytes, checkpointDuration=19 ms, finalizationTime=3 ms).
2025-07-31 14:17:13,493 [SourceCoordinator-Source: mysql] [org.apache.flink.runtime.source.coordinator.SourceCoordinator] [INFO] - Marking checkpoint 8 as completed for source Source: mysql.
2025-07-31 14:17:13,493 [SourceCoordinator-Source: File Source] [org.apache.flink.runtime.source.coordinator.SourceCoordinator] [INFO] - Marking checkpoint 8 as completed for source Source: File Source.
2025-07-31 14:18:13,471 [Checkpoint Timer] [org.apache.flink.runtime.checkpoint.CheckpointCoordinator] [INFO] - Triggering checkpoint 9 (type=CheckpointType{name='Checkpoint', sharingFilesStrategy=FORWARD_BACKWARD}) @ 1753942693471 for job d9c923f3732f8f24a0867130737e9bd1.
2025-07-31 14:18:13,477 [Source: mysql -> Map -> Timestamps/Watermarks (1/3)#0] [com.ververica.cdc.connectors.mysql.source.reader.MySqlSourceReader] [INFO] - Binlog offset on checkpoint 9: {transaction_id=null, ts_sec=1753942366, file=SKY-20220511GAR-bin.000143, pos=3695, kind=SPECIFIC, row=0, event=0, server_id=1}
2025-07-31 14:18:13,481 [AsyncOperations-thread-2] [org.apache.flink.api.java.typeutils.runtime.kryo.KryoSerializer] [INFO] - Kryo serializer scala extensions are not available.
2025-07-31 14:18:13,482 [AsyncOperations-thread-2] [org.apache.flink.api.java.typeutils.runtime.kryo.KryoSerializer] [INFO] - Kryo serializer scala extensions are not available.
2025-07-31 14:18:13,482 [AsyncOperations-thread-2] [org.apache.flink.api.java.typeutils.runtime.kryo.KryoSerializer] [INFO] - Kryo serializer scala extensions are not available.
2025-07-31 14:18:13,498 [jobmanager-io-thread-7] [org.apache.flink.runtime.checkpoint.CheckpointCoordinator] [INFO] - Completed checkpoint 9 for job d9c923f3732f8f24a0867130737e9bd1 (19177 bytes, checkpointDuration=24 ms, finalizationTime=3 ms).
2025-07-31 14:18:13,498 [SourceCoordinator-Source: mysql] [org.apache.flink.runtime.source.coordinator.SourceCoordinator] [INFO] - Marking checkpoint 9 as completed for source Source: mysql.
2025-07-31 14:18:13,498 [SourceCoordinator-Source: File Source] [org.apache.flink.runtime.source.coordinator.SourceCoordinator] [INFO] - Marking checkpoint 9 as completed for source Source: File Source.
2025-07-31 14:19:13,472 [Checkpoint Timer] [org.apache.flink.runtime.checkpoint.CheckpointCoordinator] [INFO] - Triggering checkpoint 10 (type=CheckpointType{name='Checkpoint', sharingFilesStrategy=FORWARD_BACKWARD}) @ 1753942753471 for job d9c923f3732f8f24a0867130737e9bd1.
2025-07-31 14:19:13,479 [Source: mysql -> Map -> Timestamps/Watermarks (1/3)#0] [com.ververica.cdc.connectors.mysql.source.reader.MySqlSourceReader] [INFO] - Binlog offset on checkpoint 10: {transaction_id=null, ts_sec=1753942366, file=SKY-20220511GAR-bin.000143, pos=3695, kind=SPECIFIC, row=0, event=0, server_id=1}
2025-07-31 14:19:13,483 [AsyncOperations-thread-2] [org.apache.flink.api.java.typeutils.runtime.kryo.KryoSerializer] [INFO] - Kryo serializer scala extensions are not available.
2025-07-31 14:19:13,485 [AsyncOperations-thread-2] [org.apache.flink.api.java.typeutils.runtime.kryo.KryoSerializer] [INFO] - Kryo serializer scala extensions are not available.
2025-07-31 14:19:13,489 [AsyncOperations-thread-2] [org.apache.flink.api.java.typeutils.runtime.kryo.KryoSerializer] [INFO] - Kryo serializer scala extensions are not available.
2025-07-31 14:19:13,529 [jobmanager-io-thread-7] [org.apache.flink.runtime.checkpoint.CheckpointCoordinator] [INFO] - Completed checkpoint 10 for job d9c923f3732f8f24a0867130737e9bd1 (19177 bytes, checkpointDuration=52 ms, finalizationTime=6 ms).
2025-07-31 14:19:13,529 [SourceCoordinator-Source: mysql] [org.apache.flink.runtime.source.coordinator.SourceCoordinator] [INFO] - Marking checkpoint 10 as completed for source Source: mysql.
2025-07-31 14:19:13,529 [SourceCoordinator-Source: File Source] [org.apache.flink.runtime.source.coordinator.SourceCoordinator] [INFO] - Marking checkpoint 10 as completed for source Source: File Source.
2025-07-31 14:20:13,472 [Checkpoint Timer] [org.apache.flink.runtime.checkpoint.CheckpointCoordinator] [INFO] - Triggering checkpoint 11 (type=CheckpointType{name='Checkpoint', sharingFilesStrategy=FORWARD_BACKWARD}) @ 1753942813471 for job d9c923f3732f8f24a0867130737e9bd1.
2025-07-31 14:20:13,484 [AsyncOperations-thread-2] [org.apache.flink.api.java.typeutils.runtime.kryo.KryoSerializer] [INFO] - Kryo serializer scala extensions are not available.
2025-07-31 14:20:13,484 [Source: mysql -> Map -> Timestamps/Watermarks (1/3)#0] [com.ververica.cdc.connectors.mysql.source.reader.MySqlSourceReader] [INFO] - Binlog offset on checkpoint 11: {transaction_id=null, ts_sec=1753942366, file=SKY-20220511GAR-bin.000143, pos=3695, kind=SPECIFIC, row=0, event=0, server_id=1}
2025-07-31 14:20:13,486 [AsyncOperations-thread-2] [org.apache.flink.api.java.typeutils.runtime.kryo.KryoSerializer] [INFO] - Kryo serializer scala extensions are not available.
2025-07-31 14:20:13,489 [AsyncOperations-thread-2] [org.apache.flink.api.java.typeutils.runtime.kryo.KryoSerializer] [INFO] - Kryo serializer scala extensions are not available.
2025-07-31 14:20:13,528 [jobmanager-io-thread-5] [org.apache.flink.runtime.checkpoint.CheckpointCoordinator] [INFO] - Completed checkpoint 11 for job d9c923f3732f8f24a0867130737e9bd1 (19177 bytes, checkpointDuration=50 ms, finalizationTime=7 ms).
2025-07-31 14:20:13,528 [SourceCoordinator-Source: File Source] [org.apache.flink.runtime.source.coordinator.SourceCoordinator] [INFO] - Marking checkpoint 11 as completed for source Source: File Source.
2025-07-31 14:20:13,528 [SourceCoordinator-Source: mysql] [org.apache.flink.runtime.source.coordinator.SourceCoordinator] [INFO] - Marking checkpoint 11 as completed for source Source: mysql.
2025-07-31 14:21:13,470 [Checkpoint Timer] [org.apache.flink.runtime.checkpoint.CheckpointCoordinator] [INFO] - Triggering checkpoint 12 (type=CheckpointType{name='Checkpoint', sharingFilesStrategy=FORWARD_BACKWARD}) @ 1753942873469 for job d9c923f3732f8f24a0867130737e9bd1.
2025-07-31 14:21:13,477 [Source: mysql -> Map -> Timestamps/Watermarks (1/3)#0] [com.ververica.cdc.connectors.mysql.source.reader.MySqlSourceReader] [INFO] - Binlog offset on checkpoint 12: {transaction_id=null, ts_sec=1753942366, file=SKY-20220511GAR-bin.000143, pos=3695, kind=SPECIFIC, row=0, event=0, server_id=1}
2025-07-31 14:21:13,487 [AsyncOperations-thread-2] [org.apache.flink.api.java.typeutils.runtime.kryo.KryoSerializer] [INFO] - Kryo serializer scala extensions are not available.
2025-07-31 14:21:13,488 [AsyncOperations-thread-2] [org.apache.flink.api.java.typeutils.runtime.kryo.KryoSerializer] [INFO] - Kryo serializer scala extensions are not available.
2025-07-31 14:21:13,492 [AsyncOperations-thread-2] [org.apache.flink.api.java.typeutils.runtime.kryo.KryoSerializer] [INFO] - Kryo serializer scala extensions are not available.
2025-07-31 14:21:13,526 [jobmanager-io-thread-8] [org.apache.flink.runtime.checkpoint.CheckpointCoordinator] [INFO] - Completed checkpoint 12 for job d9c923f3732f8f24a0867130737e9bd1 (19177 bytes, checkpointDuration=53 ms, finalizationTime=4 ms).
2025-07-31 14:21:13,526 [SourceCoordinator-Source: mysql] [org.apache.flink.runtime.source.coordinator.SourceCoordinator] [INFO] - Marking checkpoint 12 as completed for source Source: mysql.
2025-07-31 14:21:13,526 [SourceCoordinator-Source: File Source] [org.apache.flink.runtime.source.coordinator.SourceCoordinator] [INFO] - Marking checkpoint 12 as completed for source Source: File Source.
2025-07-31 14:22:13,470 [Checkpoint Timer] [org.apache.flink.runtime.checkpoint.CheckpointCoordinator] [INFO] - Triggering checkpoint 13 (type=CheckpointType{name='Checkpoint', sharingFilesStrategy=FORWARD_BACKWARD}) @ 1753942933470 for job d9c923f3732f8f24a0867130737e9bd1.
2025-07-31 14:22:13,476 [Source: mysql -> Map -> Timestamps/Watermarks (1/3)#0] [com.ververica.cdc.connectors.mysql.source.reader.MySqlSourceReader] [INFO] - Binlog offset on checkpoint 13: {transaction_id=null, ts_sec=1753942366, file=SKY-20220511GAR-bin.000143, pos=3695, kind=SPECIFIC, row=0, event=0, server_id=1}
2025-07-31 14:22:13,479 [AsyncOperations-thread-2] [org.apache.flink.api.java.typeutils.runtime.kryo.KryoSerializer] [INFO] - Kryo serializer scala extensions are not available.
2025-07-31 14:22:13,482 [AsyncOperations-thread-2] [org.apache.flink.api.java.typeutils.runtime.kryo.KryoSerializer] [INFO] - Kryo serializer scala extensions are not available.
2025-07-31 14:22:13,486 [AsyncOperations-thread-2] [org.apache.flink.api.java.typeutils.runtime.kryo.KryoSerializer] [INFO] - Kryo serializer scala extensions are not available.
2025-07-31 14:22:13,516 [jobmanager-io-thread-2] [org.apache.flink.runtime.checkpoint.CheckpointCoordinator] [INFO] - Completed checkpoint 13 for job d9c923f3732f8f24a0867130737e9bd1 (19177 bytes, checkpointDuration=42 ms, finalizationTime=4 ms).
2025-07-31 14:22:13,516 [SourceCoordinator-Source: File Source] [org.apache.flink.runtime.source.coordinator.SourceCoordinator] [INFO] - Marking checkpoint 13 as completed for source Source: File Source.
2025-07-31 14:22:13,516 [SourceCoordinator-Source: mysql] [org.apache.flink.runtime.source.coordinator.SourceCoordinator] [INFO] - Marking checkpoint 13 as completed for source Source: mysql.
2025-07-31 14:23:13,471 [Checkpoint Timer] [org.apache.flink.runtime.checkpoint.CheckpointCoordinator] [INFO] - Triggering checkpoint 14 (type=CheckpointType{name='Checkpoint', sharingFilesStrategy=FORWARD_BACKWARD}) @ 1753942993471 for job d9c923f3732f8f24a0867130737e9bd1.
2025-07-31 14:23:13,479 [Source: mysql -> Map -> Timestamps/Watermarks (1/3)#0] [com.ververica.cdc.connectors.mysql.source.reader.MySqlSourceReader] [INFO] - Binlog offset on checkpoint 14: {transaction_id=null, ts_sec=1753942366, file=SKY-20220511GAR-bin.000143, pos=3695, kind=SPECIFIC, row=0, event=0, server_id=1}
2025-07-31 14:23:13,490 [AsyncOperations-thread-2] [org.apache.flink.api.java.typeutils.runtime.kryo.KryoSerializer] [INFO] - Kryo serializer scala extensions are not available.
2025-07-31 14:23:13,493 [AsyncOperations-thread-2] [org.apache.flink.api.java.typeutils.runtime.kryo.KryoSerializer] [INFO] - Kryo serializer scala extensions are not available.
2025-07-31 14:23:13,495 [AsyncOperations-thread-3] [org.apache.flink.api.java.typeutils.runtime.kryo.KryoSerializer] [INFO] - Kryo serializer scala extensions are not available.
2025-07-31 14:23:13,527 [jobmanager-io-thread-5] [org.apache.flink.runtime.checkpoint.CheckpointCoordinator] [INFO] - Completed checkpoint 14 for job d9c923f3732f8f24a0867130737e9bd1 (19177 bytes, checkpointDuration=51 ms, finalizationTime=5 ms).
2025-07-31 14:23:13,528 [SourceCoordinator-Source: mysql] [org.apache.flink.runtime.source.coordinator.SourceCoordinator] [INFO] - Marking checkpoint 14 as completed for source Source: mysql.
2025-07-31 14:23:13,528 [SourceCoordinator-Source: File Source] [org.apache.flink.runtime.source.coordinator.SourceCoordinator] [INFO] - Marking checkpoint 14 as completed for source Source: File Source.
2025-07-31 14:24:13,470 [Checkpoint Timer] [org.apache.flink.runtime.checkpoint.CheckpointCoordinator] [INFO] - Triggering checkpoint 15 (type=CheckpointType{name='Checkpoint', sharingFilesStrategy=FORWARD_BACKWARD}) @ 1753943053469 for job d9c923f3732f8f24a0867130737e9bd1.
2025-07-31 14:24:13,477 [Source: mysql -> Map -> Timestamps/Watermarks (1/3)#0] [com.ververica.cdc.connectors.mysql.source.reader.MySqlSourceReader] [INFO] - Binlog offset on checkpoint 15: {transaction_id=null, ts_sec=1753942366, file=SKY-20220511GAR-bin.000143, pos=3695, kind=SPECIFIC, row=0, event=0, server_id=1}
2025-07-31 14:24:13,484 [AsyncOperations-thread-2] [org.apache.flink.api.java.typeutils.runtime.kryo.KryoSerializer] [INFO] - Kryo serializer scala extensions are not available.
2025-07-31 14:24:13,486 [AsyncOperations-thread-2] [org.apache.flink.api.java.typeutils.runtime.kryo.KryoSerializer] [INFO] - Kryo serializer scala extensions are not available.
2025-07-31 14:24:13,491 [AsyncOperations-thread-3] [org.apache.flink.api.java.typeutils.runtime.kryo.KryoSerializer] [INFO] - Kryo serializer scala extensions are not available.
2025-07-31 14:24:13,525 [jobmanager-io-thread-6] [org.apache.flink.runtime.checkpoint.CheckpointCoordinator] [INFO] - Completed checkpoint 15 for job d9c923f3732f8f24a0867130737e9bd1 (19177 bytes, checkpointDuration=51 ms, finalizationTime=5 ms).
2025-07-31 14:24:13,526 [SourceCoordinator-Source: mysql] [org.apache.flink.runtime.source.coordinator.SourceCoordinator] [INFO] - Marking checkpoint 15 as completed for source Source: mysql.
2025-07-31 14:24:13,526 [SourceCoordinator-Source: File Source] [org.apache.flink.runtime.source.coordinator.SourceCoordinator] [INFO] - Marking checkpoint 15 as completed for source Source: File Source.
2025-07-31 14:25:13,470 [Checkpoint Timer] [org.apache.flink.runtime.checkpoint.CheckpointCoordinator] [INFO] - Triggering checkpoint 16 (type=CheckpointType{name='Checkpoint', sharingFilesStrategy=FORWARD_BACKWARD}) @ 1753943113470 for job d9c923f3732f8f24a0867130737e9bd1.
2025-07-31 14:25:13,478 [Source: mysql -> Map -> Timestamps/Watermarks (1/3)#0] [com.ververica.cdc.connectors.mysql.source.reader.MySqlSourceReader] [INFO] - Binlog offset on checkpoint 16: {transaction_id=null, ts_sec=1753942366, file=SKY-20220511GAR-bin.000143, pos=3695, kind=SPECIFIC, row=0, event=0, server_id=1}
2025-07-31 14:25:13,481 [AsyncOperations-thread-3] [org.apache.flink.api.java.typeutils.runtime.kryo.KryoSerializer] [INFO] - Kryo serializer scala extensions are not available.
2025-07-31 14:25:13,483 [AsyncOperations-thread-2] [org.apache.flink.api.java.typeutils.runtime.kryo.KryoSerializer] [INFO] - Kryo serializer scala extensions are not available.
2025-07-31 14:25:13,484 [AsyncOperations-thread-2] [org.apache.flink.api.java.typeutils.runtime.kryo.KryoSerializer] [INFO] - Kryo serializer scala extensions are not available.
2025-07-31 14:25:13,507 [jobmanager-io-thread-3] [org.apache.flink.runtime.checkpoint.CheckpointCoordinator] [INFO] - Completed checkpoint 16 for job d9c923f3732f8f24a0867130737e9bd1 (19177 bytes, checkpointDuration=31 ms, finalizationTime=6 ms).
2025-07-31 14:25:13,507 [SourceCoordinator-Source: mysql] [org.apache.flink.runtime.source.coordinator.SourceCoordinator] [INFO] - Marking checkpoint 16 as completed for source Source: mysql.
2025-07-31 14:25:13,507 [SourceCoordinator-Source: File Source] [org.apache.flink.runtime.source.coordinator.SourceCoordinator] [INFO] - Marking checkpoint 16 as completed for source Source: File Source.
2025-07-31 14:26:13,469 [Checkpoint Timer] [org.apache.flink.runtime.checkpoint.CheckpointCoordinator] [INFO] - Triggering checkpoint 17 (type=CheckpointType{name='Checkpoint', sharingFilesStrategy=FORWARD_BACKWARD}) @ 1753943173469 for job d9c923f3732f8f24a0867130737e9bd1.
2025-07-31 14:26:13,471 [Source: mysql -> Map -> Timestamps/Watermarks (1/3)#0] [com.ververica.cdc.connectors.mysql.source.reader.MySqlSourceReader] [INFO] - Binlog offset on checkpoint 17: {transaction_id=null, ts_sec=1753942366, file=SKY-20220511GAR-bin.000143, pos=3695, kind=SPECIFIC, row=0, event=0, server_id=1}
2025-07-31 14:26:13,472 [AsyncOperations-thread-2] [org.apache.flink.api.java.typeutils.runtime.kryo.KryoSerializer] [INFO] - Kryo serializer scala extensions are not available.
2025-07-31 14:26:13,473 [AsyncOperations-thread-2] [org.apache.flink.api.java.typeutils.runtime.kryo.KryoSerializer] [INFO] - Kryo serializer scala extensions are not available.
2025-07-31 14:26:13,473 [AsyncOperations-thread-3] [org.apache.flink.api.java.typeutils.runtime.kryo.KryoSerializer] [INFO] - Kryo serializer scala extensions are not available.
2025-07-31 14:26:13,486 [jobmanager-io-thread-6] [org.apache.flink.runtime.checkpoint.CheckpointCoordinator] [INFO] - Completed checkpoint 17 for job d9c923f3732f8f24a0867130737e9bd1 (19177 bytes, checkpointDuration=14 ms, finalizationTime=3 ms).
2025-07-31 14:26:13,486 [SourceCoordinator-Source: mysql] [org.apache.flink.runtime.source.coordinator.SourceCoordinator] [INFO] - Marking checkpoint 17 as completed for source Source: mysql.
2025-07-31 14:26:13,486 [SourceCoordinator-Source: File Source] [org.apache.flink.runtime.source.coordinator.SourceCoordinator] [INFO] - Marking checkpoint 17 as completed for source Source: File Source.
2025-07-31 14:27:13,469 [Checkpoint Timer] [org.apache.flink.runtime.checkpoint.CheckpointCoordinator] [INFO] - Triggering checkpoint 18 (type=CheckpointType{name='Checkpoint', sharingFilesStrategy=FORWARD_BACKWARD}) @ 1753943233469 for job d9c923f3732f8f24a0867130737e9bd1.
2025-07-31 14:27:13,478 [Source: mysql -> Map -> Timestamps/Watermarks (1/3)#0] [com.ververica.cdc.connectors.mysql.source.reader.MySqlSourceReader] [INFO] - Binlog offset on checkpoint 18: {transaction_id=null, ts_sec=1753942366, file=SKY-20220511GAR-bin.000143, pos=3695, kind=SPECIFIC, row=0, event=0, server_id=1}
2025-07-31 14:27:13,488 [AsyncOperations-thread-3] [org.apache.flink.api.java.typeutils.runtime.kryo.KryoSerializer] [INFO] - Kryo serializer scala extensions are not available.
2025-07-31 14:27:13,491 [AsyncOperations-thread-3] [org.apache.flink.api.java.typeutils.runtime.kryo.KryoSerializer] [INFO] - Kryo serializer scala extensions are not available.
2025-07-31 14:27:13,494 [AsyncOperations-thread-4] [org.apache.flink.api.java.typeutils.runtime.kryo.KryoSerializer] [INFO] - Kryo serializer scala extensions are not available.
2025-07-31 14:27:13,525 [jobmanager-io-thread-6] [org.apache.flink.runtime.checkpoint.CheckpointCoordinator] [INFO] - Completed checkpoint 18 for job d9c923f3732f8f24a0867130737e9bd1 (19177 bytes, checkpointDuration=52 ms, finalizationTime=4 ms).
2025-07-31 14:27:13,525 [SourceCoordinator-Source: mysql] [org.apache.flink.runtime.source.coordinator.SourceCoordinator] [INFO] - Marking checkpoint 18 as completed for source Source: mysql.
2025-07-31 14:27:13,525 [SourceCoordinator-Source: File Source] [org.apache.flink.runtime.source.coordinator.SourceCoordinator] [INFO] - Marking checkpoint 18 as completed for source Source: File Source.
2025-07-31 14:28:13,471 [Checkpoint Timer] [org.apache.flink.runtime.checkpoint.CheckpointCoordinator] [INFO] - Triggering checkpoint 19 (type=CheckpointType{name='Checkpoint', sharingFilesStrategy=FORWARD_BACKWARD}) @ 1753943293471 for job d9c923f3732f8f24a0867130737e9bd1.
2025-07-31 14:28:13,473 [Source: mysql -> Map -> Timestamps/Watermarks (1/3)#0] [com.ververica.cdc.connectors.mysql.source.reader.MySqlSourceReader] [INFO] - Binlog offset on checkpoint 19: {transaction_id=null, ts_sec=1753942366, file=SKY-20220511GAR-bin.000143, pos=3695, kind=SPECIFIC, row=0, event=0, server_id=1}
2025-07-31 14:28:13,474 [AsyncOperations-thread-3] [org.apache.flink.api.java.typeutils.runtime.kryo.KryoSerializer] [INFO] - Kryo serializer scala extensions are not available.
2025-07-31 14:28:13,475 [AsyncOperations-thread-4] [org.apache.flink.api.java.typeutils.runtime.kryo.KryoSerializer] [INFO] - Kryo serializer scala extensions are not available.
2025-07-31 14:28:13,475 [AsyncOperations-thread-3] [org.apache.flink.api.java.typeutils.runtime.kryo.KryoSerializer] [INFO] - Kryo serializer scala extensions are not available.
2025-07-31 14:28:13,487 [jobmanager-io-thread-1] [org.apache.flink.runtime.checkpoint.CheckpointCoordinator] [INFO] - Completed checkpoint 19 for job d9c923f3732f8f24a0867130737e9bd1 (19177 bytes, checkpointDuration=13 ms, finalizationTime=3 ms).
2025-07-31 14:28:13,487 [SourceCoordinator-Source: mysql] [org.apache.flink.runtime.source.coordinator.SourceCoordinator] [INFO] - Marking checkpoint 19 as completed for source Source: mysql.
2025-07-31 14:28:13,487 [SourceCoordinator-Source: File Source] [org.apache.flink.runtime.source.coordinator.SourceCoordinator] [INFO] - Marking checkpoint 19 as completed for source Source: File Source.
2025-07-31 14:29:13,470 [Checkpoint Timer] [org.apache.flink.runtime.checkpoint.CheckpointCoordinator] [INFO] - Triggering checkpoint 20 (type=CheckpointType{name='Checkpoint', sharingFilesStrategy=FORWARD_BACKWARD}) @ 1753943353469 for job d9c923f3732f8f24a0867130737e9bd1.
2025-07-31 14:29:13,481 [Source: mysql -> Map -> Timestamps/Watermarks (1/3)#0] [com.ververica.cdc.connectors.mysql.source.reader.MySqlSourceReader] [INFO] - Binlog offset on checkpoint 20: {transaction_id=null, ts_sec=1753942366, file=SKY-20220511GAR-bin.000143, pos=3695, kind=SPECIFIC, row=0, event=0, server_id=1}
2025-07-31 14:29:13,484 [AsyncOperations-thread-4] [org.apache.flink.api.java.typeutils.runtime.kryo.KryoSerializer] [INFO] - Kryo serializer scala extensions are not available.
2025-07-31 14:29:13,487 [AsyncOperations-thread-4] [org.apache.flink.api.java.typeutils.runtime.kryo.KryoSerializer] [INFO] - Kryo serializer scala extensions are not available.
2025-07-31 14:29:13,488 [AsyncOperations-thread-5] [org.apache.flink.api.java.typeutils.runtime.kryo.KryoSerializer] [INFO] - Kryo serializer scala extensions are not available.
2025-07-31 14:29:13,511 [jobmanager-io-thread-2] [org.apache.flink.runtime.checkpoint.CheckpointCoordinator] [INFO] - Completed checkpoint 20 for job d9c923f3732f8f24a0867130737e9bd1 (19177 bytes, checkpointDuration=36 ms, finalizationTime=6 ms).
2025-07-31 14:29:13,511 [SourceCoordinator-Source: mysql] [org.apache.flink.runtime.source.coordinator.SourceCoordinator] [INFO] - Marking checkpoint 20 as completed for source Source: mysql.
2025-07-31 14:29:13,511 [SourceCoordinator-Source: File Source] [org.apache.flink.runtime.source.coordinator.SourceCoordinator] [INFO] - Marking checkpoint 20 as completed for source Source: File Source.
2025-07-31 14:30:13,470 [Checkpoint Timer] [org.apache.flink.runtime.checkpoint.CheckpointCoordinator] [INFO] - Triggering checkpoint 21 (type=CheckpointType{name='Checkpoint', sharingFilesStrategy=FORWARD_BACKWARD}) @ 1753943413470 for job d9c923f3732f8f24a0867130737e9bd1.
2025-07-31 14:30:13,478 [Source: mysql -> Map -> Timestamps/Watermarks (1/3)#0] [com.ververica.cdc.connectors.mysql.source.reader.MySqlSourceReader] [INFO] - Binlog offset on checkpoint 21: {transaction_id=null, ts_sec=1753942366, file=SKY-20220511GAR-bin.000143, pos=3695, kind=SPECIFIC, row=0, event=0, server_id=1}
2025-07-31 14:30:13,482 [AsyncOperations-thread-4] [org.apache.flink.api.java.typeutils.runtime.kryo.KryoSerializer] [INFO] - Kryo serializer scala extensions are not available.
2025-07-31 14:30:13,483 [AsyncOperations-thread-4] [org.apache.flink.api.java.typeutils.runtime.kryo.KryoSerializer] [INFO] - Kryo serializer scala extensions are not available.
2025-07-31 14:30:13,483 [AsyncOperations-thread-5] [org.apache.flink.api.java.typeutils.runtime.kryo.KryoSerializer] [INFO] - Kryo serializer scala extensions are not available.
2025-07-31 14:30:13,498 [jobmanager-io-thread-5] [org.apache.flink.runtime.checkpoint.CheckpointCoordinator] [INFO] - Completed checkpoint 21 for job d9c923f3732f8f24a0867130737e9bd1 (19177 bytes, checkpointDuration=25 ms, finalizationTime=3 ms).
2025-07-31 14:30:13,499 [SourceCoordinator-Source: mysql] [org.apache.flink.runtime.source.coordinator.SourceCoordinator] [INFO] - Marking checkpoint 21 as completed for source Source: mysql.
2025-07-31 14:30:13,499 [SourceCoordinator-Source: File Source] [org.apache.flink.runtime.source.coordinator.SourceCoordinator] [INFO] - Marking checkpoint 21 as completed for source Source: File Source.
2025-07-31 14:31:13,469 [Checkpoint Timer] [org.apache.flink.runtime.checkpoint.CheckpointCoordinator] [INFO] - Triggering checkpoint 22 (type=CheckpointType{name='Checkpoint', sharingFilesStrategy=FORWARD_BACKWARD}) @ 1753943473469 for job d9c923f3732f8f24a0867130737e9bd1.
2025-07-31 14:31:13,477 [Source: mysql -> Map -> Timestamps/Watermarks (1/3)#0] [com.ververica.cdc.connectors.mysql.source.reader.MySqlSourceReader] [INFO] - Binlog offset on checkpoint 22: {transaction_id=null, ts_sec=1753942366, file=SKY-20220511GAR-bin.000143, pos=3695, kind=SPECIFIC, row=0, event=0, server_id=1}
2025-07-31 14:31:13,481 [AsyncOperations-thread-4] [org.apache.flink.api.java.typeutils.runtime.kryo.KryoSerializer] [INFO] - Kryo serializer scala extensions are not available.
2025-07-31 14:31:13,484 [AsyncOperations-thread-5] [org.apache.flink.api.java.typeutils.runtime.kryo.KryoSerializer] [INFO] - Kryo serializer scala extensions are not available.
2025-07-31 14:31:13,486 [AsyncOperations-thread-4] [org.apache.flink.api.java.typeutils.runtime.kryo.KryoSerializer] [INFO] - Kryo serializer scala extensions are not available.
2025-07-31 14:31:13,527 [jobmanager-io-thread-8] [org.apache.flink.runtime.checkpoint.CheckpointCoordinator] [INFO] - Completed checkpoint 22 for job d9c923f3732f8f24a0867130737e9bd1 (19177 bytes, checkpointDuration=51 ms, finalizationTime=7 ms).
2025-07-31 14:31:13,527 [SourceCoordinator-Source: mysql] [org.apache.flink.runtime.source.coordinator.SourceCoordinator] [INFO] - Marking checkpoint 22 as completed for source Source: mysql.
2025-07-31 14:31:13,527 [SourceCoordinator-Source: File Source] [org.apache.flink.runtime.source.coordinator.SourceCoordinator] [INFO] - Marking checkpoint 22 as completed for source Source: File Source.
2025-07-31 14:32:13,470 [Checkpoint Timer] [org.apache.flink.runtime.checkpoint.CheckpointCoordinator] [INFO] - Triggering checkpoint 23 (type=CheckpointType{name='Checkpoint', sharingFilesStrategy=FORWARD_BACKWARD}) @ 1753943533470 for job d9c923f3732f8f24a0867130737e9bd1.
2025-07-31 14:32:13,475 [Source: mysql -> Map -> Timestamps/Watermarks (1/3)#0] [com.ververica.cdc.connectors.mysql.source.reader.MySqlSourceReader] [INFO] - Binlog offset on checkpoint 23: {transaction_id=null, ts_sec=1753942366, file=SKY-20220511GAR-bin.000143, pos=3695, kind=SPECIFIC, row=0, event=0, server_id=1}
2025-07-31 14:32:13,478 [AsyncOperations-thread-4] [org.apache.flink.api.java.typeutils.runtime.kryo.KryoSerializer] [INFO] - Kryo serializer scala extensions are not available.
2025-07-31 14:32:13,479 [AsyncOperations-thread-4] [org.apache.flink.api.java.typeutils.runtime.kryo.KryoSerializer] [INFO] - Kryo serializer scala extensions are not available.
2025-07-31 14:32:13,480 [AsyncOperations-thread-5] [org.apache.flink.api.java.typeutils.runtime.kryo.KryoSerializer] [INFO] - Kryo serializer scala extensions are not available.
2025-07-31 14:32:13,497 [jobmanager-io-thread-4] [org.apache.flink.runtime.checkpoint.CheckpointCoordinator] [INFO] - Completed checkpoint 23 for job d9c923f3732f8f24a0867130737e9bd1 (19177 bytes, checkpointDuration=24 ms, finalizationTime=3 ms).
2025-07-31 14:32:13,498 [SourceCoordinator-Source: mysql] [org.apache.flink.runtime.source.coordinator.SourceCoordinator] [INFO] - Marking checkpoint 23 as completed for source Source: mysql.
2025-07-31 14:32:13,498 [SourceCoordinator-Source: File Source] [org.apache.flink.runtime.source.coordinator.SourceCoordinator] [INFO] - Marking checkpoint 23 as completed for source Source: File Source.
2025-07-31 14:33:13,470 [Checkpoint Timer] [org.apache.flink.runtime.checkpoint.CheckpointCoordinator] [INFO] - Triggering checkpoint 24 (type=CheckpointType{name='Checkpoint', sharingFilesStrategy=FORWARD_BACKWARD}) @ 1753943593469 for job d9c923f3732f8f24a0867130737e9bd1.
2025-07-31 14:33:13,477 [Source: mysql -> Map -> Timestamps/Watermarks (1/3)#0] [com.ververica.cdc.connectors.mysql.source.reader.MySqlSourceReader] [INFO] - Binlog offset on checkpoint 24: {transaction_id=null, ts_sec=1753942366, file=SKY-20220511GAR-bin.000143, pos=3695, kind=SPECIFIC, row=0, event=0, server_id=1}
2025-07-31 14:33:13,481 [AsyncOperations-thread-5] [org.apache.flink.api.java.typeutils.runtime.kryo.KryoSerializer] [INFO] - Kryo serializer scala extensions are not available.
2025-07-31 14:33:13,483 [AsyncOperations-thread-4] [org.apache.flink.api.java.typeutils.runtime.kryo.KryoSerializer] [INFO] - Kryo serializer scala extensions are not available.
2025-07-31 14:33:13,485 [AsyncOperations-thread-4] [org.apache.flink.api.java.typeutils.runtime.kryo.KryoSerializer] [INFO] - Kryo serializer scala extensions are not available.
2025-07-31 14:33:13,522 [jobmanager-io-thread-3] [org.apache.flink.runtime.checkpoint.CheckpointCoordinator] [INFO] - Completed checkpoint 24 for job d9c923f3732f8f24a0867130737e9bd1 (19177 bytes, checkpointDuration=46 ms, finalizationTime=7 ms).
2025-07-31 14:33:13,522 [SourceCoordinator-Source: mysql] [org.apache.flink.runtime.source.coordinator.SourceCoordinator] [INFO] - Marking checkpoint 24 as completed for source Source: mysql.
2025-07-31 14:33:13,522 [SourceCoordinator-Source: File Source] [org.apache.flink.runtime.source.coordinator.SourceCoordinator] [INFO] - Marking checkpoint 24 as completed for source Source: File Source.
2025-08-01 15:22:41,293 [main] [org.apache.flink.runtime.taskexecutor.TaskExecutorResourceUtils] [INFO] - The configuration option taskmanager.cpu.cores required for local execution is not set, setting it to the maximal possible value.
2025-08-01 15:22:41,294 [main] [org.apache.flink.runtime.taskexecutor.TaskExecutorResourceUtils] [INFO] - The configuration option taskmanager.memory.task.heap.size required for local execution is not set, setting it to the maximal possible value.
2025-08-01 15:22:41,294 [main] [org.apache.flink.runtime.taskexecutor.TaskExecutorResourceUtils] [INFO] - The configuration option taskmanager.memory.task.off-heap.size required for local execution is not set, setting it to the maximal possible value.
2025-08-01 15:22:41,295 [main] [org.apache.flink.runtime.taskexecutor.TaskExecutorResourceUtils] [INFO] - The configuration option taskmanager.memory.network.min required for local execution is not set, setting it to its default value 64 mb.
2025-08-01 15:22:41,295 [main] [org.apache.flink.runtime.taskexecutor.TaskExecutorResourceUtils] [INFO] - The configuration option taskmanager.memory.network.max required for local execution is not set, setting it to its default value 64 mb.
2025-08-01 15:22:41,295 [main] [org.apache.flink.runtime.taskexecutor.TaskExecutorResourceUtils] [INFO] - The configuration option taskmanager.memory.managed.size required for local execution is not set, setting it to its default value 128 mb.
2025-08-01 15:22:41,300 [main] [org.apache.flink.runtime.minicluster.MiniCluster] [INFO] - Starting Flink Mini Cluster
2025-08-01 15:22:42,406 [main] [org.apache.flink.runtime.minicluster.MiniCluster] [INFO] - Starting Metrics Registry
2025-08-01 15:22:42,457 [main] [org.apache.flink.runtime.metrics.MetricRegistryImpl] [INFO] - No metrics reporter configured, no metrics will be exposed/reported.
2025-08-01 15:22:42,457 [main] [org.apache.flink.runtime.minicluster.MiniCluster] [INFO] - Starting RPC Service(s)
2025-08-01 15:22:42,475 [main] [org.apache.flink.runtime.rpc.akka.AkkaRpcServiceUtils] [INFO] - Trying to start local actor system
2025-08-01 15:22:43,217 [flink-akka.actor.default-dispatcher-5] [akka.event.slf4j.Slf4jLogger] [INFO] - Slf4jLogger started
2025-08-01 15:22:43,311 [main] [org.apache.flink.runtime.rpc.akka.AkkaRpcServiceUtils] [INFO] - Actor system started at akka://flink
2025-08-01 15:22:43,324 [main] [org.apache.flink.runtime.rpc.akka.AkkaRpcServiceUtils] [INFO] - Trying to start local actor system
2025-08-01 15:22:43,333 [flink-metrics-6] [akka.event.slf4j.Slf4jLogger] [INFO] - Slf4jLogger started
2025-08-01 15:22:43,340 [main] [org.apache.flink.runtime.rpc.akka.AkkaRpcServiceUtils] [INFO] - Actor system started at akka://flink-metrics
2025-08-01 15:22:43,352 [main] [org.apache.flink.runtime.rpc.akka.AkkaRpcService] [INFO] - Starting RPC endpoint for org.apache.flink.runtime.metrics.dump.MetricQueryService at akka://flink-metrics/user/rpc/MetricQueryService .
2025-08-01 15:22:43,426 [main] [org.apache.flink.runtime.blob.BlobServer] [INFO] - Created BLOB server storage directory C:\Users\Administrator\AppData\Local\Temp\minicluster_6a7ce186315eb3d6bf0346ee6731dd9d\blobStorage
2025-08-01 15:22:43,432 [main] [org.apache.flink.runtime.blob.BlobServer] [INFO] - Started BLOB server at 0.0.0.0:3132 - max concurrent requests: 50 - max backlog: 1000
2025-08-01 15:22:43,463 [main] [org.apache.flink.runtime.blob.PermanentBlobCache] [INFO] - Created BLOB cache storage directory C:\Users\Administrator\AppData\Local\Temp\minicluster_6a7ce186315eb3d6bf0346ee6731dd9d\blobStorage
2025-08-01 15:22:43,469 [main] [org.apache.flink.runtime.blob.TransientBlobCache] [INFO] - Created BLOB cache storage directory C:\Users\Administrator\AppData\Local\Temp\minicluster_6a7ce186315eb3d6bf0346ee6731dd9d\blobStorage
2025-08-01 15:22:43,474 [main] [org.apache.flink.runtime.minicluster.MiniCluster] [INFO] - Starting 1 TaskManager(s)
2025-08-01 15:22:43,487 [main] [org.apache.flink.runtime.taskexecutor.TaskManagerRunner] [INFO] - Starting TaskManager with ResourceID: ba41e1b4-dc4a-4d61-9e68-aadbe4cc11ff
2025-08-01 15:22:43,532 [main] [org.apache.flink.runtime.taskexecutor.TaskManagerServices] [INFO] - Temporary file directory 'C:\Users\Administrator\AppData\Local\Temp': total 100 GB, usable 42 GB (42.00% usable)
2025-08-01 15:22:43,540 [main] [org.apache.flink.runtime.io.disk.iomanager.IOManager] [INFO] - Created a new FileChannelManager for spilling of task related data to disk (joins, sorting, ...). Used directories:
	C:\Users\Administrator\AppData\Local\Temp\flink-io-c647692e-7d0c-448b-a884-1ceb3285cd01
2025-08-01 15:22:43,557 [main] [org.apache.flink.runtime.io.network.NettyShuffleServiceFactory] [INFO] - Created a new FileChannelManager for storing result partitions of BLOCKING shuffles. Used directories:
	C:\Users\Administrator\AppData\Local\Temp\flink-netty-shuffle-b28cbf7a-9335-4349-b306-84f47c010342
2025-08-01 15:22:43,586 [main] [org.apache.flink.runtime.io.network.buffer.NetworkBufferPool] [INFO] - Allocated 64 MB for network buffer pool (number of memory segments: 2048, bytes per segment: 32768).
2025-08-01 15:22:43,601 [main] [org.apache.flink.runtime.io.network.NettyShuffleEnvironment] [INFO] - Starting the network environment and its components.
2025-08-01 15:22:43,605 [main] [org.apache.flink.runtime.taskexecutor.KvStateService] [INFO] - Starting the kvState service and its components.
2025-08-01 15:22:43,619 [main] [org.apache.flink.configuration.Configuration] [INFO] - Config uses fallback configuration key 'akka.ask.timeout' instead of key 'taskmanager.slot.timeout'
2025-08-01 15:22:43,635 [main] [org.apache.flink.runtime.rpc.akka.AkkaRpcService] [INFO] - Starting RPC endpoint for org.apache.flink.runtime.taskexecutor.TaskExecutor at akka://flink/user/rpc/taskmanager_0 .
2025-08-01 15:22:43,652 [flink-akka.actor.default-dispatcher-5] [org.apache.flink.runtime.taskexecutor.DefaultJobLeaderService] [INFO] - Start job leader service.
2025-08-01 15:22:43,655 [flink-akka.actor.default-dispatcher-5] [org.apache.flink.runtime.filecache.FileCache] [INFO] - User file cache uses directory C:\Users\Administrator\AppData\Local\Temp\flink-dist-cache-1405adf4-d30c-47e9-a699-d39f3bd67ebe
2025-08-01 15:22:43,731 [main] [org.apache.flink.runtime.dispatcher.DispatcherRestEndpoint] [INFO] - Starting rest endpoint.
2025-08-01 15:22:44,035 [main] [org.apache.flink.runtime.webmonitor.WebMonitorUtils] [WARN] - Log file environment variable 'log.file' is not set.
2025-08-01 15:22:44,036 [main] [org.apache.flink.runtime.webmonitor.WebMonitorUtils] [WARN] - JobManager log files are unavailable in the web dashboard. Log file location not found in environment variable 'log.file' or configuration key 'web.log.path'.
2025-08-01 15:22:45,190 [main] [org.apache.flink.runtime.dispatcher.DispatcherRestEndpoint] [INFO] - Rest endpoint listening at localhost:3170
2025-08-01 15:22:45,191 [main] [org.apache.flink.runtime.highavailability.nonha.embedded.EmbeddedLeaderService] [INFO] - Proposing leadership to contender http://localhost:3170
2025-08-01 15:22:45,193 [main] [org.apache.flink.runtime.dispatcher.DispatcherRestEndpoint] [INFO] - Web frontend listening at http://localhost:3170.
2025-08-01 15:22:45,193 [mini-cluster-io-thread-1] [org.apache.flink.runtime.dispatcher.DispatcherRestEndpoint] [INFO] - http://localhost:3170 was granted leadership with leaderSessionID=8081090b-f9f2-4baf-8492-8c36e0cf2dcc
2025-08-01 15:22:45,193 [mini-cluster-io-thread-1] [org.apache.flink.runtime.highavailability.nonha.embedded.EmbeddedLeaderService] [INFO] - Received confirmation of leadership for leader http://localhost:3170 , session=8081090b-f9f2-4baf-8492-8c36e0cf2dcc
2025-08-01 15:22:45,206 [main] [org.apache.flink.runtime.highavailability.nonha.embedded.EmbeddedLeaderService] [INFO] - Proposing leadership to contender LeaderContender: DefaultDispatcherRunner
2025-08-01 15:22:45,206 [main] [org.apache.flink.runtime.resourcemanager.ResourceManagerServiceImpl] [INFO] - Starting resource manager service.
2025-08-01 15:22:45,206 [main] [org.apache.flink.runtime.highavailability.nonha.embedded.EmbeddedLeaderService] [INFO] - Proposing leadership to contender LeaderContender: ResourceManagerServiceImpl
2025-08-01 15:22:45,207 [mini-cluster-io-thread-2] [org.apache.flink.runtime.dispatcher.runner.DefaultDispatcherRunner] [INFO] - DefaultDispatcherRunner was granted leadership with leader id 4d713fd3-410d-4754-85ef-9ca565964c2e. Creating new DispatcherLeaderProcess.
2025-08-01 15:22:45,207 [pool-2-thread-1] [org.apache.flink.runtime.resourcemanager.ResourceManagerServiceImpl] [INFO] - Resource manager service is granted leadership with session id c556e206-a484-4cb7-b5db-8497e8ce3d05.
2025-08-01 15:22:45,211 [main] [org.apache.flink.runtime.minicluster.MiniCluster] [INFO] - Flink Mini Cluster started successfully
2025-08-01 15:22:45,214 [mini-cluster-io-thread-2] [org.apache.flink.runtime.dispatcher.runner.SessionDispatcherLeaderProcess] [INFO] - Start SessionDispatcherLeaderProcess.
2025-08-01 15:22:45,219 [mini-cluster-io-thread-1] [org.apache.flink.runtime.dispatcher.runner.SessionDispatcherLeaderProcess] [INFO] - Recover all persisted job graphs that are not finished, yet.
2025-08-01 15:22:45,219 [mini-cluster-io-thread-1] [org.apache.flink.runtime.dispatcher.runner.SessionDispatcherLeaderProcess] [INFO] - Successfully recovered 0 persisted job graphs.
2025-08-01 15:22:45,232 [pool-2-thread-1] [org.apache.flink.runtime.rpc.akka.AkkaRpcService] [INFO] - Starting RPC endpoint for org.apache.flink.runtime.resourcemanager.StandaloneResourceManager at akka://flink/user/rpc/resourcemanager_1 .
2025-08-01 15:22:45,238 [mini-cluster-io-thread-1] [org.apache.flink.runtime.rpc.akka.AkkaRpcService] [INFO] - Starting RPC endpoint for org.apache.flink.runtime.dispatcher.StandaloneDispatcher at akka://flink/user/rpc/dispatcher_2 .
2025-08-01 15:22:45,249 [flink-akka.actor.default-dispatcher-5] [org.apache.flink.runtime.resourcemanager.StandaloneResourceManager] [INFO] - Starting the resource manager.
2025-08-01 15:22:45,256 [mini-cluster-io-thread-4] [org.apache.flink.runtime.highavailability.nonha.embedded.EmbeddedLeaderService] [INFO] - Received confirmation of leadership for leader akka://flink/user/rpc/resourcemanager_1 , session=c556e206-a484-4cb7-b5db-8497e8ce3d05
2025-08-01 15:22:45,258 [flink-akka.actor.default-dispatcher-5] [org.apache.flink.runtime.taskexecutor.TaskExecutor] [INFO] - Connecting to ResourceManager akka://flink/user/rpc/resourcemanager_1(b5db8497e8ce3d05c556e206a4844cb7).
2025-08-01 15:22:45,261 [mini-cluster-io-thread-1] [org.apache.flink.runtime.highavailability.nonha.embedded.EmbeddedLeaderService] [INFO] - Received confirmation of leadership for leader akka://flink/user/rpc/dispatcher_2 , session=4d713fd3-410d-4754-85ef-9ca565964c2e
2025-08-01 15:22:45,287 [flink-akka.actor.default-dispatcher-7] [org.apache.flink.runtime.taskexecutor.TaskExecutor] [INFO] - Resolved ResourceManager address, beginning registration
2025-08-01 15:22:45,295 [flink-akka.actor.default-dispatcher-9] [org.apache.flink.runtime.resourcemanager.StandaloneResourceManager] [INFO] - Registering TaskManager with ResourceID ba41e1b4-dc4a-4d61-9e68-aadbe4cc11ff (akka://flink/user/rpc/taskmanager_0) at ResourceManager
2025-08-01 15:22:45,297 [flink-akka.actor.default-dispatcher-9] [org.apache.flink.runtime.dispatcher.StandaloneDispatcher] [INFO] - Received JobGraph submission 'Flink Streaming Job' (46370af100a4291ef7f846dd00db7764).
2025-08-01 15:22:45,298 [flink-akka.actor.default-dispatcher-7] [org.apache.flink.runtime.taskexecutor.TaskExecutor] [INFO] - Successful registration at resource manager akka://flink/user/rpc/resourcemanager_1 under registration id 15cb1fe1303f0d298ac8f3e51636f1e4.
2025-08-01 15:22:45,298 [flink-akka.actor.default-dispatcher-9] [org.apache.flink.runtime.dispatcher.StandaloneDispatcher] [INFO] - Submitting job 'Flink Streaming Job' (46370af100a4291ef7f846dd00db7764).
2025-08-01 15:22:45,317 [flink-akka.actor.default-dispatcher-9] [org.apache.flink.runtime.highavailability.nonha.embedded.EmbeddedLeaderService] [INFO] - Proposing leadership to contender LeaderContender: JobMasterServiceLeadershipRunner
2025-08-01 15:22:45,330 [jobmanager-io-thread-1] [org.apache.flink.runtime.rpc.akka.AkkaRpcService] [INFO] - Starting RPC endpoint for org.apache.flink.runtime.jobmaster.JobMaster at akka://flink/user/rpc/jobmanager_3 .
2025-08-01 15:22:45,338 [jobmanager-io-thread-1] [org.apache.flink.runtime.jobmaster.JobMaster] [INFO] - Initializing job 'Flink Streaming Job' (46370af100a4291ef7f846dd00db7764).
2025-08-01 15:22:45,362 [jobmanager-io-thread-1] [org.apache.flink.runtime.jobmaster.JobMaster] [INFO] - Using restart back off time strategy NoRestartBackoffTimeStrategy for Flink Streaming Job (46370af100a4291ef7f846dd00db7764).
2025-08-01 15:22:45,433 [jobmanager-io-thread-1] [org.apache.flink.runtime.jobmaster.JobMaster] [INFO] - Running initialization on master for job Flink Streaming Job (46370af100a4291ef7f846dd00db7764).
2025-08-01 15:22:45,433 [jobmanager-io-thread-1] [org.apache.flink.runtime.jobmaster.JobMaster] [INFO] - Successfully ran initialization on master in 0 ms.
2025-08-01 15:22:45,469 [jobmanager-io-thread-1] [org.apache.flink.runtime.scheduler.adapter.DefaultExecutionTopology] [INFO] - Built 1 new pipelined regions in 4 ms, total 1 pipelined regions currently.
2025-08-01 15:22:45,481 [jobmanager-io-thread-1] [org.apache.flink.runtime.jobmaster.JobMaster] [INFO] - No state backend has been configured, using default (HashMap) org.apache.flink.runtime.state.hashmap.HashMapStateBackend@335335dd
2025-08-01 15:22:45,481 [jobmanager-io-thread-1] [org.apache.flink.runtime.state.StateBackendLoader] [INFO] - State backend loader loads the state backend as HashMapStateBackend
2025-08-01 15:22:45,483 [jobmanager-io-thread-1] [org.apache.flink.runtime.jobmaster.JobMaster] [INFO] - Checkpoint storage is set to 'jobmanager'
2025-08-01 15:22:45,544 [jobmanager-io-thread-1] [org.apache.flink.runtime.checkpoint.CheckpointCoordinator] [INFO] - No checkpoint found during restore.
2025-08-01 15:22:45,556 [jobmanager-io-thread-1] [org.apache.flink.runtime.jobmaster.JobMaster] [INFO] - Using failover strategy org.apache.flink.runtime.executiongraph.failover.flip1.RestartPipelinedRegionFailoverStrategy@7da2e628 for Flink Streaming Job (46370af100a4291ef7f846dd00db7764).
2025-08-01 15:22:45,567 [jobmanager-io-thread-1] [org.apache.flink.runtime.highavailability.nonha.embedded.EmbeddedLeaderService] [INFO] - Received confirmation of leadership for leader akka://flink/user/rpc/jobmanager_3 , session=8891352f-6097-4da2-8a5d-c24b707da8d6
2025-08-01 15:22:45,570 [flink-akka.actor.default-dispatcher-7] [org.apache.flink.runtime.jobmaster.JobMaster] [INFO] - Starting execution of job 'Flink Streaming Job' (46370af100a4291ef7f846dd00db7764) under job master id 8a5dc24b707da8d68891352f60974da2.
2025-08-01 15:22:45,573 [flink-akka.actor.default-dispatcher-7] [org.apache.flink.runtime.jobmaster.JobMaster] [INFO] - Starting scheduling with scheduling strategy [org.apache.flink.runtime.scheduler.strategy.PipelinedRegionSchedulingStrategy]
2025-08-01 15:22:45,574 [flink-akka.actor.default-dispatcher-7] [org.apache.flink.runtime.executiongraph.ExecutionGraph] [INFO] - Job Flink Streaming Job (46370af100a4291ef7f846dd00db7764) switched from state CREATED to RUNNING.
2025-08-01 15:22:45,578 [flink-akka.actor.default-dispatcher-7] [org.apache.flink.runtime.executiongraph.ExecutionGraph] [INFO] - Source: Custom Source -> Map -> Sink: Print to Std. Out (1/1) (2dd23852aca444635e0b5c48e6fce415) switched from CREATED to SCHEDULED.
2025-08-01 15:22:45,596 [flink-akka.actor.default-dispatcher-7] [org.apache.flink.runtime.jobmaster.JobMaster] [INFO] - Connecting to ResourceManager akka://flink/user/rpc/resourcemanager_1(b5db8497e8ce3d05c556e206a4844cb7)
2025-08-01 15:22:45,599 [flink-akka.actor.default-dispatcher-9] [org.apache.flink.runtime.jobmaster.JobMaster] [INFO] - Resolved ResourceManager address, beginning registration
2025-08-01 15:22:45,601 [flink-akka.actor.default-dispatcher-7] [org.apache.flink.runtime.resourcemanager.StandaloneResourceManager] [INFO] - Registering job manager 8a5dc24b707da8d68891352f60974da2@akka://flink/user/rpc/jobmanager_3 for job 46370af100a4291ef7f846dd00db7764.
2025-08-01 15:22:45,607 [flink-akka.actor.default-dispatcher-7] [org.apache.flink.runtime.resourcemanager.StandaloneResourceManager] [INFO] - Registered job manager 8a5dc24b707da8d68891352f60974da2@akka://flink/user/rpc/jobmanager_3 for job 46370af100a4291ef7f846dd00db7764.
2025-08-01 15:22:45,609 [flink-akka.actor.default-dispatcher-7] [org.apache.flink.runtime.jobmaster.JobMaster] [INFO] - JobManager successfully registered at ResourceManager, leader id: b5db8497e8ce3d05c556e206a4844cb7.
2025-08-01 15:22:45,611 [flink-akka.actor.default-dispatcher-5] [org.apache.flink.runtime.resourcemanager.slotmanager.DeclarativeSlotManager] [INFO] - Received resource requirements from job 46370af100a4291ef7f846dd00db7764: [ResourceRequirement{resourceProfile=ResourceProfile{UNKNOWN}, numberOfRequiredSlots=1}]
2025-08-01 15:22:45,615 [flink-akka.actor.default-dispatcher-7] [org.apache.flink.runtime.taskexecutor.TaskExecutor] [INFO] - Receive slot request 4a311632d421c75b5343ae34e3138ca6 for job 46370af100a4291ef7f846dd00db7764 from resource manager with leader id b5db8497e8ce3d05c556e206a4844cb7.
2025-08-01 15:22:45,621 [flink-akka.actor.default-dispatcher-7] [org.apache.flink.runtime.taskexecutor.TaskExecutor] [INFO] - Allocated slot for 4a311632d421c75b5343ae34e3138ca6.
2025-08-01 15:22:45,623 [flink-akka.actor.default-dispatcher-7] [org.apache.flink.runtime.taskexecutor.DefaultJobLeaderService] [INFO] - Add job 46370af100a4291ef7f846dd00db7764 for job leader monitoring.
2025-08-01 15:22:45,625 [mini-cluster-io-thread-4] [org.apache.flink.runtime.taskexecutor.DefaultJobLeaderService] [INFO] - Try to register at job manager akka://flink/user/rpc/jobmanager_3 with leader id 8891352f-6097-4da2-8a5d-c24b707da8d6.
2025-08-01 15:22:45,626 [flink-akka.actor.default-dispatcher-7] [org.apache.flink.runtime.taskexecutor.DefaultJobLeaderService] [INFO] - Resolved JobManager address, beginning registration
2025-08-01 15:22:45,631 [flink-akka.actor.default-dispatcher-7] [org.apache.flink.runtime.taskexecutor.DefaultJobLeaderService] [INFO] - Successful registration at job manager akka://flink/user/rpc/jobmanager_3 for job 46370af100a4291ef7f846dd00db7764.
2025-08-01 15:22:45,632 [flink-akka.actor.default-dispatcher-8] [org.apache.flink.runtime.taskexecutor.TaskExecutor] [INFO] - Establish JobManager connection for job 46370af100a4291ef7f846dd00db7764.
2025-08-01 15:22:45,636 [flink-akka.actor.default-dispatcher-8] [org.apache.flink.runtime.taskexecutor.TaskExecutor] [INFO] - Offer reserved slots to the leader of job 46370af100a4291ef7f846dd00db7764.
2025-08-01 15:22:45,646 [flink-akka.actor.default-dispatcher-7] [org.apache.flink.runtime.executiongraph.ExecutionGraph] [INFO] - Source: Custom Source -> Map -> Sink: Print to Std. Out (1/1) (2dd23852aca444635e0b5c48e6fce415) switched from SCHEDULED to DEPLOYING.
2025-08-01 15:22:45,649 [flink-akka.actor.default-dispatcher-7] [org.apache.flink.runtime.executiongraph.ExecutionGraph] [INFO] - Deploying Source: Custom Source -> Map -> Sink: Print to Std. Out (1/1) (attempt #0) with attempt id 2dd23852aca444635e0b5c48e6fce415 and vertex id cbc357ccb763df2852fee8c4fc7d55f2_0 to ba41e1b4-dc4a-4d61-9e68-aadbe4cc11ff @ 127.0.0.1 (dataPort=-1) with allocation id 4a311632d421c75b5343ae34e3138ca6
2025-08-01 15:22:45,657 [flink-akka.actor.default-dispatcher-7] [org.apache.flink.runtime.taskexecutor.slot.TaskSlotTableImpl] [INFO] - Activate slot 4a311632d421c75b5343ae34e3138ca6.
2025-08-01 15:22:45,660 [flink-akka.actor.default-dispatcher-9] [org.apache.flink.runtime.taskexecutor.slot.TaskSlotTableImpl] [INFO] - Activate slot 4a311632d421c75b5343ae34e3138ca6.
2025-08-01 15:22:45,683 [flink-akka.actor.default-dispatcher-9] [org.apache.flink.runtime.state.changelog.StateChangelogStorageLoader] [INFO] - StateChangelogStorageLoader initialized with shortcut names {memory}.
2025-08-01 15:22:45,683 [flink-akka.actor.default-dispatcher-9] [org.apache.flink.runtime.state.changelog.StateChangelogStorageLoader] [INFO] - Creating a changelog storage with name 'memory'.
2025-08-01 15:22:45,722 [flink-akka.actor.default-dispatcher-9] [org.apache.flink.runtime.taskexecutor.TaskExecutor] [INFO] - Received task Source: Custom Source -> Map -> Sink: Print to Std. Out (1/1)#0 (2dd23852aca444635e0b5c48e6fce415), deploy into slot with allocation id 4a311632d421c75b5343ae34e3138ca6.
2025-08-01 15:22:45,724 [Source: Custom Source -> Map -> Sink: Print to Std. Out (1/1)#0] [org.apache.flink.runtime.taskmanager.Task] [INFO] - Source: Custom Source -> Map -> Sink: Print to Std. Out (1/1)#0 (2dd23852aca444635e0b5c48e6fce415) switched from CREATED to DEPLOYING.
2025-08-01 15:22:45,730 [Source: Custom Source -> Map -> Sink: Print to Std. Out (1/1)#0] [org.apache.flink.runtime.taskmanager.Task] [INFO] - Loading JAR files for task Source: Custom Source -> Map -> Sink: Print to Std. Out (1/1)#0 (2dd23852aca444635e0b5c48e6fce415) [DEPLOYING].
2025-08-01 15:22:45,757 [Source: Custom Source -> Map -> Sink: Print to Std. Out (1/1)#0] [org.apache.flink.streaming.runtime.tasks.StreamTask] [INFO] - No state backend has been configured, using default (HashMap) org.apache.flink.runtime.state.hashmap.HashMapStateBackend@408ac6d1
2025-08-01 15:22:45,757 [Source: Custom Source -> Map -> Sink: Print to Std. Out (1/1)#0] [org.apache.flink.runtime.state.StateBackendLoader] [INFO] - State backend loader loads the state backend as HashMapStateBackend
2025-08-01 15:22:45,757 [Source: Custom Source -> Map -> Sink: Print to Std. Out (1/1)#0] [org.apache.flink.streaming.runtime.tasks.StreamTask] [INFO] - Checkpoint storage is set to 'jobmanager'
2025-08-01 15:22:45,766 [Source: Custom Source -> Map -> Sink: Print to Std. Out (1/1)#0] [org.apache.flink.runtime.taskmanager.Task] [INFO] - Source: Custom Source -> Map -> Sink: Print to Std. Out (1/1)#0 (2dd23852aca444635e0b5c48e6fce415) switched from DEPLOYING to INITIALIZING.
2025-08-01 15:22:45,767 [flink-akka.actor.default-dispatcher-9] [org.apache.flink.runtime.executiongraph.ExecutionGraph] [INFO] - Source: Custom Source -> Map -> Sink: Print to Std. Out (1/1) (2dd23852aca444635e0b5c48e6fce415) switched from DEPLOYING to INITIALIZING.
2025-08-01 15:22:45,829 [Source: Custom Source -> Map -> Sink: Print to Std. Out (1/1)#0] [org.apache.flink.runtime.taskmanager.Task] [INFO] - Source: Custom Source -> Map -> Sink: Print to Std. Out (1/1)#0 (2dd23852aca444635e0b5c48e6fce415) switched from INITIALIZING to RUNNING.
2025-08-01 15:22:45,830 [flink-akka.actor.default-dispatcher-9] [org.apache.flink.runtime.executiongraph.ExecutionGraph] [INFO] - Source: Custom Source -> Map -> Sink: Print to Std. Out (1/1) (2dd23852aca444635e0b5c48e6fce415) switched from INITIALIZING to RUNNING.
2025-09-08 09:27:28,435 [main] [org.apache.flink.api.java.typeutils.TypeExtractor] [INFO] - class org.example.app.StudentScoreAnalysis$StudentScore does not contain a setter for field studentName
2025-09-08 09:27:28,437 [main] [org.apache.flink.api.java.typeutils.TypeExtractor] [INFO] - Class class org.example.app.StudentScoreAnalysis$StudentScore cannot be used as a POJO type because not all fields are valid POJO fields, and must be processed as GenericType. Please read the Flink documentation on "Data Types & Serialization" for details of the effect on performance.
2025-09-08 09:27:28,792 [main] [org.apache.flink.runtime.taskexecutor.TaskExecutorResourceUtils] [INFO] - The configuration option taskmanager.cpu.cores required for local execution is not set, setting it to the maximal possible value.
2025-09-08 09:27:28,793 [main] [org.apache.flink.runtime.taskexecutor.TaskExecutorResourceUtils] [INFO] - The configuration option taskmanager.memory.task.heap.size required for local execution is not set, setting it to the maximal possible value.
2025-09-08 09:27:28,793 [main] [org.apache.flink.runtime.taskexecutor.TaskExecutorResourceUtils] [INFO] - The configuration option taskmanager.memory.task.off-heap.size required for local execution is not set, setting it to the maximal possible value.
2025-09-08 09:27:28,794 [main] [org.apache.flink.runtime.taskexecutor.TaskExecutorResourceUtils] [INFO] - The configuration option taskmanager.memory.network.min required for local execution is not set, setting it to its default value 64 mb.
2025-09-08 09:27:28,794 [main] [org.apache.flink.runtime.taskexecutor.TaskExecutorResourceUtils] [INFO] - The configuration option taskmanager.memory.network.max required for local execution is not set, setting it to its default value 64 mb.
2025-09-08 09:27:28,794 [main] [org.apache.flink.runtime.taskexecutor.TaskExecutorResourceUtils] [INFO] - The configuration option taskmanager.memory.managed.size required for local execution is not set, setting it to its default value 128 mb.
2025-09-08 09:27:28,797 [main] [org.apache.flink.runtime.minicluster.MiniCluster] [INFO] - Starting Flink Mini Cluster
2025-09-08 09:27:29,879 [main] [org.apache.flink.runtime.minicluster.MiniCluster] [INFO] - Starting Metrics Registry
2025-09-08 09:27:29,937 [main] [org.apache.flink.runtime.metrics.MetricRegistryImpl] [INFO] - No metrics reporter configured, no metrics will be exposed/reported.
2025-09-08 09:27:29,937 [main] [org.apache.flink.runtime.minicluster.MiniCluster] [INFO] - Starting RPC Service(s)
2025-09-08 09:27:29,954 [main] [org.apache.flink.runtime.rpc.akka.AkkaRpcServiceUtils] [INFO] - Trying to start local actor system
2025-09-08 09:27:30,567 [flink-akka.actor.default-dispatcher-4] [akka.event.slf4j.Slf4jLogger] [INFO] - Slf4jLogger started
2025-09-08 09:27:30,649 [main] [org.apache.flink.runtime.rpc.akka.AkkaRpcServiceUtils] [INFO] - Actor system started at akka://flink
2025-09-08 09:27:30,660 [main] [org.apache.flink.runtime.rpc.akka.AkkaRpcServiceUtils] [INFO] - Trying to start local actor system
2025-09-08 09:27:30,668 [flink-metrics-4] [akka.event.slf4j.Slf4jLogger] [INFO] - Slf4jLogger started
2025-09-08 09:27:30,674 [main] [org.apache.flink.runtime.rpc.akka.AkkaRpcServiceUtils] [INFO] - Actor system started at akka://flink-metrics
2025-09-08 09:27:30,683 [main] [org.apache.flink.runtime.rpc.akka.AkkaRpcService] [INFO] - Starting RPC endpoint for org.apache.flink.runtime.metrics.dump.MetricQueryService at akka://flink-metrics/user/rpc/MetricQueryService .
2025-09-08 09:27:30,737 [main] [org.apache.flink.runtime.blob.BlobServer] [INFO] - Created BLOB server storage directory C:\Users\Administrator\AppData\Local\Temp\minicluster_45522df8365d2ce8cbfe78ec765c1521\blobStorage
2025-09-08 09:27:30,741 [main] [org.apache.flink.runtime.blob.BlobServer] [INFO] - Started BLOB server at 0.0.0.0:5256 - max concurrent requests: 50 - max backlog: 1000
2025-09-08 09:27:30,764 [main] [org.apache.flink.runtime.blob.PermanentBlobCache] [INFO] - Created BLOB cache storage directory C:\Users\Administrator\AppData\Local\Temp\minicluster_45522df8365d2ce8cbfe78ec765c1521\blobStorage
2025-09-08 09:27:30,770 [main] [org.apache.flink.runtime.blob.TransientBlobCache] [INFO] - Created BLOB cache storage directory C:\Users\Administrator\AppData\Local\Temp\minicluster_45522df8365d2ce8cbfe78ec765c1521\blobStorage
2025-09-08 09:27:30,775 [main] [org.apache.flink.runtime.minicluster.MiniCluster] [INFO] - Starting 1 TaskManager(s)
2025-09-08 09:27:30,784 [main] [org.apache.flink.runtime.taskexecutor.TaskManagerRunner] [INFO] - Starting TaskManager with ResourceID: 01a8e1dd-3215-4a88-ac74-2b8ee458f07c
2025-09-08 09:27:30,820 [main] [org.apache.flink.runtime.taskexecutor.TaskManagerServices] [INFO] - Temporary file directory 'C:\Users\Administrator\AppData\Local\Temp': total 100 GB, usable 40 GB (40.00% usable)
2025-09-08 09:27:30,826 [main] [org.apache.flink.runtime.io.disk.iomanager.IOManager] [INFO] - Created a new FileChannelManager for spilling of task related data to disk (joins, sorting, ...). Used directories:
	C:\Users\Administrator\AppData\Local\Temp\flink-io-1d566619-1e08-4c42-9467-329ded7d16a1
2025-09-08 09:27:30,837 [main] [org.apache.flink.runtime.io.network.NettyShuffleServiceFactory] [INFO] - Created a new FileChannelManager for storing result partitions of BLOCKING shuffles. Used directories:
	C:\Users\Administrator\AppData\Local\Temp\flink-netty-shuffle-0d286a7e-ee89-4c69-81de-bed2418cc5ad
2025-09-08 09:27:30,865 [main] [org.apache.flink.runtime.io.network.buffer.NetworkBufferPool] [INFO] - Allocated 64 MB for network buffer pool (number of memory segments: 2048, bytes per segment: 32768).
2025-09-08 09:27:30,875 [main] [org.apache.flink.runtime.io.network.NettyShuffleEnvironment] [INFO] - Starting the network environment and its components.
2025-09-08 09:27:30,877 [main] [org.apache.flink.runtime.taskexecutor.KvStateService] [INFO] - Starting the kvState service and its components.
2025-09-08 09:27:30,888 [main] [org.apache.flink.configuration.Configuration] [INFO] - Config uses fallback configuration key 'akka.ask.timeout' instead of key 'taskmanager.slot.timeout'
2025-09-08 09:27:30,899 [main] [org.apache.flink.runtime.rpc.akka.AkkaRpcService] [INFO] - Starting RPC endpoint for org.apache.flink.runtime.taskexecutor.TaskExecutor at akka://flink/user/rpc/taskmanager_0 .
2025-09-08 09:27:30,917 [flink-akka.actor.default-dispatcher-4] [org.apache.flink.runtime.taskexecutor.DefaultJobLeaderService] [INFO] - Start job leader service.
2025-09-08 09:27:30,920 [flink-akka.actor.default-dispatcher-4] [org.apache.flink.runtime.filecache.FileCache] [INFO] - User file cache uses directory C:\Users\Administrator\AppData\Local\Temp\flink-dist-cache-6e4bb2f0-3129-4ee6-b5e1-e9fc1764f015
2025-09-08 09:27:30,964 [main] [org.apache.flink.runtime.dispatcher.DispatcherRestEndpoint] [INFO] - Starting rest endpoint.
2025-09-08 09:27:31,215 [main] [org.apache.flink.runtime.webmonitor.WebMonitorUtils] [WARN] - Log file environment variable 'log.file' is not set.
2025-09-08 09:27:31,215 [main] [org.apache.flink.runtime.webmonitor.WebMonitorUtils] [WARN] - JobManager log files are unavailable in the web dashboard. Log file location not found in environment variable 'log.file' or configuration key 'web.log.path'.
2025-09-08 09:27:32,259 [main] [org.apache.flink.runtime.dispatcher.DispatcherRestEndpoint] [INFO] - Rest endpoint listening at localhost:5294
2025-09-08 09:27:32,260 [main] [org.apache.flink.runtime.highavailability.nonha.embedded.EmbeddedLeaderService] [INFO] - Proposing leadership to contender http://localhost:5294
2025-09-08 09:27:32,261 [main] [org.apache.flink.runtime.dispatcher.DispatcherRestEndpoint] [INFO] - Web frontend listening at http://localhost:5294.
2025-09-08 09:27:32,262 [mini-cluster-io-thread-1] [org.apache.flink.runtime.dispatcher.DispatcherRestEndpoint] [INFO] - http://localhost:5294 was granted leadership with leaderSessionID=4013a9d6-9ce8-4ae5-82c6-40f0fa4b66b8
2025-09-08 09:27:32,262 [mini-cluster-io-thread-1] [org.apache.flink.runtime.highavailability.nonha.embedded.EmbeddedLeaderService] [INFO] - Received confirmation of leadership for leader http://localhost:5294 , session=4013a9d6-9ce8-4ae5-82c6-40f0fa4b66b8
2025-09-08 09:27:32,272 [main] [org.apache.flink.runtime.highavailability.nonha.embedded.EmbeddedLeaderService] [INFO] - Proposing leadership to contender LeaderContender: DefaultDispatcherRunner
2025-09-08 09:27:32,273 [main] [org.apache.flink.runtime.resourcemanager.ResourceManagerServiceImpl] [INFO] - Starting resource manager service.
2025-09-08 09:27:32,273 [main] [org.apache.flink.runtime.highavailability.nonha.embedded.EmbeddedLeaderService] [INFO] - Proposing leadership to contender LeaderContender: ResourceManagerServiceImpl
2025-09-08 09:27:32,273 [mini-cluster-io-thread-2] [org.apache.flink.runtime.dispatcher.runner.DefaultDispatcherRunner] [INFO] - DefaultDispatcherRunner was granted leadership with leader id 10030f71-daf9-427d-a7bf-01f11c8bd022. Creating new DispatcherLeaderProcess.
2025-09-08 09:27:32,274 [pool-2-thread-1] [org.apache.flink.runtime.resourcemanager.ResourceManagerServiceImpl] [INFO] - Resource manager service is granted leadership with session id 0e1aa502-0439-4932-a98a-35b11c429bb1.
2025-09-08 09:27:32,276 [main] [org.apache.flink.runtime.minicluster.MiniCluster] [INFO] - Flink Mini Cluster started successfully
2025-09-08 09:27:32,279 [mini-cluster-io-thread-2] [org.apache.flink.runtime.dispatcher.runner.SessionDispatcherLeaderProcess] [INFO] - Start SessionDispatcherLeaderProcess.
2025-09-08 09:27:32,283 [mini-cluster-io-thread-1] [org.apache.flink.runtime.dispatcher.runner.SessionDispatcherLeaderProcess] [INFO] - Recover all persisted job graphs that are not finished, yet.
2025-09-08 09:27:32,283 [mini-cluster-io-thread-1] [org.apache.flink.runtime.dispatcher.runner.SessionDispatcherLeaderProcess] [INFO] - Successfully recovered 0 persisted job graphs.
2025-09-08 09:27:32,292 [pool-2-thread-1] [org.apache.flink.runtime.rpc.akka.AkkaRpcService] [INFO] - Starting RPC endpoint for org.apache.flink.runtime.resourcemanager.StandaloneResourceManager at akka://flink/user/rpc/resourcemanager_1 .
2025-09-08 09:27:32,296 [mini-cluster-io-thread-1] [org.apache.flink.runtime.rpc.akka.AkkaRpcService] [INFO] - Starting RPC endpoint for org.apache.flink.runtime.dispatcher.StandaloneDispatcher at akka://flink/user/rpc/dispatcher_2 .
2025-09-08 09:27:32,305 [flink-akka.actor.default-dispatcher-4] [org.apache.flink.runtime.resourcemanager.StandaloneResourceManager] [INFO] - Starting the resource manager.
2025-09-08 09:27:32,313 [mini-cluster-io-thread-4] [org.apache.flink.runtime.highavailability.nonha.embedded.EmbeddedLeaderService] [INFO] - Received confirmation of leadership for leader akka://flink/user/rpc/resourcemanager_1 , session=0e1aa502-0439-4932-a98a-35b11c429bb1
2025-09-08 09:27:32,314 [flink-akka.actor.default-dispatcher-4] [org.apache.flink.runtime.taskexecutor.TaskExecutor] [INFO] - Connecting to ResourceManager akka://flink/user/rpc/resourcemanager_1(a98a35b11c429bb10e1aa50204394932).
2025-09-08 09:27:32,318 [mini-cluster-io-thread-1] [org.apache.flink.runtime.highavailability.nonha.embedded.EmbeddedLeaderService] [INFO] - Received confirmation of leadership for leader akka://flink/user/rpc/dispatcher_2 , session=10030f71-daf9-427d-a7bf-01f11c8bd022
2025-09-08 09:27:32,342 [flink-akka.actor.default-dispatcher-6] [org.apache.flink.runtime.taskexecutor.TaskExecutor] [INFO] - Resolved ResourceManager address, beginning registration
2025-09-08 09:27:32,351 [flink-akka.actor.default-dispatcher-8] [org.apache.flink.runtime.resourcemanager.StandaloneResourceManager] [INFO] - Registering TaskManager with ResourceID 01a8e1dd-3215-4a88-ac74-2b8ee458f07c (akka://flink/user/rpc/taskmanager_0) at ResourceManager
2025-09-08 09:27:32,353 [flink-akka.actor.default-dispatcher-7] [org.apache.flink.runtime.dispatcher.StandaloneDispatcher] [INFO] - Received JobGraph submission '学生得分滚动统计' (ee7013348d1e9573092074e05c2b3483).
2025-09-08 09:27:32,354 [flink-akka.actor.default-dispatcher-8] [org.apache.flink.runtime.taskexecutor.TaskExecutor] [INFO] - Successful registration at resource manager akka://flink/user/rpc/resourcemanager_1 under registration id e3eec50d662309ed23a3ae60eca982c2.
2025-09-08 09:27:32,354 [flink-akka.actor.default-dispatcher-7] [org.apache.flink.runtime.dispatcher.StandaloneDispatcher] [INFO] - Submitting job '学生得分滚动统计' (ee7013348d1e9573092074e05c2b3483).
2025-09-08 09:27:32,370 [flink-akka.actor.default-dispatcher-7] [org.apache.flink.runtime.highavailability.nonha.embedded.EmbeddedLeaderService] [INFO] - Proposing leadership to contender LeaderContender: JobMasterServiceLeadershipRunner
2025-09-08 09:27:32,383 [jobmanager-io-thread-1] [org.apache.flink.runtime.rpc.akka.AkkaRpcService] [INFO] - Starting RPC endpoint for org.apache.flink.runtime.jobmaster.JobMaster at akka://flink/user/rpc/jobmanager_3 .
2025-09-08 09:27:32,389 [jobmanager-io-thread-1] [org.apache.flink.runtime.jobmaster.JobMaster] [INFO] - Initializing job '学生得分滚动统计' (ee7013348d1e9573092074e05c2b3483).
2025-09-08 09:27:32,409 [jobmanager-io-thread-1] [org.apache.flink.runtime.jobmaster.JobMaster] [INFO] - Using restart back off time strategy NoRestartBackoffTimeStrategy for 学生得分滚动统计 (ee7013348d1e9573092074e05c2b3483).
2025-09-08 09:27:32,451 [jobmanager-io-thread-1] [org.apache.flink.runtime.jobmaster.JobMaster] [INFO] - Running initialization on master for job 学生得分滚动统计 (ee7013348d1e9573092074e05c2b3483).
2025-09-08 09:27:32,452 [jobmanager-io-thread-1] [org.apache.flink.runtime.jobmaster.JobMaster] [INFO] - Successfully ran initialization on master in 0 ms.
2025-09-08 09:27:32,479 [jobmanager-io-thread-1] [org.apache.flink.runtime.scheduler.adapter.DefaultExecutionTopology] [INFO] - Built 1 new pipelined regions in 1 ms, total 1 pipelined regions currently.
2025-09-08 09:27:32,491 [jobmanager-io-thread-1] [org.apache.flink.runtime.jobmaster.JobMaster] [INFO] - No state backend has been configured, using default (HashMap) org.apache.flink.runtime.state.hashmap.HashMapStateBackend@4a8ca907
2025-09-08 09:27:32,492 [jobmanager-io-thread-1] [org.apache.flink.runtime.state.StateBackendLoader] [INFO] - State backend loader loads the state backend as HashMapStateBackend
2025-09-08 09:27:32,493 [jobmanager-io-thread-1] [org.apache.flink.runtime.jobmaster.JobMaster] [INFO] - Checkpoint storage is set to 'jobmanager'
2025-09-08 09:27:32,524 [jobmanager-io-thread-1] [org.apache.flink.runtime.checkpoint.CheckpointCoordinator] [INFO] - No checkpoint found during restore.
2025-09-08 09:27:32,531 [jobmanager-io-thread-1] [org.apache.flink.runtime.jobmaster.JobMaster] [INFO] - Using failover strategy org.apache.flink.runtime.executiongraph.failover.flip1.RestartPipelinedRegionFailoverStrategy@28c62cf3 for 学生得分滚动统计 (ee7013348d1e9573092074e05c2b3483).
2025-09-08 09:27:32,539 [jobmanager-io-thread-1] [org.apache.flink.runtime.highavailability.nonha.embedded.EmbeddedLeaderService] [INFO] - Received confirmation of leadership for leader akka://flink/user/rpc/jobmanager_3 , session=96394423-9696-4ade-8395-2a3dbd63c96a
2025-09-08 09:27:32,541 [flink-akka.actor.default-dispatcher-6] [org.apache.flink.runtime.jobmaster.JobMaster] [INFO] - Starting execution of job '学生得分滚动统计' (ee7013348d1e9573092074e05c2b3483) under job master id 83952a3dbd63c96a9639442396964ade.
2025-09-08 09:27:32,544 [flink-akka.actor.default-dispatcher-6] [org.apache.flink.runtime.jobmaster.JobMaster] [INFO] - Starting scheduling with scheduling strategy [org.apache.flink.runtime.scheduler.strategy.PipelinedRegionSchedulingStrategy]
2025-09-08 09:27:32,544 [flink-akka.actor.default-dispatcher-6] [org.apache.flink.runtime.executiongraph.ExecutionGraph] [INFO] - Job 学生得分滚动统计 (ee7013348d1e9573092074e05c2b3483) switched from state CREATED to RUNNING.
2025-09-08 09:27:32,547 [flink-akka.actor.default-dispatcher-6] [org.apache.flink.runtime.executiongraph.ExecutionGraph] [INFO] - Source: student-score-source -> Timestamps/Watermarks (1/1) (c6288f94b027a29c80c7da186b496294) switched from CREATED to SCHEDULED.
2025-09-08 09:27:32,548 [flink-akka.actor.default-dispatcher-6] [org.apache.flink.runtime.executiongraph.ExecutionGraph] [INFO] - TumblingProcessingTimeWindows -> Sink: console-sink (1/1) (74b854e204963b3a10f3d4435e3c3212) switched from CREATED to SCHEDULED.
2025-09-08 09:27:32,562 [flink-akka.actor.default-dispatcher-6] [org.apache.flink.runtime.jobmaster.JobMaster] [INFO] - Connecting to ResourceManager akka://flink/user/rpc/resourcemanager_1(a98a35b11c429bb10e1aa50204394932)
2025-09-08 09:27:32,563 [flink-akka.actor.default-dispatcher-7] [org.apache.flink.runtime.jobmaster.JobMaster] [INFO] - Resolved ResourceManager address, beginning registration
2025-09-08 09:27:32,565 [flink-akka.actor.default-dispatcher-7] [org.apache.flink.runtime.resourcemanager.StandaloneResourceManager] [INFO] - Registering job manager 83952a3dbd63c96a9639442396964ade@akka://flink/user/rpc/jobmanager_3 for job ee7013348d1e9573092074e05c2b3483.
2025-09-08 09:27:32,569 [flink-akka.actor.default-dispatcher-8] [org.apache.flink.runtime.resourcemanager.StandaloneResourceManager] [INFO] - Registered job manager 83952a3dbd63c96a9639442396964ade@akka://flink/user/rpc/jobmanager_3 for job ee7013348d1e9573092074e05c2b3483.
2025-09-08 09:27:32,570 [flink-akka.actor.default-dispatcher-8] [org.apache.flink.runtime.jobmaster.JobMaster] [INFO] - JobManager successfully registered at ResourceManager, leader id: a98a35b11c429bb10e1aa50204394932.
2025-09-08 09:27:32,572 [flink-akka.actor.default-dispatcher-7] [org.apache.flink.runtime.resourcemanager.slotmanager.DeclarativeSlotManager] [INFO] - Received resource requirements from job ee7013348d1e9573092074e05c2b3483: [ResourceRequirement{resourceProfile=ResourceProfile{UNKNOWN}, numberOfRequiredSlots=1}]
2025-09-08 09:27:32,575 [flink-akka.actor.default-dispatcher-8] [org.apache.flink.runtime.taskexecutor.TaskExecutor] [INFO] - Receive slot request 0d5a897617a84433fba343ec19dafc71 for job ee7013348d1e9573092074e05c2b3483 from resource manager with leader id a98a35b11c429bb10e1aa50204394932.
2025-09-08 09:27:32,579 [flink-akka.actor.default-dispatcher-8] [org.apache.flink.runtime.taskexecutor.TaskExecutor] [INFO] - Allocated slot for 0d5a897617a84433fba343ec19dafc71.
2025-09-08 09:27:32,580 [flink-akka.actor.default-dispatcher-8] [org.apache.flink.runtime.taskexecutor.DefaultJobLeaderService] [INFO] - Add job ee7013348d1e9573092074e05c2b3483 for job leader monitoring.
2025-09-08 09:27:32,582 [mini-cluster-io-thread-1] [org.apache.flink.runtime.taskexecutor.DefaultJobLeaderService] [INFO] - Try to register at job manager akka://flink/user/rpc/jobmanager_3 with leader id 96394423-9696-4ade-8395-2a3dbd63c96a.
2025-09-08 09:27:32,582 [flink-akka.actor.default-dispatcher-8] [org.apache.flink.runtime.taskexecutor.DefaultJobLeaderService] [INFO] - Resolved JobManager address, beginning registration
2025-09-08 09:27:32,586 [flink-akka.actor.default-dispatcher-7] [org.apache.flink.runtime.taskexecutor.DefaultJobLeaderService] [INFO] - Successful registration at job manager akka://flink/user/rpc/jobmanager_3 for job ee7013348d1e9573092074e05c2b3483.
2025-09-08 09:27:32,587 [flink-akka.actor.default-dispatcher-7] [org.apache.flink.runtime.taskexecutor.TaskExecutor] [INFO] - Establish JobManager connection for job ee7013348d1e9573092074e05c2b3483.
2025-09-08 09:27:32,590 [flink-akka.actor.default-dispatcher-7] [org.apache.flink.runtime.taskexecutor.TaskExecutor] [INFO] - Offer reserved slots to the leader of job ee7013348d1e9573092074e05c2b3483.
2025-09-08 09:27:32,596 [flink-akka.actor.default-dispatcher-4] [org.apache.flink.runtime.executiongraph.ExecutionGraph] [INFO] - Source: student-score-source -> Timestamps/Watermarks (1/1) (c6288f94b027a29c80c7da186b496294) switched from SCHEDULED to DEPLOYING.
2025-09-08 09:27:32,605 [flink-akka.actor.default-dispatcher-4] [org.apache.flink.runtime.executiongraph.ExecutionGraph] [INFO] - Deploying Source: student-score-source -> Timestamps/Watermarks (1/1) (attempt #0) with attempt id c6288f94b027a29c80c7da186b496294 and vertex id cbc357ccb763df2852fee8c4fc7d55f2_0 to 01a8e1dd-3215-4a88-ac74-2b8ee458f07c @ 127.0.0.1 (dataPort=-1) with allocation id 0d5a897617a84433fba343ec19dafc71
2025-09-08 09:27:32,608 [flink-akka.actor.default-dispatcher-4] [org.apache.flink.runtime.executiongraph.ExecutionGraph] [INFO] - TumblingProcessingTimeWindows -> Sink: console-sink (1/1) (74b854e204963b3a10f3d4435e3c3212) switched from SCHEDULED to DEPLOYING.
2025-09-08 09:27:32,608 [flink-akka.actor.default-dispatcher-4] [org.apache.flink.runtime.executiongraph.ExecutionGraph] [INFO] - Deploying TumblingProcessingTimeWindows -> Sink: console-sink (1/1) (attempt #0) with attempt id 74b854e204963b3a10f3d4435e3c3212 and vertex id 90bea66de1c231edf33913ecd54406c1_0 to 01a8e1dd-3215-4a88-ac74-2b8ee458f07c @ 127.0.0.1 (dataPort=-1) with allocation id 0d5a897617a84433fba343ec19dafc71
2025-09-08 09:27:32,609 [flink-akka.actor.default-dispatcher-7] [org.apache.flink.runtime.taskexecutor.slot.TaskSlotTableImpl] [INFO] - Activate slot 0d5a897617a84433fba343ec19dafc71.
2025-09-08 09:27:32,617 [flink-akka.actor.default-dispatcher-7] [org.apache.flink.runtime.state.changelog.StateChangelogStorageLoader] [INFO] - StateChangelogStorageLoader initialized with shortcut names {memory}.
2025-09-08 09:27:32,617 [flink-akka.actor.default-dispatcher-7] [org.apache.flink.runtime.state.changelog.StateChangelogStorageLoader] [INFO] - Creating a changelog storage with name 'memory'.
2025-09-08 09:27:32,633 [flink-akka.actor.default-dispatcher-7] [org.apache.flink.runtime.taskexecutor.TaskExecutor] [INFO] - Received task Source: student-score-source -> Timestamps/Watermarks (1/1)#0 (c6288f94b027a29c80c7da186b496294), deploy into slot with allocation id 0d5a897617a84433fba343ec19dafc71.
2025-09-08 09:27:32,634 [Source: student-score-source -> Timestamps/Watermarks (1/1)#0] [org.apache.flink.runtime.taskmanager.Task] [INFO] - Source: student-score-source -> Timestamps/Watermarks (1/1)#0 (c6288f94b027a29c80c7da186b496294) switched from CREATED to DEPLOYING.
2025-09-08 09:27:32,635 [flink-akka.actor.default-dispatcher-7] [org.apache.flink.runtime.taskexecutor.slot.TaskSlotTableImpl] [INFO] - Activate slot 0d5a897617a84433fba343ec19dafc71.
2025-09-08 09:27:32,637 [Source: student-score-source -> Timestamps/Watermarks (1/1)#0] [org.apache.flink.runtime.taskmanager.Task] [INFO] - Loading JAR files for task Source: student-score-source -> Timestamps/Watermarks (1/1)#0 (c6288f94b027a29c80c7da186b496294) [DEPLOYING].
2025-09-08 09:27:32,647 [flink-akka.actor.default-dispatcher-7] [org.apache.flink.runtime.taskexecutor.TaskExecutor] [INFO] - Received task TumblingProcessingTimeWindows -> Sink: console-sink (1/1)#0 (74b854e204963b3a10f3d4435e3c3212), deploy into slot with allocation id 0d5a897617a84433fba343ec19dafc71.
2025-09-08 09:27:32,648 [TumblingProcessingTimeWindows -> Sink: console-sink (1/1)#0] [org.apache.flink.runtime.taskmanager.Task] [INFO] - TumblingProcessingTimeWindows -> Sink: console-sink (1/1)#0 (74b854e204963b3a10f3d4435e3c3212) switched from CREATED to DEPLOYING.
2025-09-08 09:27:32,648 [TumblingProcessingTimeWindows -> Sink: console-sink (1/1)#0] [org.apache.flink.runtime.taskmanager.Task] [INFO] - Loading JAR files for task TumblingProcessingTimeWindows -> Sink: console-sink (1/1)#0 (74b854e204963b3a10f3d4435e3c3212) [DEPLOYING].
2025-09-08 09:27:32,649 [flink-akka.actor.default-dispatcher-7] [org.apache.flink.runtime.taskexecutor.slot.TaskSlotTableImpl] [INFO] - Activate slot 0d5a897617a84433fba343ec19dafc71.
2025-09-08 09:27:32,662 [TumblingProcessingTimeWindows -> Sink: console-sink (1/1)#0] [org.apache.flink.streaming.runtime.tasks.StreamTask] [INFO] - No state backend has been configured, using default (HashMap) org.apache.flink.runtime.state.hashmap.HashMapStateBackend@4bb57af
2025-09-08 09:27:32,662 [TumblingProcessingTimeWindows -> Sink: console-sink (1/1)#0] [org.apache.flink.runtime.state.StateBackendLoader] [INFO] - State backend loader loads the state backend as HashMapStateBackend
2025-09-08 09:27:32,662 [TumblingProcessingTimeWindows -> Sink: console-sink (1/1)#0] [org.apache.flink.streaming.runtime.tasks.StreamTask] [INFO] - Checkpoint storage is set to 'jobmanager'
2025-09-08 09:27:32,664 [Source: student-score-source -> Timestamps/Watermarks (1/1)#0] [org.apache.flink.streaming.runtime.tasks.StreamTask] [INFO] - No state backend has been configured, using default (HashMap) org.apache.flink.runtime.state.hashmap.HashMapStateBackend@47bc72c8
2025-09-08 09:27:32,664 [Source: student-score-source -> Timestamps/Watermarks (1/1)#0] [org.apache.flink.runtime.state.StateBackendLoader] [INFO] - State backend loader loads the state backend as HashMapStateBackend
2025-09-08 09:27:32,664 [Source: student-score-source -> Timestamps/Watermarks (1/1)#0] [org.apache.flink.streaming.runtime.tasks.StreamTask] [INFO] - Checkpoint storage is set to 'jobmanager'
2025-09-08 09:27:32,668 [TumblingProcessingTimeWindows -> Sink: console-sink (1/1)#0] [org.apache.flink.runtime.taskmanager.Task] [INFO] - TumblingProcessingTimeWindows -> Sink: console-sink (1/1)#0 (74b854e204963b3a10f3d4435e3c3212) switched from DEPLOYING to INITIALIZING.
2025-09-08 09:27:32,669 [Source: student-score-source -> Timestamps/Watermarks (1/1)#0] [org.apache.flink.runtime.taskmanager.Task] [INFO] - Source: student-score-source -> Timestamps/Watermarks (1/1)#0 (c6288f94b027a29c80c7da186b496294) switched from DEPLOYING to INITIALIZING.
2025-09-08 09:27:32,669 [flink-akka.actor.default-dispatcher-7] [org.apache.flink.runtime.executiongraph.ExecutionGraph] [INFO] - TumblingProcessingTimeWindows -> Sink: console-sink (1/1) (74b854e204963b3a10f3d4435e3c3212) switched from DEPLOYING to INITIALIZING.
2025-09-08 09:27:32,670 [flink-akka.actor.default-dispatcher-7] [org.apache.flink.runtime.executiongraph.ExecutionGraph] [INFO] - Source: student-score-source -> Timestamps/Watermarks (1/1) (c6288f94b027a29c80c7da186b496294) switched from DEPLOYING to INITIALIZING.
2025-09-08 09:27:32,726 [Source: student-score-source -> Timestamps/Watermarks (1/1)#0] [org.apache.flink.runtime.taskmanager.Task] [INFO] - Source: student-score-source -> Timestamps/Watermarks (1/1)#0 (c6288f94b027a29c80c7da186b496294) switched from INITIALIZING to RUNNING.
2025-09-08 09:27:32,727 [flink-akka.actor.default-dispatcher-7] [org.apache.flink.runtime.executiongraph.ExecutionGraph] [INFO] - Source: student-score-source -> Timestamps/Watermarks (1/1) (c6288f94b027a29c80c7da186b496294) switched from INITIALIZING to RUNNING.
2025-09-08 09:27:32,730 [Legacy Source Thread - Source: student-score-source -> Timestamps/Watermarks (1/1)#0] [org.apache.flink.api.java.typeutils.runtime.kryo.KryoSerializer] [INFO] - Kryo serializer scala extensions are not available.
2025-09-08 09:27:32,735 [TumblingProcessingTimeWindows -> Sink: console-sink (1/1)#0] [org.apache.flink.runtime.state.heap.HeapKeyedStateBackendBuilder] [INFO] - Finished to build heap keyed state-backend.
2025-09-08 09:27:32,742 [TumblingProcessingTimeWindows -> Sink: console-sink (1/1)#0] [org.apache.flink.runtime.state.heap.HeapKeyedStateBackend] [INFO] - Initializing heap keyed state backend with stream factory.
2025-09-08 09:27:32,757 [TumblingProcessingTimeWindows -> Sink: console-sink (1/1)#0] [org.apache.flink.runtime.taskmanager.Task] [INFO] - TumblingProcessingTimeWindows -> Sink: console-sink (1/1)#0 (74b854e204963b3a10f3d4435e3c3212) switched from INITIALIZING to RUNNING.
2025-09-08 09:27:32,757 [flink-akka.actor.default-dispatcher-6] [org.apache.flink.runtime.executiongraph.ExecutionGraph] [INFO] - TumblingProcessingTimeWindows -> Sink: console-sink (1/1) (74b854e204963b3a10f3d4435e3c3212) switched from INITIALIZING to RUNNING.
2025-09-08 09:27:32,780 [Source: student-score-source -> Timestamps/Watermarks (1/1)#0] [org.apache.flink.runtime.taskmanager.Task] [WARN] - Source: student-score-source -> Timestamps/Watermarks (1/1)#0 (c6288f94b027a29c80c7da186b496294) switched from RUNNING to FAILED with failure cause: java.lang.NullPointerException: Assigned key must not be null!
	at org.apache.flink.util.Preconditions.checkNotNull(Preconditions.java:76)
	at org.apache.flink.runtime.state.KeyGroupRangeAssignment.assignKeyToParallelOperator(KeyGroupRangeAssignment.java:51)
	at org.apache.flink.streaming.runtime.partitioner.KeyGroupStreamPartitioner.selectChannel(KeyGroupStreamPartitioner.java:63)
	at org.apache.flink.streaming.runtime.partitioner.KeyGroupStreamPartitioner.selectChannel(KeyGroupStreamPartitioner.java:35)
	at org.apache.flink.runtime.io.network.api.writer.ChannelSelectorRecordWriter.emit(ChannelSelectorRecordWriter.java:54)
	at org.apache.flink.streaming.runtime.io.RecordWriterOutput.pushToRecordWriter(RecordWriterOutput.java:104)
	at org.apache.flink.streaming.runtime.io.RecordWriterOutput.collect(RecordWriterOutput.java:90)
	at org.apache.flink.streaming.runtime.io.RecordWriterOutput.collect(RecordWriterOutput.java:44)
	at org.apache.flink.streaming.api.operators.CountingOutput.collect(CountingOutput.java:56)
	at org.apache.flink.streaming.api.operators.CountingOutput.collect(CountingOutput.java:29)
	at org.apache.flink.streaming.runtime.operators.TimestampsAndWatermarksOperator.processElement(TimestampsAndWatermarksOperator.java:103)
	at org.apache.flink.streaming.runtime.tasks.CopyingChainingOutput.pushToOperator(CopyingChainingOutput.java:82)
	at org.apache.flink.streaming.runtime.tasks.CopyingChainingOutput.collect(CopyingChainingOutput.java:57)
	at org.apache.flink.streaming.runtime.tasks.CopyingChainingOutput.collect(CopyingChainingOutput.java:29)
	at org.apache.flink.streaming.api.operators.CountingOutput.collect(CountingOutput.java:56)
	at org.apache.flink.streaming.api.operators.CountingOutput.collect(CountingOutput.java:29)
	at org.apache.flink.streaming.api.operators.StreamSourceContexts$ManualWatermarkContext.processAndCollect(StreamSourceContexts.java:418)
	at org.apache.flink.streaming.api.operators.StreamSourceContexts$WatermarkContext.collect(StreamSourceContexts.java:513)
	at org.apache.flink.streaming.api.operators.StreamSourceContexts$SwitchingOnClose.collect(StreamSourceContexts.java:103)
	at org.example.app.StudentScoreAnalysis$1.run(StudentScoreAnalysis.java:25)
	at org.apache.flink.streaming.api.operators.StreamSource.run(StreamSource.java:110)
	at org.apache.flink.streaming.api.operators.StreamSource.run(StreamSource.java:67)
	at org.apache.flink.streaming.runtime.tasks.SourceStreamTask$LegacySourceFunctionThread.run(SourceStreamTask.java:332)

2025-09-08 09:27:32,781 [Source: student-score-source -> Timestamps/Watermarks (1/1)#0] [org.apache.flink.runtime.taskmanager.Task] [INFO] - Freeing task resources for Source: student-score-source -> Timestamps/Watermarks (1/1)#0 (c6288f94b027a29c80c7da186b496294).
2025-09-08 09:27:32,783 [flink-akka.actor.default-dispatcher-7] [org.apache.flink.runtime.taskexecutor.TaskExecutor] [INFO] - Un-registering task and sending final execution state FAILED to JobManager for task Source: student-score-source -> Timestamps/Watermarks (1/1)#0 c6288f94b027a29c80c7da186b496294.
2025-09-08 09:27:32,789 [flink-akka.actor.default-dispatcher-6] [org.apache.flink.runtime.executiongraph.ExecutionGraph] [INFO] - Source: student-score-source -> Timestamps/Watermarks (1/1) (c6288f94b027a29c80c7da186b496294) switched from RUNNING to FAILED on 01a8e1dd-3215-4a88-ac74-2b8ee458f07c @ 127.0.0.1 (dataPort=-1).
java.lang.NullPointerException: Assigned key must not be null!
	at org.apache.flink.util.Preconditions.checkNotNull(Preconditions.java:76)
	at org.apache.flink.runtime.state.KeyGroupRangeAssignment.assignKeyToParallelOperator(KeyGroupRangeAssignment.java:51)
	at org.apache.flink.streaming.runtime.partitioner.KeyGroupStreamPartitioner.selectChannel(KeyGroupStreamPartitioner.java:63)
	at org.apache.flink.streaming.runtime.partitioner.KeyGroupStreamPartitioner.selectChannel(KeyGroupStreamPartitioner.java:35)
	at org.apache.flink.runtime.io.network.api.writer.ChannelSelectorRecordWriter.emit(ChannelSelectorRecordWriter.java:54)
	at org.apache.flink.streaming.runtime.io.RecordWriterOutput.pushToRecordWriter(RecordWriterOutput.java:104)
	at org.apache.flink.streaming.runtime.io.RecordWriterOutput.collect(RecordWriterOutput.java:90)
	at org.apache.flink.streaming.runtime.io.RecordWriterOutput.collect(RecordWriterOutput.java:44)
	at org.apache.flink.streaming.api.operators.CountingOutput.collect(CountingOutput.java:56)
	at org.apache.flink.streaming.api.operators.CountingOutput.collect(CountingOutput.java:29)
	at org.apache.flink.streaming.runtime.operators.TimestampsAndWatermarksOperator.processElement(TimestampsAndWatermarksOperator.java:103)
	at org.apache.flink.streaming.runtime.tasks.CopyingChainingOutput.pushToOperator(CopyingChainingOutput.java:82)
	at org.apache.flink.streaming.runtime.tasks.CopyingChainingOutput.collect(CopyingChainingOutput.java:57)
	at org.apache.flink.streaming.runtime.tasks.CopyingChainingOutput.collect(CopyingChainingOutput.java:29)
	at org.apache.flink.streaming.api.operators.CountingOutput.collect(CountingOutput.java:56)
	at org.apache.flink.streaming.api.operators.CountingOutput.collect(CountingOutput.java:29)
	at org.apache.flink.streaming.api.operators.StreamSourceContexts$ManualWatermarkContext.processAndCollect(StreamSourceContexts.java:418)
	at org.apache.flink.streaming.api.operators.StreamSourceContexts$WatermarkContext.collect(StreamSourceContexts.java:513)
	at org.apache.flink.streaming.api.operators.StreamSourceContexts$SwitchingOnClose.collect(StreamSourceContexts.java:103)
	at org.example.app.StudentScoreAnalysis$1.run(StudentScoreAnalysis.java:25)
	at org.apache.flink.streaming.api.operators.StreamSource.run(StreamSource.java:110)
	at org.apache.flink.streaming.api.operators.StreamSource.run(StreamSource.java:67)
	at org.apache.flink.streaming.runtime.tasks.SourceStreamTask$LegacySourceFunctionThread.run(SourceStreamTask.java:332)
2025-09-08 09:27:32,793 [flink-akka.actor.default-dispatcher-6] [org.apache.flink.runtime.executiongraph.failover.flip1.RestartPipelinedRegionFailoverStrategy] [INFO] - Calculating tasks to restart to recover the failed task cbc357ccb763df2852fee8c4fc7d55f2_0.
2025-09-08 09:27:32,794 [flink-akka.actor.default-dispatcher-6] [org.apache.flink.runtime.executiongraph.failover.flip1.RestartPipelinedRegionFailoverStrategy] [INFO] - 2 tasks should be restarted to recover the failed task cbc357ccb763df2852fee8c4fc7d55f2_0. 
2025-09-08 09:27:32,796 [flink-akka.actor.default-dispatcher-6] [org.apache.flink.runtime.executiongraph.ExecutionGraph] [INFO] - Job 学生得分滚动统计 (ee7013348d1e9573092074e05c2b3483) switched from state RUNNING to FAILING.
org.apache.flink.runtime.JobException: Recovery is suppressed by NoRestartBackoffTimeStrategy
	at org.apache.flink.runtime.executiongraph.failover.flip1.ExecutionFailureHandler.handleFailure(ExecutionFailureHandler.java:138)
	at org.apache.flink.runtime.executiongraph.failover.flip1.ExecutionFailureHandler.getFailureHandlingResult(ExecutionFailureHandler.java:82)
	at org.apache.flink.runtime.scheduler.DefaultScheduler.handleTaskFailure(DefaultScheduler.java:301)
	at org.apache.flink.runtime.scheduler.DefaultScheduler.maybeHandleTaskFailure(DefaultScheduler.java:291)
	at org.apache.flink.runtime.scheduler.DefaultScheduler.updateTaskExecutionStateInternal(DefaultScheduler.java:282)
	at org.apache.flink.runtime.scheduler.SchedulerBase.updateTaskExecutionState(SchedulerBase.java:739)
	at org.apache.flink.runtime.scheduler.SchedulerNG.updateTaskExecutionState(SchedulerNG.java:78)
	at org.apache.flink.runtime.jobmaster.JobMaster.updateTaskExecutionState(JobMaster.java:443)
	at sun.reflect.NativeMethodAccessorImpl.invoke0(Native Method)
	at sun.reflect.NativeMethodAccessorImpl.invoke(NativeMethodAccessorImpl.java:62)
	at sun.reflect.DelegatingMethodAccessorImpl.invoke(DelegatingMethodAccessorImpl.java:43)
	at java.lang.reflect.Method.invoke(Method.java:498)
	at org.apache.flink.runtime.rpc.akka.AkkaRpcActor.lambda$handleRpcInvocation$1(AkkaRpcActor.java:304)
	at org.apache.flink.runtime.concurrent.akka.ClassLoadingUtils.runWithContextClassLoader(ClassLoadingUtils.java:83)
	at org.apache.flink.runtime.rpc.akka.AkkaRpcActor.handleRpcInvocation(AkkaRpcActor.java:302)
	at org.apache.flink.runtime.rpc.akka.AkkaRpcActor.handleRpcMessage(AkkaRpcActor.java:217)
	at org.apache.flink.runtime.rpc.akka.FencedAkkaRpcActor.handleRpcMessage(FencedAkkaRpcActor.java:78)
	at org.apache.flink.runtime.rpc.akka.AkkaRpcActor.handleMessage(AkkaRpcActor.java:163)
	at akka.japi.pf.UnitCaseStatement.apply(CaseStatements.scala:24)
	at akka.japi.pf.UnitCaseStatement.apply(CaseStatements.scala:20)
	at scala.PartialFunction.applyOrElse(PartialFunction.scala:123)
	at scala.PartialFunction.applyOrElse$(PartialFunction.scala:122)
	at akka.japi.pf.UnitCaseStatement.applyOrElse(CaseStatements.scala:20)
	at scala.PartialFunction$OrElse.applyOrElse(PartialFunction.scala:171)
	at scala.PartialFunction$OrElse.applyOrElse(PartialFunction.scala:172)
	at scala.PartialFunction$OrElse.applyOrElse(PartialFunction.scala:172)
	at akka.actor.Actor.aroundReceive(Actor.scala:537)
	at akka.actor.Actor.aroundReceive$(Actor.scala:535)
	at akka.actor.AbstractActor.aroundReceive(AbstractActor.scala:220)
	at akka.actor.ActorCell.receiveMessage(ActorCell.scala:580)
	at akka.actor.ActorCell.invoke(ActorCell.scala:548)
	at akka.dispatch.Mailbox.processMailbox(Mailbox.scala:270)
	at akka.dispatch.Mailbox.run(Mailbox.scala:231)
	at akka.dispatch.Mailbox.exec(Mailbox.scala:243)
	at java.util.concurrent.ForkJoinTask.doExec(ForkJoinTask.java:289)
	at java.util.concurrent.ForkJoinPool$WorkQueue.runTask(ForkJoinPool.java:1056)
	at java.util.concurrent.ForkJoinPool.runWorker(ForkJoinPool.java:1692)
	at java.util.concurrent.ForkJoinWorkerThread.run(ForkJoinWorkerThread.java:157)
Caused by: java.lang.NullPointerException: Assigned key must not be null!
	at org.apache.flink.util.Preconditions.checkNotNull(Preconditions.java:76)
	at org.apache.flink.runtime.state.KeyGroupRangeAssignment.assignKeyToParallelOperator(KeyGroupRangeAssignment.java:51)
	at org.apache.flink.streaming.runtime.partitioner.KeyGroupStreamPartitioner.selectChannel(KeyGroupStreamPartitioner.java:63)
	at org.apache.flink.streaming.runtime.partitioner.KeyGroupStreamPartitioner.selectChannel(KeyGroupStreamPartitioner.java:35)
	at org.apache.flink.runtime.io.network.api.writer.ChannelSelectorRecordWriter.emit(ChannelSelectorRecordWriter.java:54)
	at org.apache.flink.streaming.runtime.io.RecordWriterOutput.pushToRecordWriter(RecordWriterOutput.java:104)
	at org.apache.flink.streaming.runtime.io.RecordWriterOutput.collect(RecordWriterOutput.java:90)
	at org.apache.flink.streaming.runtime.io.RecordWriterOutput.collect(RecordWriterOutput.java:44)
	at org.apache.flink.streaming.api.operators.CountingOutput.collect(CountingOutput.java:56)
	at org.apache.flink.streaming.api.operators.CountingOutput.collect(CountingOutput.java:29)
	at org.apache.flink.streaming.runtime.operators.TimestampsAndWatermarksOperator.processElement(TimestampsAndWatermarksOperator.java:103)
	at org.apache.flink.streaming.runtime.tasks.CopyingChainingOutput.pushToOperator(CopyingChainingOutput.java:82)
	at org.apache.flink.streaming.runtime.tasks.CopyingChainingOutput.collect(CopyingChainingOutput.java:57)
	at org.apache.flink.streaming.runtime.tasks.CopyingChainingOutput.collect(CopyingChainingOutput.java:29)
	at org.apache.flink.streaming.api.operators.CountingOutput.collect(CountingOutput.java:56)
	at org.apache.flink.streaming.api.operators.CountingOutput.collect(CountingOutput.java:29)
	at org.apache.flink.streaming.api.operators.StreamSourceContexts$ManualWatermarkContext.processAndCollect(StreamSourceContexts.java:418)
	at org.apache.flink.streaming.api.operators.StreamSourceContexts$WatermarkContext.collect(StreamSourceContexts.java:513)
	at org.apache.flink.streaming.api.operators.StreamSourceContexts$SwitchingOnClose.collect(StreamSourceContexts.java:103)
	at org.example.app.StudentScoreAnalysis$1.run(StudentScoreAnalysis.java:25)
	at org.apache.flink.streaming.api.operators.StreamSource.run(StreamSource.java:110)
	at org.apache.flink.streaming.api.operators.StreamSource.run(StreamSource.java:67)
	at org.apache.flink.streaming.runtime.tasks.SourceStreamTask$LegacySourceFunctionThread.run(SourceStreamTask.java:332)
2025-09-08 09:27:32,798 [flink-akka.actor.default-dispatcher-6] [org.apache.flink.runtime.executiongraph.ExecutionGraph] [INFO] - TumblingProcessingTimeWindows -> Sink: console-sink (1/1) (74b854e204963b3a10f3d4435e3c3212) switched from RUNNING to CANCELING.
2025-09-08 09:27:32,799 [flink-akka.actor.default-dispatcher-7] [org.apache.flink.runtime.taskmanager.Task] [INFO] - Attempting to cancel task TumblingProcessingTimeWindows -> Sink: console-sink (1/1)#0 (74b854e204963b3a10f3d4435e3c3212).
2025-09-08 09:27:32,799 [flink-akka.actor.default-dispatcher-7] [org.apache.flink.runtime.taskmanager.Task] [INFO] - TumblingProcessingTimeWindows -> Sink: console-sink (1/1)#0 (74b854e204963b3a10f3d4435e3c3212) switched from RUNNING to CANCELING.
2025-09-08 09:27:32,799 [flink-akka.actor.default-dispatcher-7] [org.apache.flink.runtime.taskmanager.Task] [INFO] - Triggering cancellation of task code TumblingProcessingTimeWindows -> Sink: console-sink (1/1)#0 (74b854e204963b3a10f3d4435e3c3212).
2025-09-08 09:27:32,801 [TumblingProcessingTimeWindows -> Sink: console-sink (1/1)#0] [org.apache.flink.runtime.taskmanager.Task] [INFO] - TumblingProcessingTimeWindows -> Sink: console-sink (1/1)#0 (74b854e204963b3a10f3d4435e3c3212) switched from CANCELING to CANCELED.
2025-09-08 09:27:32,801 [TumblingProcessingTimeWindows -> Sink: console-sink (1/1)#0] [org.apache.flink.runtime.taskmanager.Task] [INFO] - Freeing task resources for TumblingProcessingTimeWindows -> Sink: console-sink (1/1)#0 (74b854e204963b3a10f3d4435e3c3212).
2025-09-08 09:27:32,803 [flink-akka.actor.default-dispatcher-7] [org.apache.flink.runtime.taskexecutor.TaskExecutor] [INFO] - Un-registering task and sending final execution state CANCELED to JobManager for task TumblingProcessingTimeWindows -> Sink: console-sink (1/1)#0 74b854e204963b3a10f3d4435e3c3212.
2025-09-08 09:27:32,804 [flink-akka.actor.default-dispatcher-4] [org.apache.flink.runtime.executiongraph.ExecutionGraph] [INFO] - TumblingProcessingTimeWindows -> Sink: console-sink (1/1) (74b854e204963b3a10f3d4435e3c3212) switched from CANCELING to CANCELED.
2025-09-08 09:27:32,806 [flink-akka.actor.default-dispatcher-4] [org.apache.flink.runtime.executiongraph.ExecutionGraph] [INFO] - Job 学生得分滚动统计 (ee7013348d1e9573092074e05c2b3483) switched from state FAILING to FAILED.
org.apache.flink.runtime.JobException: Recovery is suppressed by NoRestartBackoffTimeStrategy
	at org.apache.flink.runtime.executiongraph.failover.flip1.ExecutionFailureHandler.handleFailure(ExecutionFailureHandler.java:138)
	at org.apache.flink.runtime.executiongraph.failover.flip1.ExecutionFailureHandler.getFailureHandlingResult(ExecutionFailureHandler.java:82)
	at org.apache.flink.runtime.scheduler.DefaultScheduler.handleTaskFailure(DefaultScheduler.java:301)
	at org.apache.flink.runtime.scheduler.DefaultScheduler.maybeHandleTaskFailure(DefaultScheduler.java:291)
	at org.apache.flink.runtime.scheduler.DefaultScheduler.updateTaskExecutionStateInternal(DefaultScheduler.java:282)
	at org.apache.flink.runtime.scheduler.SchedulerBase.updateTaskExecutionState(SchedulerBase.java:739)
	at org.apache.flink.runtime.scheduler.SchedulerNG.updateTaskExecutionState(SchedulerNG.java:78)
	at org.apache.flink.runtime.jobmaster.JobMaster.updateTaskExecutionState(JobMaster.java:443)
	at sun.reflect.NativeMethodAccessorImpl.invoke0(Native Method)
	at sun.reflect.NativeMethodAccessorImpl.invoke(NativeMethodAccessorImpl.java:62)
	at sun.reflect.DelegatingMethodAccessorImpl.invoke(DelegatingMethodAccessorImpl.java:43)
	at java.lang.reflect.Method.invoke(Method.java:498)
	at org.apache.flink.runtime.rpc.akka.AkkaRpcActor.lambda$handleRpcInvocation$1(AkkaRpcActor.java:304)
	at org.apache.flink.runtime.concurrent.akka.ClassLoadingUtils.runWithContextClassLoader(ClassLoadingUtils.java:83)
	at org.apache.flink.runtime.rpc.akka.AkkaRpcActor.handleRpcInvocation(AkkaRpcActor.java:302)
	at org.apache.flink.runtime.rpc.akka.AkkaRpcActor.handleRpcMessage(AkkaRpcActor.java:217)
	at org.apache.flink.runtime.rpc.akka.FencedAkkaRpcActor.handleRpcMessage(FencedAkkaRpcActor.java:78)
	at org.apache.flink.runtime.rpc.akka.AkkaRpcActor.handleMessage(AkkaRpcActor.java:163)
	at akka.japi.pf.UnitCaseStatement.apply(CaseStatements.scala:24)
	at akka.japi.pf.UnitCaseStatement.apply(CaseStatements.scala:20)
	at scala.PartialFunction.applyOrElse(PartialFunction.scala:123)
	at scala.PartialFunction.applyOrElse$(PartialFunction.scala:122)
	at akka.japi.pf.UnitCaseStatement.applyOrElse(CaseStatements.scala:20)
	at scala.PartialFunction$OrElse.applyOrElse(PartialFunction.scala:171)
	at scala.PartialFunction$OrElse.applyOrElse(PartialFunction.scala:172)
	at scala.PartialFunction$OrElse.applyOrElse(PartialFunction.scala:172)
	at akka.actor.Actor.aroundReceive(Actor.scala:537)
	at akka.actor.Actor.aroundReceive$(Actor.scala:535)
	at akka.actor.AbstractActor.aroundReceive(AbstractActor.scala:220)
	at akka.actor.ActorCell.receiveMessage(ActorCell.scala:580)
	at akka.actor.ActorCell.invoke(ActorCell.scala:548)
	at akka.dispatch.Mailbox.processMailbox(Mailbox.scala:270)
	at akka.dispatch.Mailbox.run(Mailbox.scala:231)
	at akka.dispatch.Mailbox.exec(Mailbox.scala:243)
	at java.util.concurrent.ForkJoinTask.doExec(ForkJoinTask.java:289)
	at java.util.concurrent.ForkJoinPool$WorkQueue.runTask(ForkJoinPool.java:1056)
	at java.util.concurrent.ForkJoinPool.runWorker(ForkJoinPool.java:1692)
	at java.util.concurrent.ForkJoinWorkerThread.run(ForkJoinWorkerThread.java:157)
Caused by: java.lang.NullPointerException: Assigned key must not be null!
	at org.apache.flink.util.Preconditions.checkNotNull(Preconditions.java:76)
	at org.apache.flink.runtime.state.KeyGroupRangeAssignment.assignKeyToParallelOperator(KeyGroupRangeAssignment.java:51)
	at org.apache.flink.streaming.runtime.partitioner.KeyGroupStreamPartitioner.selectChannel(KeyGroupStreamPartitioner.java:63)
	at org.apache.flink.streaming.runtime.partitioner.KeyGroupStreamPartitioner.selectChannel(KeyGroupStreamPartitioner.java:35)
	at org.apache.flink.runtime.io.network.api.writer.ChannelSelectorRecordWriter.emit(ChannelSelectorRecordWriter.java:54)
	at org.apache.flink.streaming.runtime.io.RecordWriterOutput.pushToRecordWriter(RecordWriterOutput.java:104)
	at org.apache.flink.streaming.runtime.io.RecordWriterOutput.collect(RecordWriterOutput.java:90)
	at org.apache.flink.streaming.runtime.io.RecordWriterOutput.collect(RecordWriterOutput.java:44)
	at org.apache.flink.streaming.api.operators.CountingOutput.collect(CountingOutput.java:56)
	at org.apache.flink.streaming.api.operators.CountingOutput.collect(CountingOutput.java:29)
	at org.apache.flink.streaming.runtime.operators.TimestampsAndWatermarksOperator.processElement(TimestampsAndWatermarksOperator.java:103)
	at org.apache.flink.streaming.runtime.tasks.CopyingChainingOutput.pushToOperator(CopyingChainingOutput.java:82)
	at org.apache.flink.streaming.runtime.tasks.CopyingChainingOutput.collect(CopyingChainingOutput.java:57)
	at org.apache.flink.streaming.runtime.tasks.CopyingChainingOutput.collect(CopyingChainingOutput.java:29)
	at org.apache.flink.streaming.api.operators.CountingOutput.collect(CountingOutput.java:56)
	at org.apache.flink.streaming.api.operators.CountingOutput.collect(CountingOutput.java:29)
	at org.apache.flink.streaming.api.operators.StreamSourceContexts$ManualWatermarkContext.processAndCollect(StreamSourceContexts.java:418)
	at org.apache.flink.streaming.api.operators.StreamSourceContexts$WatermarkContext.collect(StreamSourceContexts.java:513)
	at org.apache.flink.streaming.api.operators.StreamSourceContexts$SwitchingOnClose.collect(StreamSourceContexts.java:103)
	at org.example.app.StudentScoreAnalysis$1.run(StudentScoreAnalysis.java:25)
	at org.apache.flink.streaming.api.operators.StreamSource.run(StreamSource.java:110)
	at org.apache.flink.streaming.api.operators.StreamSource.run(StreamSource.java:67)
	at org.apache.flink.streaming.runtime.tasks.SourceStreamTask$LegacySourceFunctionThread.run(SourceStreamTask.java:332)
2025-09-08 09:27:32,806 [flink-akka.actor.default-dispatcher-7] [org.apache.flink.runtime.resourcemanager.slotmanager.DeclarativeSlotManager] [INFO] - Clearing resource requirements of job ee7013348d1e9573092074e05c2b3483
2025-09-08 09:27:32,806 [flink-akka.actor.default-dispatcher-4] [org.apache.flink.runtime.checkpoint.CheckpointCoordinator] [INFO] - Stopping checkpoint coordinator for job ee7013348d1e9573092074e05c2b3483.
2025-09-08 09:27:32,810 [flink-akka.actor.default-dispatcher-4] [org.apache.flink.runtime.taskmanager.TaskManagerLocation] [WARN] - No hostname could be resolved for the IP address 127.0.0.1, using IP address as host name. Local input split assignment (such as for HDFS files) may be impacted.
2025-09-08 09:27:32,814 [flink-akka.actor.default-dispatcher-7] [org.apache.flink.runtime.minicluster.MiniCluster] [INFO] - Shutting down Flink Mini Cluster
2025-09-08 09:27:32,814 [flink-akka.actor.default-dispatcher-8] [org.apache.flink.runtime.dispatcher.StandaloneDispatcher] [INFO] - Job ee7013348d1e9573092074e05c2b3483 reached terminal state FAILED.
org.apache.flink.runtime.JobException: Recovery is suppressed by NoRestartBackoffTimeStrategy
	at org.apache.flink.runtime.executiongraph.failover.flip1.ExecutionFailureHandler.handleFailure(ExecutionFailureHandler.java:138)
	at org.apache.flink.runtime.executiongraph.failover.flip1.ExecutionFailureHandler.getFailureHandlingResult(ExecutionFailureHandler.java:82)
	at org.apache.flink.runtime.scheduler.DefaultScheduler.handleTaskFailure(DefaultScheduler.java:301)
	at org.apache.flink.runtime.scheduler.DefaultScheduler.maybeHandleTaskFailure(DefaultScheduler.java:291)
	at org.apache.flink.runtime.scheduler.DefaultScheduler.updateTaskExecutionStateInternal(DefaultScheduler.java:282)
	at org.apache.flink.runtime.scheduler.SchedulerBase.updateTaskExecutionState(SchedulerBase.java:739)
	at org.apache.flink.runtime.scheduler.SchedulerNG.updateTaskExecutionState(SchedulerNG.java:78)
	at org.apache.flink.runtime.jobmaster.JobMaster.updateTaskExecutionState(JobMaster.java:443)
	at sun.reflect.NativeMethodAccessorImpl.invoke0(Native Method)
	at sun.reflect.NativeMethodAccessorImpl.invoke(NativeMethodAccessorImpl.java:62)
	at sun.reflect.DelegatingMethodAccessorImpl.invoke(DelegatingMethodAccessorImpl.java:43)
	at java.lang.reflect.Method.invoke(Method.java:498)
	at org.apache.flink.runtime.rpc.akka.AkkaRpcActor.lambda$handleRpcInvocation$1(AkkaRpcActor.java:304)
	at org.apache.flink.runtime.concurrent.akka.ClassLoadingUtils.runWithContextClassLoader(ClassLoadingUtils.java:83)
	at org.apache.flink.runtime.rpc.akka.AkkaRpcActor.handleRpcInvocation(AkkaRpcActor.java:302)
	at org.apache.flink.runtime.rpc.akka.AkkaRpcActor.handleRpcMessage(AkkaRpcActor.java:217)
	at org.apache.flink.runtime.rpc.akka.FencedAkkaRpcActor.handleRpcMessage(FencedAkkaRpcActor.java:78)
	at org.apache.flink.runtime.rpc.akka.AkkaRpcActor.handleMessage(AkkaRpcActor.java:163)
	at akka.japi.pf.UnitCaseStatement.apply(CaseStatements.scala:24)
	at akka.japi.pf.UnitCaseStatement.apply(CaseStatements.scala:20)
	at scala.PartialFunction.applyOrElse(PartialFunction.scala:123)
	at scala.PartialFunction.applyOrElse$(PartialFunction.scala:122)
	at akka.japi.pf.UnitCaseStatement.applyOrElse(CaseStatements.scala:20)
	at scala.PartialFunction$OrElse.applyOrElse(PartialFunction.scala:171)
	at scala.PartialFunction$OrElse.applyOrElse(PartialFunction.scala:172)
	at scala.PartialFunction$OrElse.applyOrElse(PartialFunction.scala:172)
	at akka.actor.Actor.aroundReceive(Actor.scala:537)
	at akka.actor.Actor.aroundReceive$(Actor.scala:535)
	at akka.actor.AbstractActor.aroundReceive(AbstractActor.scala:220)
	at akka.actor.ActorCell.receiveMessage(ActorCell.scala:580)
	at akka.actor.ActorCell.invoke(ActorCell.scala:548)
	at akka.dispatch.Mailbox.processMailbox(Mailbox.scala:270)
	at akka.dispatch.Mailbox.run(Mailbox.scala:231)
	at akka.dispatch.Mailbox.exec(Mailbox.scala:243)
	at java.util.concurrent.ForkJoinTask.doExec(ForkJoinTask.java:289)
	at java.util.concurrent.ForkJoinPool$WorkQueue.runTask(ForkJoinPool.java:1056)
	at java.util.concurrent.ForkJoinPool.runWorker(ForkJoinPool.java:1692)
	at java.util.concurrent.ForkJoinWorkerThread.run(ForkJoinWorkerThread.java:157)
Caused by: java.lang.NullPointerException: Assigned key must not be null!
	at org.apache.flink.util.Preconditions.checkNotNull(Preconditions.java:76)
	at org.apache.flink.runtime.state.KeyGroupRangeAssignment.assignKeyToParallelOperator(KeyGroupRangeAssignment.java:51)
	at org.apache.flink.streaming.runtime.partitioner.KeyGroupStreamPartitioner.selectChannel(KeyGroupStreamPartitioner.java:63)
	at org.apache.flink.streaming.runtime.partitioner.KeyGroupStreamPartitioner.selectChannel(KeyGroupStreamPartitioner.java:35)
	at org.apache.flink.runtime.io.network.api.writer.ChannelSelectorRecordWriter.emit(ChannelSelectorRecordWriter.java:54)
	at org.apache.flink.streaming.runtime.io.RecordWriterOutput.pushToRecordWriter(RecordWriterOutput.java:104)
	at org.apache.flink.streaming.runtime.io.RecordWriterOutput.collect(RecordWriterOutput.java:90)
	at org.apache.flink.streaming.runtime.io.RecordWriterOutput.collect(RecordWriterOutput.java:44)
	at org.apache.flink.streaming.api.operators.CountingOutput.collect(CountingOutput.java:56)
	at org.apache.flink.streaming.api.operators.CountingOutput.collect(CountingOutput.java:29)
	at org.apache.flink.streaming.runtime.operators.TimestampsAndWatermarksOperator.processElement(TimestampsAndWatermarksOperator.java:103)
	at org.apache.flink.streaming.runtime.tasks.CopyingChainingOutput.pushToOperator(CopyingChainingOutput.java:82)
	at org.apache.flink.streaming.runtime.tasks.CopyingChainingOutput.collect(CopyingChainingOutput.java:57)
	at org.apache.flink.streaming.runtime.tasks.CopyingChainingOutput.collect(CopyingChainingOutput.java:29)
	at org.apache.flink.streaming.api.operators.CountingOutput.collect(CountingOutput.java:56)
	at org.apache.flink.streaming.api.operators.CountingOutput.collect(CountingOutput.java:29)
	at org.apache.flink.streaming.api.operators.StreamSourceContexts$ManualWatermarkContext.processAndCollect(StreamSourceContexts.java:418)
	at org.apache.flink.streaming.api.operators.StreamSourceContexts$WatermarkContext.collect(StreamSourceContexts.java:513)
	at org.apache.flink.streaming.api.operators.StreamSourceContexts$SwitchingOnClose.collect(StreamSourceContexts.java:103)
	at org.example.app.StudentScoreAnalysis$1.run(StudentScoreAnalysis.java:25)
	at org.apache.flink.streaming.api.operators.StreamSource.run(StreamSource.java:110)
	at org.apache.flink.streaming.api.operators.StreamSource.run(StreamSource.java:67)
	at org.apache.flink.streaming.runtime.tasks.SourceStreamTask$LegacySourceFunctionThread.run(SourceStreamTask.java:332)
2025-09-08 09:27:32,814 [flink-akka.actor.default-dispatcher-6] [org.apache.flink.runtime.taskexecutor.TaskExecutor] [INFO] - Stopping TaskExecutor akka://flink/user/rpc/taskmanager_0.
2025-09-08 09:27:32,815 [flink-akka.actor.default-dispatcher-6] [org.apache.flink.runtime.taskexecutor.TaskExecutor] [INFO] - Close ResourceManager connection 769e97ba2ff5c6d61839180f29b4b222.
2025-09-08 09:27:32,815 [flink-akka.actor.default-dispatcher-4] [org.apache.flink.runtime.resourcemanager.StandaloneResourceManager] [INFO] - Closing TaskExecutor connection 01a8e1dd-3215-4a88-ac74-2b8ee458f07c because: The TaskExecutor is shutting down.
2025-09-08 09:27:32,816 [flink-akka.actor.default-dispatcher-6] [org.apache.flink.runtime.taskexecutor.TaskExecutor] [INFO] - Close JobManager connection for job ee7013348d1e9573092074e05c2b3483.
2025-09-08 09:27:32,817 [mini-cluster-io-thread-3] [org.apache.flink.runtime.dispatcher.StandaloneDispatcher] [INFO] - Job ee7013348d1e9573092074e05c2b3483 has been registered for cleanup in the JobResultStore after reaching a terminal state.
2025-09-08 09:27:32,818 [flink-akka.actor.default-dispatcher-6] [org.apache.flink.runtime.state.TaskExecutorStateChangelogStoragesManager] [INFO] - Shutting down TaskExecutorStateChangelogStoragesManager.
2025-09-08 09:27:32,819 [flink-akka.actor.default-dispatcher-4] [org.apache.flink.runtime.jobmaster.slotpool.DefaultDeclarativeSlotPool] [INFO] - Releasing slot [0d5a897617a84433fba343ec19dafc71].
2025-09-08 09:27:32,819 [flink-akka.actor.default-dispatcher-6] [org.apache.flink.runtime.taskexecutor.slot.TaskSlotTableImpl] [INFO] - Free slot TaskSlot(index:0, state:ALLOCATED, resource profile: ResourceProfile{taskHeapMemory=1024.000gb (1099511627776 bytes), taskOffHeapMemory=1024.000gb (1099511627776 bytes), managedMemory=128.000mb (134217728 bytes), networkMemory=64.000mb (67108864 bytes)}, allocationId: 0d5a897617a84433fba343ec19dafc71, jobId: ee7013348d1e9573092074e05c2b3483).
2025-09-08 09:27:32,820 [flink-akka.actor.default-dispatcher-4] [org.apache.flink.runtime.jobmaster.JobMaster] [INFO] - Stopping the JobMaster for job '学生得分滚动统计' (ee7013348d1e9573092074e05c2b3483).
2025-09-08 09:27:32,821 [flink-akka.actor.default-dispatcher-7] [org.apache.flink.runtime.dispatcher.DispatcherRestEndpoint] [INFO] - Shutting down rest endpoint.
2025-09-08 09:27:32,821 [flink-akka.actor.default-dispatcher-4] [org.apache.flink.runtime.checkpoint.StandaloneCompletedCheckpointStore] [INFO] - Shutting down
2025-09-08 09:27:32,822 [flink-akka.actor.default-dispatcher-4] [org.apache.flink.runtime.jobmaster.JobMaster] [INFO] - Close ResourceManager connection 769e97ba2ff5c6d61839180f29b4b222: Stopping JobMaster for job '学生得分滚动统计' (ee7013348d1e9573092074e05c2b3483).
2025-09-08 09:27:32,824 [flink-akka.actor.default-dispatcher-6] [org.apache.flink.runtime.taskexecutor.DefaultJobLeaderService] [INFO] - Stop job leader service.
2025-09-08 09:27:32,824 [flink-akka.actor.default-dispatcher-6] [org.apache.flink.runtime.state.TaskExecutorLocalStateStoresManager] [INFO] - Shutting down TaskExecutorLocalStateStoresManager.
2025-09-08 09:27:32,826 [flink-akka.actor.default-dispatcher-4] [org.apache.flink.runtime.resourcemanager.StandaloneResourceManager] [INFO] - Disconnect job manager 83952a3dbd63c96a9639442396964ade@akka://flink/user/rpc/jobmanager_3 for job ee7013348d1e9573092074e05c2b3483 from the resource manager.
2025-09-08 09:27:32,831 [ForkJoinPool.commonPool-worker-3] [org.apache.flink.runtime.dispatcher.DispatcherRestEndpoint] [INFO] - Removing cache directory C:\Users\Administrator\AppData\Local\Temp\flink-web-ui
2025-09-08 09:27:32,834 [flink-akka.actor.default-dispatcher-6] [org.apache.flink.runtime.io.disk.FileChannelManagerImpl] [INFO] - FileChannelManager removed spill file directory C:\Users\Administrator\AppData\Local\Temp\flink-io-1d566619-1e08-4c42-9467-329ded7d16a1
2025-09-08 09:27:32,834 [flink-akka.actor.default-dispatcher-6] [org.apache.flink.runtime.io.network.NettyShuffleEnvironment] [INFO] - Shutting down the network environment and its components.
2025-09-08 09:27:32,837 [ForkJoinPool.commonPool-worker-3] [org.apache.flink.runtime.dispatcher.DispatcherRestEndpoint] [INFO] - Shut down complete.
2025-09-08 09:27:32,840 [flink-akka.actor.default-dispatcher-8] [org.apache.flink.runtime.resourcemanager.StandaloneResourceManager] [INFO] - Shut down cluster because application is in CANCELED, diagnostics DispatcherResourceManagerComponent has been closed..
2025-09-08 09:27:32,840 [flink-akka.actor.default-dispatcher-7] [org.apache.flink.runtime.entrypoint.component.DispatcherResourceManagerComponent] [INFO] - Closing components.
2025-09-08 09:27:32,840 [flink-akka.actor.default-dispatcher-6] [org.apache.flink.runtime.io.disk.FileChannelManagerImpl] [INFO] - FileChannelManager removed spill file directory C:\Users\Administrator\AppData\Local\Temp\flink-netty-shuffle-0d286a7e-ee89-4c69-81de-bed2418cc5ad
2025-09-08 09:27:32,841 [flink-akka.actor.default-dispatcher-6] [org.apache.flink.runtime.taskexecutor.KvStateService] [INFO] - Shutting down the kvState service and its components.
2025-09-08 09:27:32,841 [flink-akka.actor.default-dispatcher-6] [org.apache.flink.runtime.taskexecutor.DefaultJobLeaderService] [INFO] - Stop job leader service.
2025-09-08 09:27:32,841 [flink-akka.actor.default-dispatcher-7] [org.apache.flink.runtime.dispatcher.runner.SessionDispatcherLeaderProcess] [INFO] - Stopping SessionDispatcherLeaderProcess.
2025-09-08 09:27:32,841 [flink-akka.actor.default-dispatcher-8] [org.apache.flink.runtime.dispatcher.StandaloneDispatcher] [INFO] - Stopping dispatcher akka://flink/user/rpc/dispatcher_2.
2025-09-08 09:27:32,841 [flink-akka.actor.default-dispatcher-7] [org.apache.flink.runtime.resourcemanager.ResourceManagerServiceImpl] [INFO] - Stopping resource manager service.
2025-09-08 09:27:32,842 [flink-akka.actor.default-dispatcher-8] [org.apache.flink.runtime.dispatcher.StandaloneDispatcher] [INFO] - Stopping all currently running jobs of dispatcher akka://flink/user/rpc/dispatcher_2.
2025-09-08 09:27:32,842 [flink-akka.actor.default-dispatcher-7] [org.apache.flink.runtime.resourcemanager.slotmanager.DeclarativeSlotManager] [INFO] - Closing the slot manager.
2025-09-08 09:27:32,843 [flink-akka.actor.default-dispatcher-7] [org.apache.flink.runtime.resourcemanager.slotmanager.DeclarativeSlotManager] [INFO] - Suspending the slot manager.
2025-09-08 09:27:32,843 [flink-akka.actor.default-dispatcher-8] [org.apache.flink.runtime.dispatcher.StandaloneDispatcher] [INFO] - Stopped dispatcher akka://flink/user/rpc/dispatcher_2.
2025-09-08 09:27:32,846 [flink-akka.actor.default-dispatcher-6] [org.apache.flink.runtime.filecache.FileCache] [INFO] - removed file cache directory C:\Users\Administrator\AppData\Local\Temp\flink-dist-cache-6e4bb2f0-3129-4ee6-b5e1-e9fc1764f015
2025-09-08 09:27:32,847 [flink-akka.actor.default-dispatcher-6] [org.apache.flink.runtime.taskexecutor.TaskExecutor] [INFO] - Stopped TaskExecutor akka://flink/user/rpc/taskmanager_0.
2025-09-08 09:27:32,847 [AkkaRpcService-Supervisor-Termination-Future-Executor-thread-1] [org.apache.flink.runtime.rpc.akka.AkkaRpcService] [INFO] - Stopping Akka RPC service.
2025-09-08 09:27:32,892 [flink-metrics-4] [org.apache.flink.runtime.rpc.akka.AkkaRpcService] [INFO] - Stopping Akka RPC service.
2025-09-08 09:27:32,893 [flink-metrics-4] [org.apache.flink.runtime.rpc.akka.AkkaRpcService] [INFO] - Stopped Akka RPC service.
2025-09-08 09:27:32,907 [flink-akka.actor.default-dispatcher-6] [org.apache.flink.runtime.blob.PermanentBlobCache] [INFO] - Shutting down BLOB cache
2025-09-08 09:27:32,908 [flink-akka.actor.default-dispatcher-6] [org.apache.flink.runtime.blob.TransientBlobCache] [INFO] - Shutting down BLOB cache
2025-09-08 09:27:32,909 [flink-akka.actor.default-dispatcher-6] [org.apache.flink.runtime.blob.BlobServer] [INFO] - Stopped BLOB server at 0.0.0.0:5256
2025-09-08 09:27:32,917 [flink-akka.actor.default-dispatcher-6] [org.apache.flink.runtime.rpc.akka.AkkaRpcService] [INFO] - Stopped Akka RPC service.
2025-09-08 09:27:32,965 [ForkJoinPool.commonPool-worker-3] [org.apache.flink.runtime.minicluster.MiniClusterJobClient] [WARN] - Shutdown of MiniCluster failed.
java.nio.file.DirectoryNotEmptyException: C:\Users\Administrator\AppData\Local\Temp\minicluster_45522df8365d2ce8cbfe78ec765c1521\tm_0
	at sun.nio.fs.WindowsFileSystemProvider.implDelete(WindowsFileSystemProvider.java:266)
	at sun.nio.fs.AbstractFileSystemProvider.deleteIfExists(AbstractFileSystemProvider.java:108)
	at java.nio.file.Files.deleteIfExists(Files.java:1165)
	at org.apache.flink.util.FileUtils.deleteDirectoryInternal(FileUtils.java:332)
	at org.apache.flink.util.FileUtils.deleteFileOrDirectoryInternal(FileUtils.java:308)
	at org.apache.flink.util.FileUtils.guardIfWindows(FileUtils.java:396)
	at org.apache.flink.util.FileUtils.guardIfNotThreadSafe(FileUtils.java:375)
	at org.apache.flink.util.FileUtils.deleteFileOrDirectory(FileUtils.java:247)
	at org.apache.flink.util.FileUtils.cleanDirectoryInternal(FileUtils.java:361)
	at org.apache.flink.util.FileUtils.deleteDirectoryInternal(FileUtils.java:322)
	at org.apache.flink.util.FileUtils.guardIfWindows(FileUtils.java:396)
	at org.apache.flink.util.FileUtils.guardIfNotThreadSafe(FileUtils.java:375)
	at org.apache.flink.util.FileUtils.deleteDirectory(FileUtils.java:265)
	at org.apache.flink.runtime.entrypoint.WorkingDirectory.delete(WorkingDirectory.java:63)
	at org.apache.flink.runtime.minicluster.MiniCluster.deleteDirectories(MiniCluster.java:1292)
	at org.apache.flink.util.concurrent.FutureUtils.lambda$runAfterwardsAsync$18(FutureUtils.java:696)
	at java.util.concurrent.CompletableFuture.uniWhenComplete(CompletableFuture.java:760)
	at java.util.concurrent.CompletableFuture$UniWhenComplete.tryFire(CompletableFuture.java:736)
	at java.util.concurrent.CompletableFuture$Completion.run(CompletableFuture.java:442)
	at org.apache.flink.util.concurrent.DirectExecutorService.execute(DirectExecutorService.java:217)
	at java.util.concurrent.CompletableFuture$UniCompletion.claim(CompletableFuture.java:529)
	at java.util.concurrent.CompletableFuture.uniWhenComplete(CompletableFuture.java:751)
	at java.util.concurrent.CompletableFuture$UniWhenComplete.tryFire(CompletableFuture.java:736)
	at java.util.concurrent.CompletableFuture.postComplete(CompletableFuture.java:474)
	at java.util.concurrent.CompletableFuture.complete(CompletableFuture.java:1962)
	at org.apache.flink.util.concurrent.FutureUtils.lambda$null$19(FutureUtils.java:739)
	at java.util.concurrent.CompletableFuture.uniWhenComplete(CompletableFuture.java:760)
	at java.util.concurrent.CompletableFuture$UniWhenComplete.tryFire(CompletableFuture.java:736)
	at java.util.concurrent.CompletableFuture.postComplete(CompletableFuture.java:474)
	at java.util.concurrent.CompletableFuture$AsyncSupply.run(CompletableFuture.java:1595)
	at java.util.concurrent.CompletableFuture$AsyncSupply.exec(CompletableFuture.java:1582)
	at java.util.concurrent.ForkJoinTask.doExec(ForkJoinTask.java:289)
	at java.util.concurrent.ForkJoinPool$WorkQueue.runTask(ForkJoinPool.java:1056)
	at java.util.concurrent.ForkJoinPool.runWorker(ForkJoinPool.java:1692)
	at java.util.concurrent.ForkJoinWorkerThread.run(ForkJoinWorkerThread.java:157)
2025-09-08 10:54:35,558 [main] [org.apache.flink.api.java.typeutils.TypeExtractor] [INFO] - Class org.example.app.ActivityAccumulatorBean is not public so it cannot be used as a POJO type and must be processed as GenericType. Please read the Flink documentation on "Data Types & Serialization" for details of the effect on performance.
2025-09-08 10:54:35,568 [main] [org.apache.flink.api.java.typeutils.TypeExtractor] [INFO] - Class org.example.app.StudentActivityResult is not public so it cannot be used as a POJO type and must be processed as GenericType. Please read the Flink documentation on "Data Types & Serialization" for details of the effect on performance.
2025-09-08 10:55:23,287 [main] [org.apache.flink.api.java.typeutils.TypeExtractor] [INFO] - Class org.example.app.ActivityAccumulatorBean is not public so it cannot be used as a POJO type and must be processed as GenericType. Please read the Flink documentation on "Data Types & Serialization" for details of the effect on performance.
2025-09-08 10:55:23,289 [main] [org.apache.flink.api.java.typeutils.TypeExtractor] [INFO] - Class org.example.app.StudentActivityResult is not public so it cannot be used as a POJO type and must be processed as GenericType. Please read the Flink documentation on "Data Types & Serialization" for details of the effect on performance.
2025-09-08 10:57:57,492 [main] [org.apache.flink.api.java.typeutils.TypeExtractor] [INFO] - Class org.example.app.ActivityAccumulatorBean is not public so it cannot be used as a POJO type and must be processed as GenericType. Please read the Flink documentation on "Data Types & Serialization" for details of the effect on performance.
2025-09-08 10:57:57,495 [main] [org.apache.flink.api.java.typeutils.TypeExtractor] [INFO] - Class org.example.app.StudentActivityResult is not public so it cannot be used as a POJO type and must be processed as GenericType. Please read the Flink documentation on "Data Types & Serialization" for details of the effect on performance.
2025-09-08 10:58:32,965 [main] [org.apache.flink.api.java.typeutils.TypeExtractor] [INFO] - Class org.example.app.ActivityAccumulatorBean is not public so it cannot be used as a POJO type and must be processed as GenericType. Please read the Flink documentation on "Data Types & Serialization" for details of the effect on performance.
2025-09-08 10:58:32,967 [main] [org.apache.flink.api.java.typeutils.TypeExtractor] [INFO] - Class org.example.app.StudentActivityResult is not public so it cannot be used as a POJO type and must be processed as GenericType. Please read the Flink documentation on "Data Types & Serialization" for details of the effect on performance.
2025-09-08 10:58:33,250 [main] [org.apache.flink.runtime.taskexecutor.TaskExecutorResourceUtils] [INFO] - The configuration option taskmanager.cpu.cores required for local execution is not set, setting it to the maximal possible value.
2025-09-08 10:58:33,250 [main] [org.apache.flink.runtime.taskexecutor.TaskExecutorResourceUtils] [INFO] - The configuration option taskmanager.memory.task.heap.size required for local execution is not set, setting it to the maximal possible value.
2025-09-08 10:58:33,250 [main] [org.apache.flink.runtime.taskexecutor.TaskExecutorResourceUtils] [INFO] - The configuration option taskmanager.memory.task.off-heap.size required for local execution is not set, setting it to the maximal possible value.
2025-09-08 10:58:33,251 [main] [org.apache.flink.runtime.taskexecutor.TaskExecutorResourceUtils] [INFO] - The configuration option taskmanager.memory.network.min required for local execution is not set, setting it to its default value 64 mb.
2025-09-08 10:58:33,251 [main] [org.apache.flink.runtime.taskexecutor.TaskExecutorResourceUtils] [INFO] - The configuration option taskmanager.memory.network.max required for local execution is not set, setting it to its default value 64 mb.
2025-09-08 10:58:33,251 [main] [org.apache.flink.runtime.taskexecutor.TaskExecutorResourceUtils] [INFO] - The configuration option taskmanager.memory.managed.size required for local execution is not set, setting it to its default value 128 mb.
2025-09-08 10:58:33,255 [main] [org.apache.flink.runtime.minicluster.MiniCluster] [INFO] - Starting Flink Mini Cluster
2025-09-08 10:58:34,436 [main] [org.apache.flink.runtime.minicluster.MiniCluster] [INFO] - Starting Metrics Registry
2025-09-08 10:58:34,493 [main] [org.apache.flink.runtime.metrics.MetricRegistryImpl] [INFO] - No metrics reporter configured, no metrics will be exposed/reported.
2025-09-08 10:58:34,493 [main] [org.apache.flink.runtime.minicluster.MiniCluster] [INFO] - Starting RPC Service(s)
2025-09-08 10:58:34,511 [main] [org.apache.flink.runtime.rpc.akka.AkkaRpcServiceUtils] [INFO] - Trying to start local actor system
2025-09-08 10:58:35,120 [flink-akka.actor.default-dispatcher-5] [akka.event.slf4j.Slf4jLogger] [INFO] - Slf4jLogger started
2025-09-08 10:58:35,217 [main] [org.apache.flink.runtime.rpc.akka.AkkaRpcServiceUtils] [INFO] - Actor system started at akka://flink
2025-09-08 10:58:35,230 [main] [org.apache.flink.runtime.rpc.akka.AkkaRpcServiceUtils] [INFO] - Trying to start local actor system
2025-09-08 10:58:35,237 [flink-metrics-5] [akka.event.slf4j.Slf4jLogger] [INFO] - Slf4jLogger started
2025-09-08 10:58:35,244 [main] [org.apache.flink.runtime.rpc.akka.AkkaRpcServiceUtils] [INFO] - Actor system started at akka://flink-metrics
2025-09-08 10:58:35,254 [main] [org.apache.flink.runtime.rpc.akka.AkkaRpcService] [INFO] - Starting RPC endpoint for org.apache.flink.runtime.metrics.dump.MetricQueryService at akka://flink-metrics/user/rpc/MetricQueryService .
2025-09-08 10:58:35,326 [main] [org.apache.flink.runtime.blob.BlobServer] [INFO] - Created BLOB server storage directory C:\Users\Administrator\AppData\Local\Temp\minicluster_8bb4e2bb5dac1f297d94e2c15753e0e1\blobStorage
2025-09-08 10:58:35,331 [main] [org.apache.flink.runtime.blob.BlobServer] [INFO] - Started BLOB server at 0.0.0.0:12152 - max concurrent requests: 50 - max backlog: 1000
2025-09-08 10:58:35,360 [main] [org.apache.flink.runtime.blob.PermanentBlobCache] [INFO] - Created BLOB cache storage directory C:\Users\Administrator\AppData\Local\Temp\minicluster_8bb4e2bb5dac1f297d94e2c15753e0e1\blobStorage
2025-09-08 10:58:35,367 [main] [org.apache.flink.runtime.blob.TransientBlobCache] [INFO] - Created BLOB cache storage directory C:\Users\Administrator\AppData\Local\Temp\minicluster_8bb4e2bb5dac1f297d94e2c15753e0e1\blobStorage
2025-09-08 10:58:35,371 [main] [org.apache.flink.runtime.minicluster.MiniCluster] [INFO] - Starting 1 TaskManager(s)
2025-09-08 10:58:35,384 [main] [org.apache.flink.runtime.taskexecutor.TaskManagerRunner] [INFO] - Starting TaskManager with ResourceID: 2b0ae1bb-704e-4033-97bc-6f7d35c3cff5
2025-09-08 10:58:35,432 [main] [org.apache.flink.runtime.taskexecutor.TaskManagerServices] [INFO] - Temporary file directory 'C:\Users\Administrator\AppData\Local\Temp': total 100 GB, usable 40 GB (40.00% usable)
2025-09-08 10:58:35,440 [main] [org.apache.flink.runtime.io.disk.iomanager.IOManager] [INFO] - Created a new FileChannelManager for spilling of task related data to disk (joins, sorting, ...). Used directories:
	C:\Users\Administrator\AppData\Local\Temp\flink-io-c752816d-72ad-4caf-b545-96c6bf6c89ec
2025-09-08 10:58:35,453 [main] [org.apache.flink.runtime.io.network.NettyShuffleServiceFactory] [INFO] - Created a new FileChannelManager for storing result partitions of BLOCKING shuffles. Used directories:
	C:\Users\Administrator\AppData\Local\Temp\flink-netty-shuffle-5ac0de0f-2b7c-46c4-afa9-2f02076f4166
2025-09-08 10:58:35,481 [main] [org.apache.flink.runtime.io.network.buffer.NetworkBufferPool] [INFO] - Allocated 64 MB for network buffer pool (number of memory segments: 2048, bytes per segment: 32768).
2025-09-08 10:58:35,497 [main] [org.apache.flink.runtime.io.network.NettyShuffleEnvironment] [INFO] - Starting the network environment and its components.
2025-09-08 10:58:35,498 [main] [org.apache.flink.runtime.taskexecutor.KvStateService] [INFO] - Starting the kvState service and its components.
2025-09-08 10:58:35,512 [main] [org.apache.flink.configuration.Configuration] [INFO] - Config uses fallback configuration key 'akka.ask.timeout' instead of key 'taskmanager.slot.timeout'
2025-09-08 10:58:35,531 [main] [org.apache.flink.runtime.rpc.akka.AkkaRpcService] [INFO] - Starting RPC endpoint for org.apache.flink.runtime.taskexecutor.TaskExecutor at akka://flink/user/rpc/taskmanager_0 .
2025-09-08 10:58:35,564 [flink-akka.actor.default-dispatcher-5] [org.apache.flink.runtime.taskexecutor.DefaultJobLeaderService] [INFO] - Start job leader service.
2025-09-08 10:58:35,567 [flink-akka.actor.default-dispatcher-5] [org.apache.flink.runtime.filecache.FileCache] [INFO] - User file cache uses directory C:\Users\Administrator\AppData\Local\Temp\flink-dist-cache-8ef470d3-2d08-4db7-b952-56a44ba10c62
2025-09-08 10:58:35,659 [main] [org.apache.flink.runtime.dispatcher.DispatcherRestEndpoint] [INFO] - Starting rest endpoint.
2025-09-08 10:58:36,039 [main] [org.apache.flink.runtime.webmonitor.WebMonitorUtils] [WARN] - Log file environment variable 'log.file' is not set.
2025-09-08 10:58:36,039 [main] [org.apache.flink.runtime.webmonitor.WebMonitorUtils] [WARN] - JobManager log files are unavailable in the web dashboard. Log file location not found in environment variable 'log.file' or configuration key 'web.log.path'.
2025-09-08 10:58:37,229 [main] [org.apache.flink.runtime.dispatcher.DispatcherRestEndpoint] [INFO] - Rest endpoint listening at localhost:12189
2025-09-08 10:58:37,230 [main] [org.apache.flink.runtime.highavailability.nonha.embedded.EmbeddedLeaderService] [INFO] - Proposing leadership to contender http://localhost:12189
2025-09-08 10:58:37,232 [main] [org.apache.flink.runtime.dispatcher.DispatcherRestEndpoint] [INFO] - Web frontend listening at http://localhost:12189.
2025-09-08 10:58:37,232 [mini-cluster-io-thread-1] [org.apache.flink.runtime.dispatcher.DispatcherRestEndpoint] [INFO] - http://localhost:12189 was granted leadership with leaderSessionID=2f7cc128-a8a9-4e79-9be9-7f4f9f5197e4
2025-09-08 10:58:37,232 [mini-cluster-io-thread-1] [org.apache.flink.runtime.highavailability.nonha.embedded.EmbeddedLeaderService] [INFO] - Received confirmation of leadership for leader http://localhost:12189 , session=2f7cc128-a8a9-4e79-9be9-7f4f9f5197e4
2025-09-08 10:58:37,249 [main] [org.apache.flink.runtime.highavailability.nonha.embedded.EmbeddedLeaderService] [INFO] - Proposing leadership to contender LeaderContender: DefaultDispatcherRunner
2025-09-08 10:58:37,249 [main] [org.apache.flink.runtime.resourcemanager.ResourceManagerServiceImpl] [INFO] - Starting resource manager service.
2025-09-08 10:58:37,249 [main] [org.apache.flink.runtime.highavailability.nonha.embedded.EmbeddedLeaderService] [INFO] - Proposing leadership to contender LeaderContender: ResourceManagerServiceImpl
2025-09-08 10:58:37,249 [mini-cluster-io-thread-2] [org.apache.flink.runtime.dispatcher.runner.DefaultDispatcherRunner] [INFO] - DefaultDispatcherRunner was granted leadership with leader id c8fa7a1b-1310-4c17-b05e-7963adb9fb98. Creating new DispatcherLeaderProcess.
2025-09-08 10:58:37,250 [pool-2-thread-1] [org.apache.flink.runtime.resourcemanager.ResourceManagerServiceImpl] [INFO] - Resource manager service is granted leadership with session id 664aad0b-16f2-4cc8-afb3-9d05344852c4.
2025-09-08 10:58:37,255 [main] [org.apache.flink.runtime.minicluster.MiniCluster] [INFO] - Flink Mini Cluster started successfully
2025-09-08 10:58:37,258 [mini-cluster-io-thread-2] [org.apache.flink.runtime.dispatcher.runner.SessionDispatcherLeaderProcess] [INFO] - Start SessionDispatcherLeaderProcess.
2025-09-08 10:58:37,263 [mini-cluster-io-thread-1] [org.apache.flink.runtime.dispatcher.runner.SessionDispatcherLeaderProcess] [INFO] - Recover all persisted job graphs that are not finished, yet.
2025-09-08 10:58:37,264 [mini-cluster-io-thread-1] [org.apache.flink.runtime.dispatcher.runner.SessionDispatcherLeaderProcess] [INFO] - Successfully recovered 0 persisted job graphs.
2025-09-08 10:58:37,281 [pool-2-thread-1] [org.apache.flink.runtime.rpc.akka.AkkaRpcService] [INFO] - Starting RPC endpoint for org.apache.flink.runtime.resourcemanager.StandaloneResourceManager at akka://flink/user/rpc/resourcemanager_1 .
2025-09-08 10:58:37,284 [mini-cluster-io-thread-1] [org.apache.flink.runtime.rpc.akka.AkkaRpcService] [INFO] - Starting RPC endpoint for org.apache.flink.runtime.dispatcher.StandaloneDispatcher at akka://flink/user/rpc/dispatcher_2 .
2025-09-08 10:58:37,299 [flink-akka.actor.default-dispatcher-5] [org.apache.flink.runtime.resourcemanager.StandaloneResourceManager] [INFO] - Starting the resource manager.
2025-09-08 10:58:37,309 [mini-cluster-io-thread-4] [org.apache.flink.runtime.highavailability.nonha.embedded.EmbeddedLeaderService] [INFO] - Received confirmation of leadership for leader akka://flink/user/rpc/resourcemanager_1 , session=664aad0b-16f2-4cc8-afb3-9d05344852c4
2025-09-08 10:58:37,311 [flink-akka.actor.default-dispatcher-5] [org.apache.flink.runtime.taskexecutor.TaskExecutor] [INFO] - Connecting to ResourceManager akka://flink/user/rpc/resourcemanager_1(afb39d05344852c4664aad0b16f24cc8).
2025-09-08 10:58:37,316 [mini-cluster-io-thread-1] [org.apache.flink.runtime.highavailability.nonha.embedded.EmbeddedLeaderService] [INFO] - Received confirmation of leadership for leader akka://flink/user/rpc/dispatcher_2 , session=c8fa7a1b-1310-4c17-b05e-7963adb9fb98
2025-09-08 10:58:37,344 [flink-akka.actor.default-dispatcher-5] [org.apache.flink.runtime.taskexecutor.TaskExecutor] [INFO] - Resolved ResourceManager address, beginning registration
2025-09-08 10:58:37,352 [flink-akka.actor.default-dispatcher-5] [org.apache.flink.runtime.resourcemanager.StandaloneResourceManager] [INFO] - Registering TaskManager with ResourceID 2b0ae1bb-704e-4033-97bc-6f7d35c3cff5 (akka://flink/user/rpc/taskmanager_0) at ResourceManager
2025-09-08 10:58:37,354 [flink-akka.actor.default-dispatcher-5] [org.apache.flink.runtime.taskexecutor.TaskExecutor] [INFO] - Successful registration at resource manager akka://flink/user/rpc/resourcemanager_1 under registration id 5ba55583fe96ba95867291697e8b7a60.
2025-09-08 10:58:37,355 [flink-akka.actor.default-dispatcher-8] [org.apache.flink.runtime.dispatcher.StandaloneDispatcher] [INFO] - Received JobGraph submission 'Student Activity Statistics (Processing Time)' (760aeded95f6ddb6f90f202b02c4f103).
2025-09-08 10:58:37,355 [flink-akka.actor.default-dispatcher-8] [org.apache.flink.runtime.dispatcher.StandaloneDispatcher] [INFO] - Submitting job 'Student Activity Statistics (Processing Time)' (760aeded95f6ddb6f90f202b02c4f103).
2025-09-08 10:58:37,372 [flink-akka.actor.default-dispatcher-8] [org.apache.flink.runtime.highavailability.nonha.embedded.EmbeddedLeaderService] [INFO] - Proposing leadership to contender LeaderContender: JobMasterServiceLeadershipRunner
2025-09-08 10:58:37,384 [jobmanager-io-thread-1] [org.apache.flink.runtime.rpc.akka.AkkaRpcService] [INFO] - Starting RPC endpoint for org.apache.flink.runtime.jobmaster.JobMaster at akka://flink/user/rpc/jobmanager_3 .
2025-09-08 10:58:37,390 [jobmanager-io-thread-1] [org.apache.flink.runtime.jobmaster.JobMaster] [INFO] - Initializing job 'Student Activity Statistics (Processing Time)' (760aeded95f6ddb6f90f202b02c4f103).
2025-09-08 10:58:37,415 [jobmanager-io-thread-1] [org.apache.flink.runtime.jobmaster.JobMaster] [INFO] - Using restart back off time strategy NoRestartBackoffTimeStrategy for Student Activity Statistics (Processing Time) (760aeded95f6ddb6f90f202b02c4f103).
2025-09-08 10:58:37,477 [jobmanager-io-thread-1] [org.apache.flink.runtime.jobmaster.JobMaster] [INFO] - Running initialization on master for job Student Activity Statistics (Processing Time) (760aeded95f6ddb6f90f202b02c4f103).
2025-09-08 10:58:37,477 [jobmanager-io-thread-1] [org.apache.flink.runtime.jobmaster.JobMaster] [INFO] - Successfully ran initialization on master in 0 ms.
2025-09-08 10:58:37,503 [jobmanager-io-thread-1] [org.apache.flink.runtime.scheduler.adapter.DefaultExecutionTopology] [INFO] - Built 1 new pipelined regions in 1 ms, total 1 pipelined regions currently.
2025-09-08 10:58:37,519 [jobmanager-io-thread-1] [org.apache.flink.runtime.jobmaster.JobMaster] [INFO] - No state backend has been configured, using default (HashMap) org.apache.flink.runtime.state.hashmap.HashMapStateBackend@38cbf9e2
2025-09-08 10:58:37,519 [jobmanager-io-thread-1] [org.apache.flink.runtime.state.StateBackendLoader] [INFO] - State backend loader loads the state backend as HashMapStateBackend
2025-09-08 10:58:37,520 [jobmanager-io-thread-1] [org.apache.flink.runtime.jobmaster.JobMaster] [INFO] - Checkpoint storage is set to 'jobmanager'
2025-09-08 10:58:37,563 [jobmanager-io-thread-1] [org.apache.flink.runtime.checkpoint.CheckpointCoordinator] [INFO] - No checkpoint found during restore.
2025-09-08 10:58:37,572 [jobmanager-io-thread-1] [org.apache.flink.runtime.jobmaster.JobMaster] [INFO] - Using failover strategy org.apache.flink.runtime.executiongraph.failover.flip1.RestartPipelinedRegionFailoverStrategy@18c92a86 for Student Activity Statistics (Processing Time) (760aeded95f6ddb6f90f202b02c4f103).
2025-09-08 10:58:37,580 [jobmanager-io-thread-1] [org.apache.flink.runtime.highavailability.nonha.embedded.EmbeddedLeaderService] [INFO] - Received confirmation of leadership for leader akka://flink/user/rpc/jobmanager_3 , session=fdfd5cb7-7618-4c98-aa9a-e8e82854bbde
2025-09-08 10:58:37,582 [flink-akka.actor.default-dispatcher-8] [org.apache.flink.runtime.jobmaster.JobMaster] [INFO] - Starting execution of job 'Student Activity Statistics (Processing Time)' (760aeded95f6ddb6f90f202b02c4f103) under job master id aa9ae8e82854bbdefdfd5cb776184c98.
2025-09-08 10:58:37,585 [flink-akka.actor.default-dispatcher-8] [org.apache.flink.runtime.jobmaster.JobMaster] [INFO] - Starting scheduling with scheduling strategy [org.apache.flink.runtime.scheduler.strategy.PipelinedRegionSchedulingStrategy]
2025-09-08 10:58:37,585 [flink-akka.actor.default-dispatcher-8] [org.apache.flink.runtime.executiongraph.ExecutionGraph] [INFO] - Job Student Activity Statistics (Processing Time) (760aeded95f6ddb6f90f202b02c4f103) switched from state CREATED to RUNNING.
2025-09-08 10:58:37,588 [flink-akka.actor.default-dispatcher-8] [org.apache.flink.runtime.executiongraph.ExecutionGraph] [INFO] - Source: Custom Source (1/1) (3afb8a93161ebeae2b1ffdcf629e9c40) switched from CREATED to SCHEDULED.
2025-09-08 10:58:37,588 [flink-akka.actor.default-dispatcher-8] [org.apache.flink.runtime.executiongraph.ExecutionGraph] [INFO] - Map (1/3) (938b073cf0ac6a43a995b4d492d9a6c5) switched from CREATED to SCHEDULED.
2025-09-08 10:58:37,589 [flink-akka.actor.default-dispatcher-8] [org.apache.flink.runtime.executiongraph.ExecutionGraph] [INFO] - Map (2/3) (59e7635cf4c9b1eb5d3b490e7f4e2439) switched from CREATED to SCHEDULED.
2025-09-08 10:58:37,589 [flink-akka.actor.default-dispatcher-8] [org.apache.flink.runtime.executiongraph.ExecutionGraph] [INFO] - Map (3/3) (e76ccbc1f7d0e42b08e0ac557ffb07ae) switched from CREATED to SCHEDULED.
2025-09-08 10:58:37,589 [flink-akka.actor.default-dispatcher-8] [org.apache.flink.runtime.executiongraph.ExecutionGraph] [INFO] - TumblingProcessingTimeWindows -> Sink: Unnamed (1/3) (3eb58d1e4521f53ab9a7cfa5e861119a) switched from CREATED to SCHEDULED.
2025-09-08 10:58:37,589 [flink-akka.actor.default-dispatcher-8] [org.apache.flink.runtime.executiongraph.ExecutionGraph] [INFO] - TumblingProcessingTimeWindows -> Sink: Unnamed (2/3) (024cc60cc7d7e2af82c3cebc2c4dbca6) switched from CREATED to SCHEDULED.
2025-09-08 10:58:37,589 [flink-akka.actor.default-dispatcher-8] [org.apache.flink.runtime.executiongraph.ExecutionGraph] [INFO] - TumblingProcessingTimeWindows -> Sink: Unnamed (3/3) (9b4bb554eec41e7ba28cb1fbdfa7a3c4) switched from CREATED to SCHEDULED.
2025-09-08 10:58:37,602 [flink-akka.actor.default-dispatcher-8] [org.apache.flink.runtime.jobmaster.JobMaster] [INFO] - Connecting to ResourceManager akka://flink/user/rpc/resourcemanager_1(afb39d05344852c4664aad0b16f24cc8)
2025-09-08 10:58:37,604 [flink-akka.actor.default-dispatcher-7] [org.apache.flink.runtime.jobmaster.JobMaster] [INFO] - Resolved ResourceManager address, beginning registration
2025-09-08 10:58:37,605 [flink-akka.actor.default-dispatcher-8] [org.apache.flink.runtime.resourcemanager.StandaloneResourceManager] [INFO] - Registering job manager aa9ae8e82854bbdefdfd5cb776184c98@akka://flink/user/rpc/jobmanager_3 for job 760aeded95f6ddb6f90f202b02c4f103.
2025-09-08 10:58:37,611 [flink-akka.actor.default-dispatcher-5] [org.apache.flink.runtime.resourcemanager.StandaloneResourceManager] [INFO] - Registered job manager aa9ae8e82854bbdefdfd5cb776184c98@akka://flink/user/rpc/jobmanager_3 for job 760aeded95f6ddb6f90f202b02c4f103.
2025-09-08 10:58:37,613 [flink-akka.actor.default-dispatcher-8] [org.apache.flink.runtime.jobmaster.JobMaster] [INFO] - JobManager successfully registered at ResourceManager, leader id: afb39d05344852c4664aad0b16f24cc8.
2025-09-08 10:58:37,614 [flink-akka.actor.default-dispatcher-5] [org.apache.flink.runtime.resourcemanager.slotmanager.DeclarativeSlotManager] [INFO] - Received resource requirements from job 760aeded95f6ddb6f90f202b02c4f103: [ResourceRequirement{resourceProfile=ResourceProfile{UNKNOWN}, numberOfRequiredSlots=3}]
2025-09-08 10:58:37,617 [flink-akka.actor.default-dispatcher-8] [org.apache.flink.runtime.taskexecutor.TaskExecutor] [INFO] - Receive slot request b36b19e4890d5c0a385bcc48de618f9b for job 760aeded95f6ddb6f90f202b02c4f103 from resource manager with leader id afb39d05344852c4664aad0b16f24cc8.
2025-09-08 10:58:37,624 [flink-akka.actor.default-dispatcher-8] [org.apache.flink.runtime.taskexecutor.TaskExecutor] [INFO] - Allocated slot for b36b19e4890d5c0a385bcc48de618f9b.
2025-09-08 10:58:37,624 [flink-akka.actor.default-dispatcher-8] [org.apache.flink.runtime.taskexecutor.DefaultJobLeaderService] [INFO] - Add job 760aeded95f6ddb6f90f202b02c4f103 for job leader monitoring.
2025-09-08 10:58:37,626 [mini-cluster-io-thread-2] [org.apache.flink.runtime.taskexecutor.DefaultJobLeaderService] [INFO] - Try to register at job manager akka://flink/user/rpc/jobmanager_3 with leader id fdfd5cb7-7618-4c98-aa9a-e8e82854bbde.
2025-09-08 10:58:37,626 [flink-akka.actor.default-dispatcher-8] [org.apache.flink.runtime.taskexecutor.TaskExecutor] [INFO] - Receive slot request ce35299870584215f56944aa4ff3627a for job 760aeded95f6ddb6f90f202b02c4f103 from resource manager with leader id afb39d05344852c4664aad0b16f24cc8.
2025-09-08 10:58:37,627 [flink-akka.actor.default-dispatcher-8] [org.apache.flink.runtime.taskexecutor.TaskExecutor] [INFO] - Allocated slot for ce35299870584215f56944aa4ff3627a.
2025-09-08 10:58:37,627 [flink-akka.actor.default-dispatcher-5] [org.apache.flink.runtime.taskexecutor.DefaultJobLeaderService] [INFO] - Resolved JobManager address, beginning registration
2025-09-08 10:58:37,627 [flink-akka.actor.default-dispatcher-8] [org.apache.flink.runtime.taskexecutor.TaskExecutor] [INFO] - Receive slot request 1de2315a1a812d568fc6288d49deaa5a for job 760aeded95f6ddb6f90f202b02c4f103 from resource manager with leader id afb39d05344852c4664aad0b16f24cc8.
2025-09-08 10:58:37,627 [flink-akka.actor.default-dispatcher-8] [org.apache.flink.runtime.taskexecutor.TaskExecutor] [INFO] - Allocated slot for 1de2315a1a812d568fc6288d49deaa5a.
2025-09-08 10:58:37,631 [flink-akka.actor.default-dispatcher-8] [org.apache.flink.runtime.taskexecutor.DefaultJobLeaderService] [INFO] - Successful registration at job manager akka://flink/user/rpc/jobmanager_3 for job 760aeded95f6ddb6f90f202b02c4f103.
2025-09-08 10:58:37,631 [flink-akka.actor.default-dispatcher-5] [org.apache.flink.runtime.taskexecutor.TaskExecutor] [INFO] - Establish JobManager connection for job 760aeded95f6ddb6f90f202b02c4f103.
2025-09-08 10:58:37,634 [flink-akka.actor.default-dispatcher-5] [org.apache.flink.runtime.taskexecutor.TaskExecutor] [INFO] - Offer reserved slots to the leader of job 760aeded95f6ddb6f90f202b02c4f103.
2025-09-08 10:58:37,642 [flink-akka.actor.default-dispatcher-8] [org.apache.flink.runtime.executiongraph.ExecutionGraph] [INFO] - Source: Custom Source (1/1) (3afb8a93161ebeae2b1ffdcf629e9c40) switched from SCHEDULED to DEPLOYING.
2025-09-08 10:58:37,644 [flink-akka.actor.default-dispatcher-8] [org.apache.flink.runtime.executiongraph.ExecutionGraph] [INFO] - Deploying Source: Custom Source (1/1) (attempt #0) with attempt id 3afb8a93161ebeae2b1ffdcf629e9c40 and vertex id bc764cd8ddf7a0cff126f51c16239658_0 to 2b0ae1bb-704e-4033-97bc-6f7d35c3cff5 @ 127.0.0.1 (dataPort=-1) with allocation id 1de2315a1a812d568fc6288d49deaa5a
2025-09-08 10:58:37,648 [flink-akka.actor.default-dispatcher-8] [org.apache.flink.runtime.executiongraph.ExecutionGraph] [INFO] - Map (1/3) (938b073cf0ac6a43a995b4d492d9a6c5) switched from SCHEDULED to DEPLOYING.
2025-09-08 10:58:37,648 [flink-akka.actor.default-dispatcher-8] [org.apache.flink.runtime.executiongraph.ExecutionGraph] [INFO] - Deploying Map (1/3) (attempt #0) with attempt id 938b073cf0ac6a43a995b4d492d9a6c5 and vertex id 0a448493b4782967b150582570326227_0 to 2b0ae1bb-704e-4033-97bc-6f7d35c3cff5 @ 127.0.0.1 (dataPort=-1) with allocation id 1de2315a1a812d568fc6288d49deaa5a
2025-09-08 10:58:37,648 [flink-akka.actor.default-dispatcher-5] [org.apache.flink.runtime.taskexecutor.slot.TaskSlotTableImpl] [INFO] - Activate slot 1de2315a1a812d568fc6288d49deaa5a.
2025-09-08 10:58:37,653 [flink-akka.actor.default-dispatcher-8] [org.apache.flink.runtime.executiongraph.ExecutionGraph] [INFO] - Map (2/3) (59e7635cf4c9b1eb5d3b490e7f4e2439) switched from SCHEDULED to DEPLOYING.
2025-09-08 10:58:37,653 [flink-akka.actor.default-dispatcher-8] [org.apache.flink.runtime.executiongraph.ExecutionGraph] [INFO] - Deploying Map (2/3) (attempt #0) with attempt id 59e7635cf4c9b1eb5d3b490e7f4e2439 and vertex id 0a448493b4782967b150582570326227_1 to 2b0ae1bb-704e-4033-97bc-6f7d35c3cff5 @ 127.0.0.1 (dataPort=-1) with allocation id ce35299870584215f56944aa4ff3627a
2025-09-08 10:58:37,653 [flink-akka.actor.default-dispatcher-8] [org.apache.flink.runtime.executiongraph.ExecutionGraph] [INFO] - Map (3/3) (e76ccbc1f7d0e42b08e0ac557ffb07ae) switched from SCHEDULED to DEPLOYING.
2025-09-08 10:58:37,653 [flink-akka.actor.default-dispatcher-8] [org.apache.flink.runtime.executiongraph.ExecutionGraph] [INFO] - Deploying Map (3/3) (attempt #0) with attempt id e76ccbc1f7d0e42b08e0ac557ffb07ae and vertex id 0a448493b4782967b150582570326227_2 to 2b0ae1bb-704e-4033-97bc-6f7d35c3cff5 @ 127.0.0.1 (dataPort=-1) with allocation id b36b19e4890d5c0a385bcc48de618f9b
2025-09-08 10:58:37,653 [flink-akka.actor.default-dispatcher-8] [org.apache.flink.runtime.executiongraph.ExecutionGraph] [INFO] - TumblingProcessingTimeWindows -> Sink: Unnamed (1/3) (3eb58d1e4521f53ab9a7cfa5e861119a) switched from SCHEDULED to DEPLOYING.
2025-09-08 10:58:37,653 [flink-akka.actor.default-dispatcher-8] [org.apache.flink.runtime.executiongraph.ExecutionGraph] [INFO] - Deploying TumblingProcessingTimeWindows -> Sink: Unnamed (1/3) (attempt #0) with attempt id 3eb58d1e4521f53ab9a7cfa5e861119a and vertex id e70bbd798b564e0a50e10e343f1ac56b_0 to 2b0ae1bb-704e-4033-97bc-6f7d35c3cff5 @ 127.0.0.1 (dataPort=-1) with allocation id 1de2315a1a812d568fc6288d49deaa5a
2025-09-08 10:58:37,654 [flink-akka.actor.default-dispatcher-8] [org.apache.flink.runtime.executiongraph.ExecutionGraph] [INFO] - TumblingProcessingTimeWindows -> Sink: Unnamed (2/3) (024cc60cc7d7e2af82c3cebc2c4dbca6) switched from SCHEDULED to DEPLOYING.
2025-09-08 10:58:37,654 [flink-akka.actor.default-dispatcher-8] [org.apache.flink.runtime.executiongraph.ExecutionGraph] [INFO] - Deploying TumblingProcessingTimeWindows -> Sink: Unnamed (2/3) (attempt #0) with attempt id 024cc60cc7d7e2af82c3cebc2c4dbca6 and vertex id e70bbd798b564e0a50e10e343f1ac56b_1 to 2b0ae1bb-704e-4033-97bc-6f7d35c3cff5 @ 127.0.0.1 (dataPort=-1) with allocation id ce35299870584215f56944aa4ff3627a
2025-09-08 10:58:37,654 [flink-akka.actor.default-dispatcher-8] [org.apache.flink.runtime.executiongraph.ExecutionGraph] [INFO] - TumblingProcessingTimeWindows -> Sink: Unnamed (3/3) (9b4bb554eec41e7ba28cb1fbdfa7a3c4) switched from SCHEDULED to DEPLOYING.
2025-09-08 10:58:37,655 [flink-akka.actor.default-dispatcher-8] [org.apache.flink.runtime.executiongraph.ExecutionGraph] [INFO] - Deploying TumblingProcessingTimeWindows -> Sink: Unnamed (3/3) (attempt #0) with attempt id 9b4bb554eec41e7ba28cb1fbdfa7a3c4 and vertex id e70bbd798b564e0a50e10e343f1ac56b_2 to 2b0ae1bb-704e-4033-97bc-6f7d35c3cff5 @ 127.0.0.1 (dataPort=-1) with allocation id b36b19e4890d5c0a385bcc48de618f9b
2025-09-08 10:58:37,662 [flink-akka.actor.default-dispatcher-5] [org.apache.flink.runtime.state.changelog.StateChangelogStorageLoader] [INFO] - StateChangelogStorageLoader initialized with shortcut names {memory}.
2025-09-08 10:58:37,662 [flink-akka.actor.default-dispatcher-5] [org.apache.flink.runtime.state.changelog.StateChangelogStorageLoader] [INFO] - Creating a changelog storage with name 'memory'.
2025-09-08 10:58:37,686 [flink-akka.actor.default-dispatcher-5] [org.apache.flink.runtime.taskexecutor.TaskExecutor] [INFO] - Received task Source: Custom Source (1/1)#0 (3afb8a93161ebeae2b1ffdcf629e9c40), deploy into slot with allocation id 1de2315a1a812d568fc6288d49deaa5a.
2025-09-08 10:58:37,687 [Source: Custom Source (1/1)#0] [org.apache.flink.runtime.taskmanager.Task] [INFO] - Source: Custom Source (1/1)#0 (3afb8a93161ebeae2b1ffdcf629e9c40) switched from CREATED to DEPLOYING.
2025-09-08 10:58:37,688 [flink-akka.actor.default-dispatcher-5] [org.apache.flink.runtime.taskexecutor.slot.TaskSlotTableImpl] [INFO] - Activate slot 1de2315a1a812d568fc6288d49deaa5a.
2025-09-08 10:58:37,693 [Source: Custom Source (1/1)#0] [org.apache.flink.runtime.taskmanager.Task] [INFO] - Loading JAR files for task Source: Custom Source (1/1)#0 (3afb8a93161ebeae2b1ffdcf629e9c40) [DEPLOYING].
2025-09-08 10:58:37,704 [flink-akka.actor.default-dispatcher-5] [org.apache.flink.runtime.taskexecutor.TaskExecutor] [INFO] - Received task Map (1/3)#0 (938b073cf0ac6a43a995b4d492d9a6c5), deploy into slot with allocation id 1de2315a1a812d568fc6288d49deaa5a.
2025-09-08 10:58:37,705 [flink-akka.actor.default-dispatcher-5] [org.apache.flink.runtime.taskexecutor.slot.TaskSlotTableImpl] [INFO] - Activate slot ce35299870584215f56944aa4ff3627a.
2025-09-08 10:58:37,706 [Map (1/3)#0] [org.apache.flink.runtime.taskmanager.Task] [INFO] - Map (1/3)#0 (938b073cf0ac6a43a995b4d492d9a6c5) switched from CREATED to DEPLOYING.
2025-09-08 10:58:37,707 [Map (1/3)#0] [org.apache.flink.runtime.taskmanager.Task] [INFO] - Loading JAR files for task Map (1/3)#0 (938b073cf0ac6a43a995b4d492d9a6c5) [DEPLOYING].
2025-09-08 10:58:37,709 [flink-akka.actor.default-dispatcher-5] [org.apache.flink.runtime.taskexecutor.TaskExecutor] [INFO] - Received task Map (2/3)#0 (59e7635cf4c9b1eb5d3b490e7f4e2439), deploy into slot with allocation id ce35299870584215f56944aa4ff3627a.
2025-09-08 10:58:37,709 [Map (2/3)#0] [org.apache.flink.runtime.taskmanager.Task] [INFO] - Map (2/3)#0 (59e7635cf4c9b1eb5d3b490e7f4e2439) switched from CREATED to DEPLOYING.
2025-09-08 10:58:37,709 [flink-akka.actor.default-dispatcher-5] [org.apache.flink.runtime.taskexecutor.slot.TaskSlotTableImpl] [INFO] - Activate slot b36b19e4890d5c0a385bcc48de618f9b.
2025-09-08 10:58:37,710 [Map (2/3)#0] [org.apache.flink.runtime.taskmanager.Task] [INFO] - Loading JAR files for task Map (2/3)#0 (59e7635cf4c9b1eb5d3b490e7f4e2439) [DEPLOYING].
2025-09-08 10:58:37,713 [flink-akka.actor.default-dispatcher-5] [org.apache.flink.runtime.taskexecutor.TaskExecutor] [INFO] - Received task Map (3/3)#0 (e76ccbc1f7d0e42b08e0ac557ffb07ae), deploy into slot with allocation id b36b19e4890d5c0a385bcc48de618f9b.
2025-09-08 10:58:37,714 [Map (3/3)#0] [org.apache.flink.runtime.taskmanager.Task] [INFO] - Map (3/3)#0 (e76ccbc1f7d0e42b08e0ac557ffb07ae) switched from CREATED to DEPLOYING.
2025-09-08 10:58:37,714 [flink-akka.actor.default-dispatcher-5] [org.apache.flink.runtime.taskexecutor.slot.TaskSlotTableImpl] [INFO] - Activate slot 1de2315a1a812d568fc6288d49deaa5a.
2025-09-08 10:58:37,714 [Map (3/3)#0] [org.apache.flink.runtime.taskmanager.Task] [INFO] - Loading JAR files for task Map (3/3)#0 (e76ccbc1f7d0e42b08e0ac557ffb07ae) [DEPLOYING].
2025-09-08 10:58:37,718 [flink-akka.actor.default-dispatcher-5] [org.apache.flink.runtime.taskexecutor.TaskExecutor] [INFO] - Received task TumblingProcessingTimeWindows -> Sink: Unnamed (1/3)#0 (3eb58d1e4521f53ab9a7cfa5e861119a), deploy into slot with allocation id 1de2315a1a812d568fc6288d49deaa5a.
2025-09-08 10:58:37,718 [TumblingProcessingTimeWindows -> Sink: Unnamed (1/3)#0] [org.apache.flink.runtime.taskmanager.Task] [INFO] - TumblingProcessingTimeWindows -> Sink: Unnamed (1/3)#0 (3eb58d1e4521f53ab9a7cfa5e861119a) switched from CREATED to DEPLOYING.
2025-09-08 10:58:37,718 [flink-akka.actor.default-dispatcher-5] [org.apache.flink.runtime.taskexecutor.slot.TaskSlotTableImpl] [INFO] - Activate slot ce35299870584215f56944aa4ff3627a.
2025-09-08 10:58:37,718 [TumblingProcessingTimeWindows -> Sink: Unnamed (1/3)#0] [org.apache.flink.runtime.taskmanager.Task] [INFO] - Loading JAR files for task TumblingProcessingTimeWindows -> Sink: Unnamed (1/3)#0 (3eb58d1e4521f53ab9a7cfa5e861119a) [DEPLOYING].
2025-09-08 10:58:37,721 [flink-akka.actor.default-dispatcher-5] [org.apache.flink.runtime.taskexecutor.TaskExecutor] [INFO] - Received task TumblingProcessingTimeWindows -> Sink: Unnamed (2/3)#0 (024cc60cc7d7e2af82c3cebc2c4dbca6), deploy into slot with allocation id ce35299870584215f56944aa4ff3627a.
2025-09-08 10:58:37,722 [TumblingProcessingTimeWindows -> Sink: Unnamed (2/3)#0] [org.apache.flink.runtime.taskmanager.Task] [INFO] - TumblingProcessingTimeWindows -> Sink: Unnamed (2/3)#0 (024cc60cc7d7e2af82c3cebc2c4dbca6) switched from CREATED to DEPLOYING.
2025-09-08 10:58:37,722 [flink-akka.actor.default-dispatcher-5] [org.apache.flink.runtime.taskexecutor.slot.TaskSlotTableImpl] [INFO] - Activate slot b36b19e4890d5c0a385bcc48de618f9b.
2025-09-08 10:58:37,722 [TumblingProcessingTimeWindows -> Sink: Unnamed (2/3)#0] [org.apache.flink.runtime.taskmanager.Task] [INFO] - Loading JAR files for task TumblingProcessingTimeWindows -> Sink: Unnamed (2/3)#0 (024cc60cc7d7e2af82c3cebc2c4dbca6) [DEPLOYING].
2025-09-08 10:58:37,725 [flink-akka.actor.default-dispatcher-5] [org.apache.flink.runtime.taskexecutor.TaskExecutor] [INFO] - Received task TumblingProcessingTimeWindows -> Sink: Unnamed (3/3)#0 (9b4bb554eec41e7ba28cb1fbdfa7a3c4), deploy into slot with allocation id b36b19e4890d5c0a385bcc48de618f9b.
2025-09-08 10:58:37,725 [TumblingProcessingTimeWindows -> Sink: Unnamed (3/3)#0] [org.apache.flink.runtime.taskmanager.Task] [INFO] - TumblingProcessingTimeWindows -> Sink: Unnamed (3/3)#0 (9b4bb554eec41e7ba28cb1fbdfa7a3c4) switched from CREATED to DEPLOYING.
2025-09-08 10:58:37,726 [TumblingProcessingTimeWindows -> Sink: Unnamed (3/3)#0] [org.apache.flink.runtime.taskmanager.Task] [INFO] - Loading JAR files for task TumblingProcessingTimeWindows -> Sink: Unnamed (3/3)#0 (9b4bb554eec41e7ba28cb1fbdfa7a3c4) [DEPLOYING].
2025-09-08 10:58:37,726 [flink-akka.actor.default-dispatcher-5] [org.apache.flink.runtime.taskexecutor.slot.TaskSlotTableImpl] [INFO] - Activate slot 1de2315a1a812d568fc6288d49deaa5a.
2025-09-08 10:58:37,726 [flink-akka.actor.default-dispatcher-5] [org.apache.flink.runtime.taskexecutor.slot.TaskSlotTableImpl] [INFO] - Activate slot b36b19e4890d5c0a385bcc48de618f9b.
2025-09-08 10:58:37,726 [flink-akka.actor.default-dispatcher-5] [org.apache.flink.runtime.taskexecutor.slot.TaskSlotTableImpl] [INFO] - Activate slot ce35299870584215f56944aa4ff3627a.
2025-09-08 10:58:37,742 [TumblingProcessingTimeWindows -> Sink: Unnamed (3/3)#0] [org.apache.flink.streaming.runtime.tasks.StreamTask] [INFO] - No state backend has been configured, using default (HashMap) org.apache.flink.runtime.state.hashmap.HashMapStateBackend@484db9ed
2025-09-08 10:58:37,742 [TumblingProcessingTimeWindows -> Sink: Unnamed (1/3)#0] [org.apache.flink.streaming.runtime.tasks.StreamTask] [INFO] - No state backend has been configured, using default (HashMap) org.apache.flink.runtime.state.hashmap.HashMapStateBackend@35883310
2025-09-08 10:58:37,742 [TumblingProcessingTimeWindows -> Sink: Unnamed (2/3)#0] [org.apache.flink.streaming.runtime.tasks.StreamTask] [INFO] - No state backend has been configured, using default (HashMap) org.apache.flink.runtime.state.hashmap.HashMapStateBackend@307ad9f5
2025-09-08 10:58:37,742 [TumblingProcessingTimeWindows -> Sink: Unnamed (1/3)#0] [org.apache.flink.runtime.state.StateBackendLoader] [INFO] - State backend loader loads the state backend as HashMapStateBackend
2025-09-08 10:58:37,742 [TumblingProcessingTimeWindows -> Sink: Unnamed (3/3)#0] [org.apache.flink.runtime.state.StateBackendLoader] [INFO] - State backend loader loads the state backend as HashMapStateBackend
2025-09-08 10:58:37,743 [TumblingProcessingTimeWindows -> Sink: Unnamed (1/3)#0] [org.apache.flink.streaming.runtime.tasks.StreamTask] [INFO] - Checkpoint storage is set to 'jobmanager'
2025-09-08 10:58:37,742 [TumblingProcessingTimeWindows -> Sink: Unnamed (2/3)#0] [org.apache.flink.runtime.state.StateBackendLoader] [INFO] - State backend loader loads the state backend as HashMapStateBackend
2025-09-08 10:58:37,743 [TumblingProcessingTimeWindows -> Sink: Unnamed (3/3)#0] [org.apache.flink.streaming.runtime.tasks.StreamTask] [INFO] - Checkpoint storage is set to 'jobmanager'
2025-09-08 10:58:37,743 [TumblingProcessingTimeWindows -> Sink: Unnamed (2/3)#0] [org.apache.flink.streaming.runtime.tasks.StreamTask] [INFO] - Checkpoint storage is set to 'jobmanager'
2025-09-08 10:58:37,745 [Map (3/3)#0] [org.apache.flink.streaming.runtime.tasks.StreamTask] [INFO] - No state backend has been configured, using default (HashMap) org.apache.flink.runtime.state.hashmap.HashMapStateBackend@77849a86
2025-09-08 10:58:37,745 [Map (1/3)#0] [org.apache.flink.streaming.runtime.tasks.StreamTask] [INFO] - No state backend has been configured, using default (HashMap) org.apache.flink.runtime.state.hashmap.HashMapStateBackend@264a6ccb
2025-09-08 10:58:37,745 [Map (2/3)#0] [org.apache.flink.streaming.runtime.tasks.StreamTask] [INFO] - No state backend has been configured, using default (HashMap) org.apache.flink.runtime.state.hashmap.HashMapStateBackend@63059a31
2025-09-08 10:58:37,745 [Source: Custom Source (1/1)#0] [org.apache.flink.streaming.runtime.tasks.StreamTask] [INFO] - No state backend has been configured, using default (HashMap) org.apache.flink.runtime.state.hashmap.HashMapStateBackend@1ab3960e
2025-09-08 10:58:37,745 [Map (2/3)#0] [org.apache.flink.runtime.state.StateBackendLoader] [INFO] - State backend loader loads the state backend as HashMapStateBackend
2025-09-08 10:58:37,745 [Map (2/3)#0] [org.apache.flink.streaming.runtime.tasks.StreamTask] [INFO] - Checkpoint storage is set to 'jobmanager'
2025-09-08 10:58:37,745 [Map (1/3)#0] [org.apache.flink.runtime.state.StateBackendLoader] [INFO] - State backend loader loads the state backend as HashMapStateBackend
2025-09-08 10:58:37,746 [Map (1/3)#0] [org.apache.flink.streaming.runtime.tasks.StreamTask] [INFO] - Checkpoint storage is set to 'jobmanager'
2025-09-08 10:58:37,745 [Map (3/3)#0] [org.apache.flink.runtime.state.StateBackendLoader] [INFO] - State backend loader loads the state backend as HashMapStateBackend
2025-09-08 10:58:37,745 [Source: Custom Source (1/1)#0] [org.apache.flink.runtime.state.StateBackendLoader] [INFO] - State backend loader loads the state backend as HashMapStateBackend
2025-09-08 10:58:37,746 [Map (3/3)#0] [org.apache.flink.streaming.runtime.tasks.StreamTask] [INFO] - Checkpoint storage is set to 'jobmanager'
2025-09-08 10:58:37,746 [Source: Custom Source (1/1)#0] [org.apache.flink.streaming.runtime.tasks.StreamTask] [INFO] - Checkpoint storage is set to 'jobmanager'
2025-09-08 10:58:37,753 [TumblingProcessingTimeWindows -> Sink: Unnamed (2/3)#0] [org.apache.flink.runtime.taskmanager.Task] [INFO] - TumblingProcessingTimeWindows -> Sink: Unnamed (2/3)#0 (024cc60cc7d7e2af82c3cebc2c4dbca6) switched from DEPLOYING to INITIALIZING.
2025-09-08 10:58:37,753 [Map (3/3)#0] [org.apache.flink.runtime.taskmanager.Task] [INFO] - Map (3/3)#0 (e76ccbc1f7d0e42b08e0ac557ffb07ae) switched from DEPLOYING to INITIALIZING.
2025-09-08 10:58:37,753 [Map (2/3)#0] [org.apache.flink.runtime.taskmanager.Task] [INFO] - Map (2/3)#0 (59e7635cf4c9b1eb5d3b490e7f4e2439) switched from DEPLOYING to INITIALIZING.
2025-09-08 10:58:37,753 [TumblingProcessingTimeWindows -> Sink: Unnamed (1/3)#0] [org.apache.flink.runtime.taskmanager.Task] [INFO] - TumblingProcessingTimeWindows -> Sink: Unnamed (1/3)#0 (3eb58d1e4521f53ab9a7cfa5e861119a) switched from DEPLOYING to INITIALIZING.
2025-09-08 10:58:37,753 [Map (1/3)#0] [org.apache.flink.runtime.taskmanager.Task] [INFO] - Map (1/3)#0 (938b073cf0ac6a43a995b4d492d9a6c5) switched from DEPLOYING to INITIALIZING.
2025-09-08 10:58:37,753 [TumblingProcessingTimeWindows -> Sink: Unnamed (3/3)#0] [org.apache.flink.runtime.taskmanager.Task] [INFO] - TumblingProcessingTimeWindows -> Sink: Unnamed (3/3)#0 (9b4bb554eec41e7ba28cb1fbdfa7a3c4) switched from DEPLOYING to INITIALIZING.
2025-09-08 10:58:37,754 [Source: Custom Source (1/1)#0] [org.apache.flink.runtime.taskmanager.Task] [INFO] - Source: Custom Source (1/1)#0 (3afb8a93161ebeae2b1ffdcf629e9c40) switched from DEPLOYING to INITIALIZING.
2025-09-08 10:58:37,754 [flink-akka.actor.default-dispatcher-7] [org.apache.flink.runtime.executiongraph.ExecutionGraph] [INFO] - TumblingProcessingTimeWindows -> Sink: Unnamed (2/3) (024cc60cc7d7e2af82c3cebc2c4dbca6) switched from DEPLOYING to INITIALIZING.
2025-09-08 10:58:37,756 [flink-akka.actor.default-dispatcher-7] [org.apache.flink.runtime.executiongraph.ExecutionGraph] [INFO] - Map (3/3) (e76ccbc1f7d0e42b08e0ac557ffb07ae) switched from DEPLOYING to INITIALIZING.
2025-09-08 10:58:37,756 [flink-akka.actor.default-dispatcher-7] [org.apache.flink.runtime.executiongraph.ExecutionGraph] [INFO] - Map (2/3) (59e7635cf4c9b1eb5d3b490e7f4e2439) switched from DEPLOYING to INITIALIZING.
2025-09-08 10:58:37,756 [flink-akka.actor.default-dispatcher-7] [org.apache.flink.runtime.executiongraph.ExecutionGraph] [INFO] - TumblingProcessingTimeWindows -> Sink: Unnamed (1/3) (3eb58d1e4521f53ab9a7cfa5e861119a) switched from DEPLOYING to INITIALIZING.
2025-09-08 10:58:37,756 [flink-akka.actor.default-dispatcher-7] [org.apache.flink.runtime.executiongraph.ExecutionGraph] [INFO] - Map (1/3) (938b073cf0ac6a43a995b4d492d9a6c5) switched from DEPLOYING to INITIALIZING.
2025-09-08 10:58:37,756 [flink-akka.actor.default-dispatcher-7] [org.apache.flink.runtime.executiongraph.ExecutionGraph] [INFO] - TumblingProcessingTimeWindows -> Sink: Unnamed (3/3) (9b4bb554eec41e7ba28cb1fbdfa7a3c4) switched from DEPLOYING to INITIALIZING.
2025-09-08 10:58:37,757 [flink-akka.actor.default-dispatcher-7] [org.apache.flink.runtime.executiongraph.ExecutionGraph] [INFO] - Source: Custom Source (1/1) (3afb8a93161ebeae2b1ffdcf629e9c40) switched from DEPLOYING to INITIALIZING.
2025-09-08 10:58:37,833 [Source: Custom Source (1/1)#0] [org.apache.flink.runtime.taskmanager.Task] [INFO] - Source: Custom Source (1/1)#0 (3afb8a93161ebeae2b1ffdcf629e9c40) switched from INITIALIZING to RUNNING.
2025-09-08 10:58:37,834 [flink-akka.actor.default-dispatcher-5] [org.apache.flink.runtime.executiongraph.ExecutionGraph] [INFO] - Source: Custom Source (1/1) (3afb8a93161ebeae2b1ffdcf629e9c40) switched from INITIALIZING to RUNNING.
2025-09-08 10:58:37,838 [Map (1/3)#0] [org.apache.flink.runtime.taskmanager.Task] [INFO] - Map (1/3)#0 (938b073cf0ac6a43a995b4d492d9a6c5) switched from INITIALIZING to RUNNING.
2025-09-08 10:58:37,838 [Map (3/3)#0] [org.apache.flink.runtime.taskmanager.Task] [INFO] - Map (3/3)#0 (e76ccbc1f7d0e42b08e0ac557ffb07ae) switched from INITIALIZING to RUNNING.
2025-09-08 10:58:37,838 [Map (2/3)#0] [org.apache.flink.runtime.taskmanager.Task] [INFO] - Map (2/3)#0 (59e7635cf4c9b1eb5d3b490e7f4e2439) switched from INITIALIZING to RUNNING.
2025-09-08 10:58:37,838 [flink-akka.actor.default-dispatcher-5] [org.apache.flink.runtime.executiongraph.ExecutionGraph] [INFO] - Map (1/3) (938b073cf0ac6a43a995b4d492d9a6c5) switched from INITIALIZING to RUNNING.
2025-09-08 10:58:37,839 [flink-akka.actor.default-dispatcher-5] [org.apache.flink.runtime.executiongraph.ExecutionGraph] [INFO] - Map (3/3) (e76ccbc1f7d0e42b08e0ac557ffb07ae) switched from INITIALIZING to RUNNING.
2025-09-08 10:58:37,839 [flink-akka.actor.default-dispatcher-5] [org.apache.flink.runtime.executiongraph.ExecutionGraph] [INFO] - Map (2/3) (59e7635cf4c9b1eb5d3b490e7f4e2439) switched from INITIALIZING to RUNNING.
2025-09-08 10:58:37,850 [Legacy Source Thread - Source: Custom Source (1/1)#0] [org.example.app.StudentActivityStatistics] [INFO] - 4,王4,01,4,3
2025-09-08 10:58:38,698 [TumblingProcessingTimeWindows -> Sink: Unnamed (1/3)#0] [org.example.app.StudentActivityStatistics] [INFO] - 数据库连接成功
2025-09-08 10:58:38,698 [TumblingProcessingTimeWindows -> Sink: Unnamed (2/3)#0] [org.example.app.StudentActivityStatistics] [INFO] - 数据库连接成功
2025-09-08 10:58:38,698 [TumblingProcessingTimeWindows -> Sink: Unnamed (3/3)#0] [org.example.app.StudentActivityStatistics] [INFO] - 数据库连接成功
2025-09-08 10:58:38,714 [TumblingProcessingTimeWindows -> Sink: Unnamed (3/3)#0] [org.apache.flink.runtime.state.heap.HeapKeyedStateBackendBuilder] [INFO] - Finished to build heap keyed state-backend.
2025-09-08 10:58:38,714 [TumblingProcessingTimeWindows -> Sink: Unnamed (1/3)#0] [org.apache.flink.runtime.state.heap.HeapKeyedStateBackendBuilder] [INFO] - Finished to build heap keyed state-backend.
2025-09-08 10:58:38,714 [TumblingProcessingTimeWindows -> Sink: Unnamed (2/3)#0] [org.apache.flink.runtime.state.heap.HeapKeyedStateBackendBuilder] [INFO] - Finished to build heap keyed state-backend.
2025-09-08 10:58:38,723 [TumblingProcessingTimeWindows -> Sink: Unnamed (3/3)#0] [org.apache.flink.runtime.state.heap.HeapKeyedStateBackend] [INFO] - Initializing heap keyed state backend with stream factory.
2025-09-08 10:58:38,723 [TumblingProcessingTimeWindows -> Sink: Unnamed (2/3)#0] [org.apache.flink.runtime.state.heap.HeapKeyedStateBackend] [INFO] - Initializing heap keyed state backend with stream factory.
2025-09-08 10:58:38,723 [TumblingProcessingTimeWindows -> Sink: Unnamed (1/3)#0] [org.apache.flink.runtime.state.heap.HeapKeyedStateBackend] [INFO] - Initializing heap keyed state backend with stream factory.
2025-09-08 10:58:38,741 [TumblingProcessingTimeWindows -> Sink: Unnamed (2/3)#0] [org.apache.flink.runtime.taskmanager.Task] [INFO] - TumblingProcessingTimeWindows -> Sink: Unnamed (2/3)#0 (024cc60cc7d7e2af82c3cebc2c4dbca6) switched from INITIALIZING to RUNNING.
2025-09-08 10:58:38,741 [TumblingProcessingTimeWindows -> Sink: Unnamed (3/3)#0] [org.apache.flink.runtime.taskmanager.Task] [INFO] - TumblingProcessingTimeWindows -> Sink: Unnamed (3/3)#0 (9b4bb554eec41e7ba28cb1fbdfa7a3c4) switched from INITIALIZING to RUNNING.
2025-09-08 10:58:38,741 [TumblingProcessingTimeWindows -> Sink: Unnamed (1/3)#0] [org.apache.flink.runtime.taskmanager.Task] [INFO] - TumblingProcessingTimeWindows -> Sink: Unnamed (1/3)#0 (3eb58d1e4521f53ab9a7cfa5e861119a) switched from INITIALIZING to RUNNING.
2025-09-08 10:58:38,741 [flink-akka.actor.default-dispatcher-5] [org.apache.flink.runtime.executiongraph.ExecutionGraph] [INFO] - TumblingProcessingTimeWindows -> Sink: Unnamed (2/3) (024cc60cc7d7e2af82c3cebc2c4dbca6) switched from INITIALIZING to RUNNING.
2025-09-08 10:58:38,743 [flink-akka.actor.default-dispatcher-5] [org.apache.flink.runtime.executiongraph.ExecutionGraph] [INFO] - TumblingProcessingTimeWindows -> Sink: Unnamed (3/3) (9b4bb554eec41e7ba28cb1fbdfa7a3c4) switched from INITIALIZING to RUNNING.
2025-09-08 10:58:38,743 [flink-akka.actor.default-dispatcher-5] [org.apache.flink.runtime.executiongraph.ExecutionGraph] [INFO] - TumblingProcessingTimeWindows -> Sink: Unnamed (1/3) (3eb58d1e4521f53ab9a7cfa5e861119a) switched from INITIALIZING to RUNNING.
2025-09-08 10:58:38,743 [TumblingProcessingTimeWindows -> Sink: Unnamed (1/3)#0] [org.example.app.StudentActivityStatistics] [WARN] - 累加器处理数据 {} (4,王4,01,4,3)
2025-09-08 10:58:47,851 [Legacy Source Thread - Source: Custom Source (1/1)#0] [org.example.app.StudentActivityStatistics] [INFO] - 4,王4,01,3,2
2025-09-08 10:58:47,996 [TumblingProcessingTimeWindows -> Sink: Unnamed (1/3)#0] [org.example.app.StudentActivityStatistics] [WARN] - 累加器处理数据 {} (4,王4,01,3,2)
2025-09-08 10:58:57,851 [Legacy Source Thread - Source: Custom Source (1/1)#0] [org.example.app.StudentActivityStatistics] [INFO] - 2,王2,01,3,4
2025-09-08 10:58:58,005 [TumblingProcessingTimeWindows -> Sink: Unnamed (1/3)#0] [org.example.app.StudentActivityStatistics] [WARN] - 累加器处理数据 {} (2,王2,01,3,4)
2025-09-08 10:59:00,008 [TumblingProcessingTimeWindows -> Sink: Unnamed (1/3)#0] [org.apache.flink.api.java.typeutils.runtime.kryo.KryoSerializer] [INFO] - Kryo serializer scala extensions are not available.
2025-09-08 10:59:00,147 [TumblingProcessingTimeWindows -> Sink: Unnamed (1/3)#0] [org.example.app.StudentActivityStatistics] [INFO] - 数据插入成功: StudentActivityResult{studentId='4', studentName='王4', classId='01', windowStart='2025-09-08 10:58', windowEnd='2025-09-08 10:59', totalScore=7, totalTimeCost=5, activityCount=2}
2025-09-08 10:59:00,154 [TumblingProcessingTimeWindows -> Sink: Unnamed (1/3)#0] [org.example.app.StudentActivityStatistics] [INFO] - 数据更新成功: StudentActivityResult{studentId='2', studentName='王2', classId='01', windowStart='2025-09-08 10:58', windowEnd='2025-09-08 10:59', totalScore=3, totalTimeCost=4, activityCount=1}
2025-09-08 10:59:07,851 [Legacy Source Thread - Source: Custom Source (1/1)#0] [org.example.app.StudentActivityStatistics] [INFO] - 8,王8,01,3,1
2025-09-08 10:59:07,952 [TumblingProcessingTimeWindows -> Sink: Unnamed (2/3)#0] [org.example.app.StudentActivityStatistics] [WARN] - 累加器处理数据 {} (8,王8,01,3,1)
2025-09-08 10:59:17,852 [Legacy Source Thread - Source: Custom Source (1/1)#0] [org.example.app.StudentActivityStatistics] [INFO] - 2,王2,01,1,3
2025-09-08 10:59:18,044 [TumblingProcessingTimeWindows -> Sink: Unnamed (1/3)#0] [org.example.app.StudentActivityStatistics] [WARN] - 累加器处理数据 {} (2,王2,01,1,3)
2025-09-08 10:59:27,852 [Legacy Source Thread - Source: Custom Source (1/1)#0] [org.example.app.StudentActivityStatistics] [INFO] - 8,王8,01,2,4
2025-09-08 10:59:28,013 [TumblingProcessingTimeWindows -> Sink: Unnamed (2/3)#0] [org.example.app.StudentActivityStatistics] [WARN] - 累加器处理数据 {} (8,王8,01,2,4)
2025-09-08 10:59:37,853 [Legacy Source Thread - Source: Custom Source (1/1)#0] [org.example.app.StudentActivityStatistics] [INFO] - 6,王6,01,4,2
2025-09-08 10:59:37,869 [TumblingProcessingTimeWindows -> Sink: Unnamed (1/3)#0] [org.example.app.StudentActivityStatistics] [WARN] - 累加器处理数据 {} (6,王6,01,4,2)
2025-09-08 11:01:47,260 [main] [org.apache.flink.api.java.typeutils.TypeExtractor] [INFO] - Class org.example.app.ActivityAccumulatorBean is not public so it cannot be used as a POJO type and must be processed as GenericType. Please read the Flink documentation on "Data Types & Serialization" for details of the effect on performance.
2025-09-08 11:01:47,261 [main] [org.apache.flink.api.java.typeutils.TypeExtractor] [INFO] - Class org.example.app.StudentActivityResult is not public so it cannot be used as a POJO type and must be processed as GenericType. Please read the Flink documentation on "Data Types & Serialization" for details of the effect on performance.
2025-09-08 11:01:47,501 [main] [org.apache.flink.runtime.taskexecutor.TaskExecutorResourceUtils] [INFO] - The configuration option taskmanager.cpu.cores required for local execution is not set, setting it to the maximal possible value.
2025-09-08 11:01:47,502 [main] [org.apache.flink.runtime.taskexecutor.TaskExecutorResourceUtils] [INFO] - The configuration option taskmanager.memory.task.heap.size required for local execution is not set, setting it to the maximal possible value.
2025-09-08 11:01:47,502 [main] [org.apache.flink.runtime.taskexecutor.TaskExecutorResourceUtils] [INFO] - The configuration option taskmanager.memory.task.off-heap.size required for local execution is not set, setting it to the maximal possible value.
2025-09-08 11:01:47,502 [main] [org.apache.flink.runtime.taskexecutor.TaskExecutorResourceUtils] [INFO] - The configuration option taskmanager.memory.network.min required for local execution is not set, setting it to its default value 64 mb.
2025-09-08 11:01:47,503 [main] [org.apache.flink.runtime.taskexecutor.TaskExecutorResourceUtils] [INFO] - The configuration option taskmanager.memory.network.max required for local execution is not set, setting it to its default value 64 mb.
2025-09-08 11:01:47,503 [main] [org.apache.flink.runtime.taskexecutor.TaskExecutorResourceUtils] [INFO] - The configuration option taskmanager.memory.managed.size required for local execution is not set, setting it to its default value 128 mb.
2025-09-08 11:01:47,505 [main] [org.apache.flink.runtime.minicluster.MiniCluster] [INFO] - Starting Flink Mini Cluster
2025-09-08 11:01:48,572 [main] [org.apache.flink.runtime.minicluster.MiniCluster] [INFO] - Starting Metrics Registry
2025-09-08 11:01:48,618 [main] [org.apache.flink.runtime.metrics.MetricRegistryImpl] [INFO] - No metrics reporter configured, no metrics will be exposed/reported.
2025-09-08 11:01:48,618 [main] [org.apache.flink.runtime.minicluster.MiniCluster] [INFO] - Starting RPC Service(s)
2025-09-08 11:01:48,634 [main] [org.apache.flink.runtime.rpc.akka.AkkaRpcServiceUtils] [INFO] - Trying to start local actor system
2025-09-08 11:01:49,215 [flink-akka.actor.default-dispatcher-5] [akka.event.slf4j.Slf4jLogger] [INFO] - Slf4jLogger started
2025-09-08 11:01:49,302 [main] [org.apache.flink.runtime.rpc.akka.AkkaRpcServiceUtils] [INFO] - Actor system started at akka://flink
2025-09-08 11:01:49,312 [main] [org.apache.flink.runtime.rpc.akka.AkkaRpcServiceUtils] [INFO] - Trying to start local actor system
2025-09-08 11:01:49,320 [flink-metrics-5] [akka.event.slf4j.Slf4jLogger] [INFO] - Slf4jLogger started
2025-09-08 11:01:49,327 [main] [org.apache.flink.runtime.rpc.akka.AkkaRpcServiceUtils] [INFO] - Actor system started at akka://flink-metrics
2025-09-08 11:01:49,336 [main] [org.apache.flink.runtime.rpc.akka.AkkaRpcService] [INFO] - Starting RPC endpoint for org.apache.flink.runtime.metrics.dump.MetricQueryService at akka://flink-metrics/user/rpc/MetricQueryService .
2025-09-08 11:01:49,401 [main] [org.apache.flink.runtime.blob.BlobServer] [INFO] - Created BLOB server storage directory C:\Users\Administrator\AppData\Local\Temp\minicluster_b3e5b54707be6fac387a87ffd0cf382e\blobStorage
2025-09-08 11:01:49,405 [main] [org.apache.flink.runtime.blob.BlobServer] [INFO] - Started BLOB server at 0.0.0.0:12439 - max concurrent requests: 50 - max backlog: 1000
2025-09-08 11:01:49,431 [main] [org.apache.flink.runtime.blob.PermanentBlobCache] [INFO] - Created BLOB cache storage directory C:\Users\Administrator\AppData\Local\Temp\minicluster_b3e5b54707be6fac387a87ffd0cf382e\blobStorage
2025-09-08 11:01:49,437 [main] [org.apache.flink.runtime.blob.TransientBlobCache] [INFO] - Created BLOB cache storage directory C:\Users\Administrator\AppData\Local\Temp\minicluster_b3e5b54707be6fac387a87ffd0cf382e\blobStorage
2025-09-08 11:01:49,442 [main] [org.apache.flink.runtime.minicluster.MiniCluster] [INFO] - Starting 1 TaskManager(s)
2025-09-08 11:01:49,453 [main] [org.apache.flink.runtime.taskexecutor.TaskManagerRunner] [INFO] - Starting TaskManager with ResourceID: 65272921-6f25-4dcb-9ed5-8a4ea4ebe600
2025-09-08 11:01:49,492 [main] [org.apache.flink.runtime.taskexecutor.TaskManagerServices] [INFO] - Temporary file directory 'C:\Users\Administrator\AppData\Local\Temp': total 100 GB, usable 40 GB (40.00% usable)
2025-09-08 11:01:49,498 [main] [org.apache.flink.runtime.io.disk.iomanager.IOManager] [INFO] - Created a new FileChannelManager for spilling of task related data to disk (joins, sorting, ...). Used directories:
	C:\Users\Administrator\AppData\Local\Temp\flink-io-3ee8e3d1-a5ad-4c66-a768-461a69b1fbc9
2025-09-08 11:01:49,509 [main] [org.apache.flink.runtime.io.network.NettyShuffleServiceFactory] [INFO] - Created a new FileChannelManager for storing result partitions of BLOCKING shuffles. Used directories:
	C:\Users\Administrator\AppData\Local\Temp\flink-netty-shuffle-95cc1c29-68cc-4838-8c13-4226c0a788fd
2025-09-08 11:01:49,545 [main] [org.apache.flink.runtime.io.network.buffer.NetworkBufferPool] [INFO] - Allocated 64 MB for network buffer pool (number of memory segments: 2048, bytes per segment: 32768).
2025-09-08 11:01:49,562 [main] [org.apache.flink.runtime.io.network.NettyShuffleEnvironment] [INFO] - Starting the network environment and its components.
2025-09-08 11:01:49,563 [main] [org.apache.flink.runtime.taskexecutor.KvStateService] [INFO] - Starting the kvState service and its components.
2025-09-08 11:01:49,578 [main] [org.apache.flink.configuration.Configuration] [INFO] - Config uses fallback configuration key 'akka.ask.timeout' instead of key 'taskmanager.slot.timeout'
2025-09-08 11:01:49,593 [main] [org.apache.flink.runtime.rpc.akka.AkkaRpcService] [INFO] - Starting RPC endpoint for org.apache.flink.runtime.taskexecutor.TaskExecutor at akka://flink/user/rpc/taskmanager_0 .
2025-09-08 11:01:49,617 [flink-akka.actor.default-dispatcher-5] [org.apache.flink.runtime.taskexecutor.DefaultJobLeaderService] [INFO] - Start job leader service.
2025-09-08 11:01:49,619 [flink-akka.actor.default-dispatcher-5] [org.apache.flink.runtime.filecache.FileCache] [INFO] - User file cache uses directory C:\Users\Administrator\AppData\Local\Temp\flink-dist-cache-5d9a0e8d-c6f0-43b9-a021-4f10ebf36330
2025-09-08 11:01:49,696 [main] [org.apache.flink.runtime.dispatcher.DispatcherRestEndpoint] [INFO] - Starting rest endpoint.
2025-09-08 11:01:50,001 [main] [org.apache.flink.runtime.webmonitor.WebMonitorUtils] [WARN] - Log file environment variable 'log.file' is not set.
2025-09-08 11:01:50,001 [main] [org.apache.flink.runtime.webmonitor.WebMonitorUtils] [WARN] - JobManager log files are unavailable in the web dashboard. Log file location not found in environment variable 'log.file' or configuration key 'web.log.path'.
2025-09-08 11:01:51,103 [main] [org.apache.flink.runtime.dispatcher.DispatcherRestEndpoint] [INFO] - Rest endpoint listening at localhost:12476
2025-09-08 11:01:51,103 [main] [org.apache.flink.runtime.highavailability.nonha.embedded.EmbeddedLeaderService] [INFO] - Proposing leadership to contender http://localhost:12476
2025-09-08 11:01:51,105 [main] [org.apache.flink.runtime.dispatcher.DispatcherRestEndpoint] [INFO] - Web frontend listening at http://localhost:12476.
2025-09-08 11:01:51,105 [mini-cluster-io-thread-1] [org.apache.flink.runtime.dispatcher.DispatcherRestEndpoint] [INFO] - http://localhost:12476 was granted leadership with leaderSessionID=634a20b0-ab9b-443d-994e-e6f5ca34815b
2025-09-08 11:01:51,105 [mini-cluster-io-thread-1] [org.apache.flink.runtime.highavailability.nonha.embedded.EmbeddedLeaderService] [INFO] - Received confirmation of leadership for leader http://localhost:12476 , session=634a20b0-ab9b-443d-994e-e6f5ca34815b
2025-09-08 11:01:51,117 [main] [org.apache.flink.runtime.highavailability.nonha.embedded.EmbeddedLeaderService] [INFO] - Proposing leadership to contender LeaderContender: DefaultDispatcherRunner
2025-09-08 11:01:51,118 [main] [org.apache.flink.runtime.resourcemanager.ResourceManagerServiceImpl] [INFO] - Starting resource manager service.
2025-09-08 11:01:51,118 [main] [org.apache.flink.runtime.highavailability.nonha.embedded.EmbeddedLeaderService] [INFO] - Proposing leadership to contender LeaderContender: ResourceManagerServiceImpl
2025-09-08 11:01:51,118 [mini-cluster-io-thread-2] [org.apache.flink.runtime.dispatcher.runner.DefaultDispatcherRunner] [INFO] - DefaultDispatcherRunner was granted leadership with leader id 72e6009c-b7d3-4594-8142-13bb3063daf9. Creating new DispatcherLeaderProcess.
2025-09-08 11:01:51,119 [pool-2-thread-1] [org.apache.flink.runtime.resourcemanager.ResourceManagerServiceImpl] [INFO] - Resource manager service is granted leadership with session id ef350f07-66a9-46ba-90b2-454e97472d4f.
2025-09-08 11:01:51,124 [main] [org.apache.flink.runtime.minicluster.MiniCluster] [INFO] - Flink Mini Cluster started successfully
2025-09-08 11:01:51,126 [mini-cluster-io-thread-2] [org.apache.flink.runtime.dispatcher.runner.SessionDispatcherLeaderProcess] [INFO] - Start SessionDispatcherLeaderProcess.
2025-09-08 11:01:51,131 [mini-cluster-io-thread-1] [org.apache.flink.runtime.dispatcher.runner.SessionDispatcherLeaderProcess] [INFO] - Recover all persisted job graphs that are not finished, yet.
2025-09-08 11:01:51,132 [mini-cluster-io-thread-1] [org.apache.flink.runtime.dispatcher.runner.SessionDispatcherLeaderProcess] [INFO] - Successfully recovered 0 persisted job graphs.
2025-09-08 11:01:51,145 [pool-2-thread-1] [org.apache.flink.runtime.rpc.akka.AkkaRpcService] [INFO] - Starting RPC endpoint for org.apache.flink.runtime.resourcemanager.StandaloneResourceManager at akka://flink/user/rpc/resourcemanager_1 .
2025-09-08 11:01:51,148 [mini-cluster-io-thread-1] [org.apache.flink.runtime.rpc.akka.AkkaRpcService] [INFO] - Starting RPC endpoint for org.apache.flink.runtime.dispatcher.StandaloneDispatcher at akka://flink/user/rpc/dispatcher_2 .
2025-09-08 11:01:51,162 [flink-akka.actor.default-dispatcher-5] [org.apache.flink.runtime.resourcemanager.StandaloneResourceManager] [INFO] - Starting the resource manager.
2025-09-08 11:01:51,171 [mini-cluster-io-thread-4] [org.apache.flink.runtime.highavailability.nonha.embedded.EmbeddedLeaderService] [INFO] - Received confirmation of leadership for leader akka://flink/user/rpc/resourcemanager_1 , session=ef350f07-66a9-46ba-90b2-454e97472d4f
2025-09-08 11:01:51,172 [flink-akka.actor.default-dispatcher-5] [org.apache.flink.runtime.taskexecutor.TaskExecutor] [INFO] - Connecting to ResourceManager akka://flink/user/rpc/resourcemanager_1(90b2454e97472d4fef350f0766a946ba).
2025-09-08 11:01:51,176 [mini-cluster-io-thread-1] [org.apache.flink.runtime.highavailability.nonha.embedded.EmbeddedLeaderService] [INFO] - Received confirmation of leadership for leader akka://flink/user/rpc/dispatcher_2 , session=72e6009c-b7d3-4594-8142-13bb3063daf9
2025-09-08 11:01:51,201 [flink-akka.actor.default-dispatcher-7] [org.apache.flink.runtime.taskexecutor.TaskExecutor] [INFO] - Resolved ResourceManager address, beginning registration
2025-09-08 11:01:51,208 [flink-akka.actor.default-dispatcher-5] [org.apache.flink.runtime.resourcemanager.StandaloneResourceManager] [INFO] - Registering TaskManager with ResourceID 65272921-6f25-4dcb-9ed5-8a4ea4ebe600 (akka://flink/user/rpc/taskmanager_0) at ResourceManager
2025-09-08 11:01:51,211 [flink-akka.actor.default-dispatcher-5] [org.apache.flink.runtime.taskexecutor.TaskExecutor] [INFO] - Successful registration at resource manager akka://flink/user/rpc/resourcemanager_1 under registration id 590d17200a92848b738f8ee0786b0ff2.
2025-09-08 11:01:51,211 [flink-akka.actor.default-dispatcher-8] [org.apache.flink.runtime.dispatcher.StandaloneDispatcher] [INFO] - Received JobGraph submission 'Student Activity Statistics (Processing Time)' (db952a9c4ab2d0351747439961abaa9c).
2025-09-08 11:01:51,212 [flink-akka.actor.default-dispatcher-8] [org.apache.flink.runtime.dispatcher.StandaloneDispatcher] [INFO] - Submitting job 'Student Activity Statistics (Processing Time)' (db952a9c4ab2d0351747439961abaa9c).
2025-09-08 11:01:51,229 [flink-akka.actor.default-dispatcher-8] [org.apache.flink.runtime.highavailability.nonha.embedded.EmbeddedLeaderService] [INFO] - Proposing leadership to contender LeaderContender: JobMasterServiceLeadershipRunner
2025-09-08 11:01:51,242 [jobmanager-io-thread-1] [org.apache.flink.runtime.rpc.akka.AkkaRpcService] [INFO] - Starting RPC endpoint for org.apache.flink.runtime.jobmaster.JobMaster at akka://flink/user/rpc/jobmanager_3 .
2025-09-08 11:01:51,250 [jobmanager-io-thread-1] [org.apache.flink.runtime.jobmaster.JobMaster] [INFO] - Initializing job 'Student Activity Statistics (Processing Time)' (db952a9c4ab2d0351747439961abaa9c).
2025-09-08 11:01:51,270 [jobmanager-io-thread-1] [org.apache.flink.runtime.jobmaster.JobMaster] [INFO] - Using restart back off time strategy NoRestartBackoffTimeStrategy for Student Activity Statistics (Processing Time) (db952a9c4ab2d0351747439961abaa9c).
2025-09-08 11:01:51,316 [jobmanager-io-thread-1] [org.apache.flink.runtime.jobmaster.JobMaster] [INFO] - Running initialization on master for job Student Activity Statistics (Processing Time) (db952a9c4ab2d0351747439961abaa9c).
2025-09-08 11:01:51,316 [jobmanager-io-thread-1] [org.apache.flink.runtime.jobmaster.JobMaster] [INFO] - Successfully ran initialization on master in 0 ms.
2025-09-08 11:01:51,339 [jobmanager-io-thread-1] [org.apache.flink.runtime.scheduler.adapter.DefaultExecutionTopology] [INFO] - Built 1 new pipelined regions in 1 ms, total 1 pipelined regions currently.
2025-09-08 11:01:51,347 [jobmanager-io-thread-1] [org.apache.flink.runtime.jobmaster.JobMaster] [INFO] - No state backend has been configured, using default (HashMap) org.apache.flink.runtime.state.hashmap.HashMapStateBackend@72bb9b0
2025-09-08 11:01:51,347 [jobmanager-io-thread-1] [org.apache.flink.runtime.state.StateBackendLoader] [INFO] - State backend loader loads the state backend as HashMapStateBackend
2025-09-08 11:01:51,348 [jobmanager-io-thread-1] [org.apache.flink.runtime.jobmaster.JobMaster] [INFO] - Checkpoint storage is set to 'jobmanager'
2025-09-08 11:01:51,384 [jobmanager-io-thread-1] [org.apache.flink.runtime.checkpoint.CheckpointCoordinator] [INFO] - No checkpoint found during restore.
2025-09-08 11:01:51,391 [jobmanager-io-thread-1] [org.apache.flink.runtime.jobmaster.JobMaster] [INFO] - Using failover strategy org.apache.flink.runtime.executiongraph.failover.flip1.RestartPipelinedRegionFailoverStrategy@6590f877 for Student Activity Statistics (Processing Time) (db952a9c4ab2d0351747439961abaa9c).
2025-09-08 11:01:51,399 [jobmanager-io-thread-1] [org.apache.flink.runtime.highavailability.nonha.embedded.EmbeddedLeaderService] [INFO] - Received confirmation of leadership for leader akka://flink/user/rpc/jobmanager_3 , session=02e37110-0295-40d3-9594-1e3467fb28d4
2025-09-08 11:01:51,402 [flink-akka.actor.default-dispatcher-5] [org.apache.flink.runtime.jobmaster.JobMaster] [INFO] - Starting execution of job 'Student Activity Statistics (Processing Time)' (db952a9c4ab2d0351747439961abaa9c) under job master id 95941e3467fb28d402e37110029540d3.
2025-09-08 11:01:51,404 [flink-akka.actor.default-dispatcher-5] [org.apache.flink.runtime.jobmaster.JobMaster] [INFO] - Starting scheduling with scheduling strategy [org.apache.flink.runtime.scheduler.strategy.PipelinedRegionSchedulingStrategy]
2025-09-08 11:01:51,404 [flink-akka.actor.default-dispatcher-5] [org.apache.flink.runtime.executiongraph.ExecutionGraph] [INFO] - Job Student Activity Statistics (Processing Time) (db952a9c4ab2d0351747439961abaa9c) switched from state CREATED to RUNNING.
2025-09-08 11:01:51,407 [flink-akka.actor.default-dispatcher-5] [org.apache.flink.runtime.executiongraph.ExecutionGraph] [INFO] - Source: Custom Source (1/1) (82833a00f3ce7b85085e701e5f1a8841) switched from CREATED to SCHEDULED.
2025-09-08 11:01:51,408 [flink-akka.actor.default-dispatcher-5] [org.apache.flink.runtime.executiongraph.ExecutionGraph] [INFO] - Map (1/3) (65274e8c72624124ca66da20ad885f1f) switched from CREATED to SCHEDULED.
2025-09-08 11:01:51,408 [flink-akka.actor.default-dispatcher-5] [org.apache.flink.runtime.executiongraph.ExecutionGraph] [INFO] - Map (2/3) (2cf44eb20fc14cfb095b097964715bce) switched from CREATED to SCHEDULED.
2025-09-08 11:01:51,408 [flink-akka.actor.default-dispatcher-5] [org.apache.flink.runtime.executiongraph.ExecutionGraph] [INFO] - Map (3/3) (0d2b6685e788ef1d8f884d7f9a17ada0) switched from CREATED to SCHEDULED.
2025-09-08 11:01:51,408 [flink-akka.actor.default-dispatcher-5] [org.apache.flink.runtime.executiongraph.ExecutionGraph] [INFO] - TumblingProcessingTimeWindows -> Sink: Unnamed (1/3) (d4d12a02687f5f04f088a652a7c64c21) switched from CREATED to SCHEDULED.
2025-09-08 11:01:51,408 [flink-akka.actor.default-dispatcher-5] [org.apache.flink.runtime.executiongraph.ExecutionGraph] [INFO] - TumblingProcessingTimeWindows -> Sink: Unnamed (2/3) (c01e434e5ccf067f00c8e6b486903d22) switched from CREATED to SCHEDULED.
2025-09-08 11:01:51,408 [flink-akka.actor.default-dispatcher-5] [org.apache.flink.runtime.executiongraph.ExecutionGraph] [INFO] - TumblingProcessingTimeWindows -> Sink: Unnamed (3/3) (c1564140c4b707eb5b3490324a75a815) switched from CREATED to SCHEDULED.
2025-09-08 11:01:51,422 [flink-akka.actor.default-dispatcher-5] [org.apache.flink.runtime.jobmaster.JobMaster] [INFO] - Connecting to ResourceManager akka://flink/user/rpc/resourcemanager_1(90b2454e97472d4fef350f0766a946ba)
2025-09-08 11:01:51,423 [flink-akka.actor.default-dispatcher-8] [org.apache.flink.runtime.jobmaster.JobMaster] [INFO] - Resolved ResourceManager address, beginning registration
2025-09-08 11:01:51,425 [flink-akka.actor.default-dispatcher-8] [org.apache.flink.runtime.resourcemanager.StandaloneResourceManager] [INFO] - Registering job manager 95941e3467fb28d402e37110029540d3@akka://flink/user/rpc/jobmanager_3 for job db952a9c4ab2d0351747439961abaa9c.
2025-09-08 11:01:51,428 [flink-akka.actor.default-dispatcher-5] [org.apache.flink.runtime.resourcemanager.StandaloneResourceManager] [INFO] - Registered job manager 95941e3467fb28d402e37110029540d3@akka://flink/user/rpc/jobmanager_3 for job db952a9c4ab2d0351747439961abaa9c.
2025-09-08 11:01:51,430 [flink-akka.actor.default-dispatcher-5] [org.apache.flink.runtime.jobmaster.JobMaster] [INFO] - JobManager successfully registered at ResourceManager, leader id: 90b2454e97472d4fef350f0766a946ba.
2025-09-08 11:01:51,431 [flink-akka.actor.default-dispatcher-8] [org.apache.flink.runtime.resourcemanager.slotmanager.DeclarativeSlotManager] [INFO] - Received resource requirements from job db952a9c4ab2d0351747439961abaa9c: [ResourceRequirement{resourceProfile=ResourceProfile{UNKNOWN}, numberOfRequiredSlots=3}]
2025-09-08 11:01:51,434 [flink-akka.actor.default-dispatcher-5] [org.apache.flink.runtime.taskexecutor.TaskExecutor] [INFO] - Receive slot request 2acfa02de0c3cfbc4869fe9315e8447e for job db952a9c4ab2d0351747439961abaa9c from resource manager with leader id 90b2454e97472d4fef350f0766a946ba.
2025-09-08 11:01:51,439 [flink-akka.actor.default-dispatcher-5] [org.apache.flink.runtime.taskexecutor.TaskExecutor] [INFO] - Allocated slot for 2acfa02de0c3cfbc4869fe9315e8447e.
2025-09-08 11:01:51,440 [flink-akka.actor.default-dispatcher-5] [org.apache.flink.runtime.taskexecutor.DefaultJobLeaderService] [INFO] - Add job db952a9c4ab2d0351747439961abaa9c for job leader monitoring.
2025-09-08 11:01:51,441 [mini-cluster-io-thread-2] [org.apache.flink.runtime.taskexecutor.DefaultJobLeaderService] [INFO] - Try to register at job manager akka://flink/user/rpc/jobmanager_3 with leader id 02e37110-0295-40d3-9594-1e3467fb28d4.
2025-09-08 11:01:51,441 [flink-akka.actor.default-dispatcher-5] [org.apache.flink.runtime.taskexecutor.TaskExecutor] [INFO] - Receive slot request c3afd0117bc74d736c57a5e730e63977 for job db952a9c4ab2d0351747439961abaa9c from resource manager with leader id 90b2454e97472d4fef350f0766a946ba.
2025-09-08 11:01:51,442 [flink-akka.actor.default-dispatcher-5] [org.apache.flink.runtime.taskexecutor.TaskExecutor] [INFO] - Allocated slot for c3afd0117bc74d736c57a5e730e63977.
2025-09-08 11:01:51,442 [flink-akka.actor.default-dispatcher-5] [org.apache.flink.runtime.taskexecutor.TaskExecutor] [INFO] - Receive slot request d12273d027572ea74dfdff6198cc9947 for job db952a9c4ab2d0351747439961abaa9c from resource manager with leader id 90b2454e97472d4fef350f0766a946ba.
2025-09-08 11:01:51,442 [flink-akka.actor.default-dispatcher-9] [org.apache.flink.runtime.taskexecutor.DefaultJobLeaderService] [INFO] - Resolved JobManager address, beginning registration
2025-09-08 11:01:51,442 [flink-akka.actor.default-dispatcher-5] [org.apache.flink.runtime.taskexecutor.TaskExecutor] [INFO] - Allocated slot for d12273d027572ea74dfdff6198cc9947.
2025-09-08 11:01:51,446 [flink-akka.actor.default-dispatcher-5] [org.apache.flink.runtime.taskexecutor.DefaultJobLeaderService] [INFO] - Successful registration at job manager akka://flink/user/rpc/jobmanager_3 for job db952a9c4ab2d0351747439961abaa9c.
2025-09-08 11:01:51,446 [flink-akka.actor.default-dispatcher-5] [org.apache.flink.runtime.taskexecutor.TaskExecutor] [INFO] - Establish JobManager connection for job db952a9c4ab2d0351747439961abaa9c.
2025-09-08 11:01:51,449 [flink-akka.actor.default-dispatcher-5] [org.apache.flink.runtime.taskexecutor.TaskExecutor] [INFO] - Offer reserved slots to the leader of job db952a9c4ab2d0351747439961abaa9c.
2025-09-08 11:01:51,456 [flink-akka.actor.default-dispatcher-7] [org.apache.flink.runtime.executiongraph.ExecutionGraph] [INFO] - Source: Custom Source (1/1) (82833a00f3ce7b85085e701e5f1a8841) switched from SCHEDULED to DEPLOYING.
2025-09-08 11:01:51,465 [flink-akka.actor.default-dispatcher-7] [org.apache.flink.runtime.executiongraph.ExecutionGraph] [INFO] - Deploying Source: Custom Source (1/1) (attempt #0) with attempt id 82833a00f3ce7b85085e701e5f1a8841 and vertex id bc764cd8ddf7a0cff126f51c16239658_0 to 65272921-6f25-4dcb-9ed5-8a4ea4ebe600 @ 127.0.0.1 (dataPort=-1) with allocation id d12273d027572ea74dfdff6198cc9947
2025-09-08 11:01:51,468 [flink-akka.actor.default-dispatcher-7] [org.apache.flink.runtime.executiongraph.ExecutionGraph] [INFO] - Map (1/3) (65274e8c72624124ca66da20ad885f1f) switched from SCHEDULED to DEPLOYING.
2025-09-08 11:01:51,468 [flink-akka.actor.default-dispatcher-7] [org.apache.flink.runtime.executiongraph.ExecutionGraph] [INFO] - Deploying Map (1/3) (attempt #0) with attempt id 65274e8c72624124ca66da20ad885f1f and vertex id 0a448493b4782967b150582570326227_0 to 65272921-6f25-4dcb-9ed5-8a4ea4ebe600 @ 127.0.0.1 (dataPort=-1) with allocation id d12273d027572ea74dfdff6198cc9947
2025-09-08 11:01:51,468 [flink-akka.actor.default-dispatcher-5] [org.apache.flink.runtime.taskexecutor.slot.TaskSlotTableImpl] [INFO] - Activate slot d12273d027572ea74dfdff6198cc9947.
2025-09-08 11:01:51,472 [flink-akka.actor.default-dispatcher-7] [org.apache.flink.runtime.executiongraph.ExecutionGraph] [INFO] - Map (2/3) (2cf44eb20fc14cfb095b097964715bce) switched from SCHEDULED to DEPLOYING.
2025-09-08 11:01:51,472 [flink-akka.actor.default-dispatcher-7] [org.apache.flink.runtime.executiongraph.ExecutionGraph] [INFO] - Deploying Map (2/3) (attempt #0) with attempt id 2cf44eb20fc14cfb095b097964715bce and vertex id 0a448493b4782967b150582570326227_1 to 65272921-6f25-4dcb-9ed5-8a4ea4ebe600 @ 127.0.0.1 (dataPort=-1) with allocation id c3afd0117bc74d736c57a5e730e63977
2025-09-08 11:01:51,472 [flink-akka.actor.default-dispatcher-7] [org.apache.flink.runtime.executiongraph.ExecutionGraph] [INFO] - Map (3/3) (0d2b6685e788ef1d8f884d7f9a17ada0) switched from SCHEDULED to DEPLOYING.
2025-09-08 11:01:51,472 [flink-akka.actor.default-dispatcher-7] [org.apache.flink.runtime.executiongraph.ExecutionGraph] [INFO] - Deploying Map (3/3) (attempt #0) with attempt id 0d2b6685e788ef1d8f884d7f9a17ada0 and vertex id 0a448493b4782967b150582570326227_2 to 65272921-6f25-4dcb-9ed5-8a4ea4ebe600 @ 127.0.0.1 (dataPort=-1) with allocation id 2acfa02de0c3cfbc4869fe9315e8447e
2025-09-08 11:01:51,472 [flink-akka.actor.default-dispatcher-7] [org.apache.flink.runtime.executiongraph.ExecutionGraph] [INFO] - TumblingProcessingTimeWindows -> Sink: Unnamed (1/3) (d4d12a02687f5f04f088a652a7c64c21) switched from SCHEDULED to DEPLOYING.
2025-09-08 11:01:51,472 [flink-akka.actor.default-dispatcher-7] [org.apache.flink.runtime.executiongraph.ExecutionGraph] [INFO] - Deploying TumblingProcessingTimeWindows -> Sink: Unnamed (1/3) (attempt #0) with attempt id d4d12a02687f5f04f088a652a7c64c21 and vertex id e70bbd798b564e0a50e10e343f1ac56b_0 to 65272921-6f25-4dcb-9ed5-8a4ea4ebe600 @ 127.0.0.1 (dataPort=-1) with allocation id d12273d027572ea74dfdff6198cc9947
2025-09-08 11:01:51,473 [flink-akka.actor.default-dispatcher-7] [org.apache.flink.runtime.executiongraph.ExecutionGraph] [INFO] - TumblingProcessingTimeWindows -> Sink: Unnamed (2/3) (c01e434e5ccf067f00c8e6b486903d22) switched from SCHEDULED to DEPLOYING.
2025-09-08 11:01:51,473 [flink-akka.actor.default-dispatcher-7] [org.apache.flink.runtime.executiongraph.ExecutionGraph] [INFO] - Deploying TumblingProcessingTimeWindows -> Sink: Unnamed (2/3) (attempt #0) with attempt id c01e434e5ccf067f00c8e6b486903d22 and vertex id e70bbd798b564e0a50e10e343f1ac56b_1 to 65272921-6f25-4dcb-9ed5-8a4ea4ebe600 @ 127.0.0.1 (dataPort=-1) with allocation id c3afd0117bc74d736c57a5e730e63977
2025-09-08 11:01:51,473 [flink-akka.actor.default-dispatcher-7] [org.apache.flink.runtime.executiongraph.ExecutionGraph] [INFO] - TumblingProcessingTimeWindows -> Sink: Unnamed (3/3) (c1564140c4b707eb5b3490324a75a815) switched from SCHEDULED to DEPLOYING.
2025-09-08 11:01:51,473 [flink-akka.actor.default-dispatcher-7] [org.apache.flink.runtime.executiongraph.ExecutionGraph] [INFO] - Deploying TumblingProcessingTimeWindows -> Sink: Unnamed (3/3) (attempt #0) with attempt id c1564140c4b707eb5b3490324a75a815 and vertex id e70bbd798b564e0a50e10e343f1ac56b_2 to 65272921-6f25-4dcb-9ed5-8a4ea4ebe600 @ 127.0.0.1 (dataPort=-1) with allocation id 2acfa02de0c3cfbc4869fe9315e8447e
2025-09-08 11:01:51,478 [flink-akka.actor.default-dispatcher-5] [org.apache.flink.runtime.state.changelog.StateChangelogStorageLoader] [INFO] - StateChangelogStorageLoader initialized with shortcut names {memory}.
2025-09-08 11:01:51,478 [flink-akka.actor.default-dispatcher-5] [org.apache.flink.runtime.state.changelog.StateChangelogStorageLoader] [INFO] - Creating a changelog storage with name 'memory'.
2025-09-08 11:01:51,495 [flink-akka.actor.default-dispatcher-5] [org.apache.flink.runtime.taskexecutor.TaskExecutor] [INFO] - Received task Source: Custom Source (1/1)#0 (82833a00f3ce7b85085e701e5f1a8841), deploy into slot with allocation id d12273d027572ea74dfdff6198cc9947.
2025-09-08 11:01:51,495 [Source: Custom Source (1/1)#0] [org.apache.flink.runtime.taskmanager.Task] [INFO] - Source: Custom Source (1/1)#0 (82833a00f3ce7b85085e701e5f1a8841) switched from CREATED to DEPLOYING.
2025-09-08 11:01:51,496 [flink-akka.actor.default-dispatcher-5] [org.apache.flink.runtime.taskexecutor.slot.TaskSlotTableImpl] [INFO] - Activate slot d12273d027572ea74dfdff6198cc9947.
2025-09-08 11:01:51,499 [Source: Custom Source (1/1)#0] [org.apache.flink.runtime.taskmanager.Task] [INFO] - Loading JAR files for task Source: Custom Source (1/1)#0 (82833a00f3ce7b85085e701e5f1a8841) [DEPLOYING].
2025-09-08 11:01:51,511 [flink-akka.actor.default-dispatcher-5] [org.apache.flink.runtime.taskexecutor.TaskExecutor] [INFO] - Received task Map (1/3)#0 (65274e8c72624124ca66da20ad885f1f), deploy into slot with allocation id d12273d027572ea74dfdff6198cc9947.
2025-09-08 11:01:51,511 [Map (1/3)#0] [org.apache.flink.runtime.taskmanager.Task] [INFO] - Map (1/3)#0 (65274e8c72624124ca66da20ad885f1f) switched from CREATED to DEPLOYING.
2025-09-08 11:01:51,511 [flink-akka.actor.default-dispatcher-5] [org.apache.flink.runtime.taskexecutor.slot.TaskSlotTableImpl] [INFO] - Activate slot c3afd0117bc74d736c57a5e730e63977.
2025-09-08 11:01:51,512 [Map (1/3)#0] [org.apache.flink.runtime.taskmanager.Task] [INFO] - Loading JAR files for task Map (1/3)#0 (65274e8c72624124ca66da20ad885f1f) [DEPLOYING].
2025-09-08 11:01:51,514 [flink-akka.actor.default-dispatcher-5] [org.apache.flink.runtime.taskexecutor.TaskExecutor] [INFO] - Received task Map (2/3)#0 (2cf44eb20fc14cfb095b097964715bce), deploy into slot with allocation id c3afd0117bc74d736c57a5e730e63977.
2025-09-08 11:01:51,514 [Map (2/3)#0] [org.apache.flink.runtime.taskmanager.Task] [INFO] - Map (2/3)#0 (2cf44eb20fc14cfb095b097964715bce) switched from CREATED to DEPLOYING.
2025-09-08 11:01:51,514 [flink-akka.actor.default-dispatcher-5] [org.apache.flink.runtime.taskexecutor.slot.TaskSlotTableImpl] [INFO] - Activate slot 2acfa02de0c3cfbc4869fe9315e8447e.
2025-09-08 11:01:51,514 [Map (2/3)#0] [org.apache.flink.runtime.taskmanager.Task] [INFO] - Loading JAR files for task Map (2/3)#0 (2cf44eb20fc14cfb095b097964715bce) [DEPLOYING].
2025-09-08 11:01:51,517 [flink-akka.actor.default-dispatcher-5] [org.apache.flink.runtime.taskexecutor.TaskExecutor] [INFO] - Received task Map (3/3)#0 (0d2b6685e788ef1d8f884d7f9a17ada0), deploy into slot with allocation id 2acfa02de0c3cfbc4869fe9315e8447e.
2025-09-08 11:01:51,519 [flink-akka.actor.default-dispatcher-5] [org.apache.flink.runtime.taskexecutor.slot.TaskSlotTableImpl] [INFO] - Activate slot d12273d027572ea74dfdff6198cc9947.
2025-09-08 11:01:51,520 [Map (3/3)#0] [org.apache.flink.runtime.taskmanager.Task] [INFO] - Map (3/3)#0 (0d2b6685e788ef1d8f884d7f9a17ada0) switched from CREATED to DEPLOYING.
2025-09-08 11:01:51,521 [Map (3/3)#0] [org.apache.flink.runtime.taskmanager.Task] [INFO] - Loading JAR files for task Map (3/3)#0 (0d2b6685e788ef1d8f884d7f9a17ada0) [DEPLOYING].
2025-09-08 11:01:51,522 [flink-akka.actor.default-dispatcher-5] [org.apache.flink.runtime.taskexecutor.TaskExecutor] [INFO] - Received task TumblingProcessingTimeWindows -> Sink: Unnamed (1/3)#0 (d4d12a02687f5f04f088a652a7c64c21), deploy into slot with allocation id d12273d027572ea74dfdff6198cc9947.
2025-09-08 11:01:51,523 [flink-akka.actor.default-dispatcher-5] [org.apache.flink.runtime.taskexecutor.slot.TaskSlotTableImpl] [INFO] - Activate slot c3afd0117bc74d736c57a5e730e63977.
2025-09-08 11:01:51,523 [TumblingProcessingTimeWindows -> Sink: Unnamed (1/3)#0] [org.apache.flink.runtime.taskmanager.Task] [INFO] - TumblingProcessingTimeWindows -> Sink: Unnamed (1/3)#0 (d4d12a02687f5f04f088a652a7c64c21) switched from CREATED to DEPLOYING.
2025-09-08 11:01:51,524 [TumblingProcessingTimeWindows -> Sink: Unnamed (1/3)#0] [org.apache.flink.runtime.taskmanager.Task] [INFO] - Loading JAR files for task TumblingProcessingTimeWindows -> Sink: Unnamed (1/3)#0 (d4d12a02687f5f04f088a652a7c64c21) [DEPLOYING].
2025-09-08 11:01:51,527 [flink-akka.actor.default-dispatcher-5] [org.apache.flink.runtime.taskexecutor.TaskExecutor] [INFO] - Received task TumblingProcessingTimeWindows -> Sink: Unnamed (2/3)#0 (c01e434e5ccf067f00c8e6b486903d22), deploy into slot with allocation id c3afd0117bc74d736c57a5e730e63977.
2025-09-08 11:01:51,528 [flink-akka.actor.default-dispatcher-5] [org.apache.flink.runtime.taskexecutor.slot.TaskSlotTableImpl] [INFO] - Activate slot 2acfa02de0c3cfbc4869fe9315e8447e.
2025-09-08 11:01:51,528 [TumblingProcessingTimeWindows -> Sink: Unnamed (2/3)#0] [org.apache.flink.runtime.taskmanager.Task] [INFO] - TumblingProcessingTimeWindows -> Sink: Unnamed (2/3)#0 (c01e434e5ccf067f00c8e6b486903d22) switched from CREATED to DEPLOYING.
2025-09-08 11:01:51,529 [TumblingProcessingTimeWindows -> Sink: Unnamed (2/3)#0] [org.apache.flink.runtime.taskmanager.Task] [INFO] - Loading JAR files for task TumblingProcessingTimeWindows -> Sink: Unnamed (2/3)#0 (c01e434e5ccf067f00c8e6b486903d22) [DEPLOYING].
2025-09-08 11:01:51,531 [flink-akka.actor.default-dispatcher-5] [org.apache.flink.runtime.taskexecutor.TaskExecutor] [INFO] - Received task TumblingProcessingTimeWindows -> Sink: Unnamed (3/3)#0 (c1564140c4b707eb5b3490324a75a815), deploy into slot with allocation id 2acfa02de0c3cfbc4869fe9315e8447e.
2025-09-08 11:01:51,532 [TumblingProcessingTimeWindows -> Sink: Unnamed (3/3)#0] [org.apache.flink.runtime.taskmanager.Task] [INFO] - TumblingProcessingTimeWindows -> Sink: Unnamed (3/3)#0 (c1564140c4b707eb5b3490324a75a815) switched from CREATED to DEPLOYING.
2025-09-08 11:01:51,532 [TumblingProcessingTimeWindows -> Sink: Unnamed (3/3)#0] [org.apache.flink.runtime.taskmanager.Task] [INFO] - Loading JAR files for task TumblingProcessingTimeWindows -> Sink: Unnamed (3/3)#0 (c1564140c4b707eb5b3490324a75a815) [DEPLOYING].
2025-09-08 11:01:51,532 [flink-akka.actor.default-dispatcher-5] [org.apache.flink.runtime.taskexecutor.slot.TaskSlotTableImpl] [INFO] - Activate slot 2acfa02de0c3cfbc4869fe9315e8447e.
2025-09-08 11:01:51,533 [flink-akka.actor.default-dispatcher-5] [org.apache.flink.runtime.taskexecutor.slot.TaskSlotTableImpl] [INFO] - Activate slot d12273d027572ea74dfdff6198cc9947.
2025-09-08 11:01:51,533 [flink-akka.actor.default-dispatcher-5] [org.apache.flink.runtime.taskexecutor.slot.TaskSlotTableImpl] [INFO] - Activate slot c3afd0117bc74d736c57a5e730e63977.
2025-09-08 11:01:51,539 [TumblingProcessingTimeWindows -> Sink: Unnamed (3/3)#0] [org.apache.flink.streaming.runtime.tasks.StreamTask] [INFO] - No state backend has been configured, using default (HashMap) org.apache.flink.runtime.state.hashmap.HashMapStateBackend@429edec1
2025-09-08 11:01:51,540 [TumblingProcessingTimeWindows -> Sink: Unnamed (3/3)#0] [org.apache.flink.runtime.state.StateBackendLoader] [INFO] - State backend loader loads the state backend as HashMapStateBackend
2025-09-08 11:01:51,540 [TumblingProcessingTimeWindows -> Sink: Unnamed (3/3)#0] [org.apache.flink.streaming.runtime.tasks.StreamTask] [INFO] - Checkpoint storage is set to 'jobmanager'
2025-09-08 11:01:51,539 [TumblingProcessingTimeWindows -> Sink: Unnamed (2/3)#0] [org.apache.flink.streaming.runtime.tasks.StreamTask] [INFO] - No state backend has been configured, using default (HashMap) org.apache.flink.runtime.state.hashmap.HashMapStateBackend@1fa71023
2025-09-08 11:01:51,540 [TumblingProcessingTimeWindows -> Sink: Unnamed (2/3)#0] [org.apache.flink.runtime.state.StateBackendLoader] [INFO] - State backend loader loads the state backend as HashMapStateBackend
2025-09-08 11:01:51,540 [TumblingProcessingTimeWindows -> Sink: Unnamed (2/3)#0] [org.apache.flink.streaming.runtime.tasks.StreamTask] [INFO] - Checkpoint storage is set to 'jobmanager'
2025-09-08 11:01:51,539 [TumblingProcessingTimeWindows -> Sink: Unnamed (1/3)#0] [org.apache.flink.streaming.runtime.tasks.StreamTask] [INFO] - No state backend has been configured, using default (HashMap) org.apache.flink.runtime.state.hashmap.HashMapStateBackend@46754575
2025-09-08 11:01:51,541 [TumblingProcessingTimeWindows -> Sink: Unnamed (1/3)#0] [org.apache.flink.runtime.state.StateBackendLoader] [INFO] - State backend loader loads the state backend as HashMapStateBackend
2025-09-08 11:01:51,541 [TumblingProcessingTimeWindows -> Sink: Unnamed (1/3)#0] [org.apache.flink.streaming.runtime.tasks.StreamTask] [INFO] - Checkpoint storage is set to 'jobmanager'
2025-09-08 11:01:51,543 [Source: Custom Source (1/1)#0] [org.apache.flink.streaming.runtime.tasks.StreamTask] [INFO] - No state backend has been configured, using default (HashMap) org.apache.flink.runtime.state.hashmap.HashMapStateBackend@260c7103
2025-09-08 11:01:51,543 [Map (3/3)#0] [org.apache.flink.streaming.runtime.tasks.StreamTask] [INFO] - No state backend has been configured, using default (HashMap) org.apache.flink.runtime.state.hashmap.HashMapStateBackend@11647cbc
2025-09-08 11:01:51,544 [Map (3/3)#0] [org.apache.flink.runtime.state.StateBackendLoader] [INFO] - State backend loader loads the state backend as HashMapStateBackend
2025-09-08 11:01:51,543 [Source: Custom Source (1/1)#0] [org.apache.flink.runtime.state.StateBackendLoader] [INFO] - State backend loader loads the state backend as HashMapStateBackend
2025-09-08 11:01:51,544 [Source: Custom Source (1/1)#0] [org.apache.flink.streaming.runtime.tasks.StreamTask] [INFO] - Checkpoint storage is set to 'jobmanager'
2025-09-08 11:01:51,543 [Map (2/3)#0] [org.apache.flink.streaming.runtime.tasks.StreamTask] [INFO] - No state backend has been configured, using default (HashMap) org.apache.flink.runtime.state.hashmap.HashMapStateBackend@59adb511
2025-09-08 11:01:51,543 [Map (1/3)#0] [org.apache.flink.streaming.runtime.tasks.StreamTask] [INFO] - No state backend has been configured, using default (HashMap) org.apache.flink.runtime.state.hashmap.HashMapStateBackend@68955876
2025-09-08 11:01:51,544 [Map (2/3)#0] [org.apache.flink.runtime.state.StateBackendLoader] [INFO] - State backend loader loads the state backend as HashMapStateBackend
2025-09-08 11:01:51,544 [Map (3/3)#0] [org.apache.flink.streaming.runtime.tasks.StreamTask] [INFO] - Checkpoint storage is set to 'jobmanager'
2025-09-08 11:01:51,544 [Map (2/3)#0] [org.apache.flink.streaming.runtime.tasks.StreamTask] [INFO] - Checkpoint storage is set to 'jobmanager'
2025-09-08 11:01:51,544 [Map (1/3)#0] [org.apache.flink.runtime.state.StateBackendLoader] [INFO] - State backend loader loads the state backend as HashMapStateBackend
2025-09-08 11:01:51,545 [Map (1/3)#0] [org.apache.flink.streaming.runtime.tasks.StreamTask] [INFO] - Checkpoint storage is set to 'jobmanager'
2025-09-08 11:01:51,549 [Map (1/3)#0] [org.apache.flink.runtime.taskmanager.Task] [INFO] - Map (1/3)#0 (65274e8c72624124ca66da20ad885f1f) switched from DEPLOYING to INITIALIZING.
2025-09-08 11:01:51,549 [TumblingProcessingTimeWindows -> Sink: Unnamed (3/3)#0] [org.apache.flink.runtime.taskmanager.Task] [INFO] - TumblingProcessingTimeWindows -> Sink: Unnamed (3/3)#0 (c1564140c4b707eb5b3490324a75a815) switched from DEPLOYING to INITIALIZING.
2025-09-08 11:01:51,549 [Map (3/3)#0] [org.apache.flink.runtime.taskmanager.Task] [INFO] - Map (3/3)#0 (0d2b6685e788ef1d8f884d7f9a17ada0) switched from DEPLOYING to INITIALIZING.
2025-09-08 11:01:51,549 [TumblingProcessingTimeWindows -> Sink: Unnamed (2/3)#0] [org.apache.flink.runtime.taskmanager.Task] [INFO] - TumblingProcessingTimeWindows -> Sink: Unnamed (2/3)#0 (c01e434e5ccf067f00c8e6b486903d22) switched from DEPLOYING to INITIALIZING.
2025-09-08 11:01:51,549 [TumblingProcessingTimeWindows -> Sink: Unnamed (1/3)#0] [org.apache.flink.runtime.taskmanager.Task] [INFO] - TumblingProcessingTimeWindows -> Sink: Unnamed (1/3)#0 (d4d12a02687f5f04f088a652a7c64c21) switched from DEPLOYING to INITIALIZING.
2025-09-08 11:01:51,549 [Map (2/3)#0] [org.apache.flink.runtime.taskmanager.Task] [INFO] - Map (2/3)#0 (2cf44eb20fc14cfb095b097964715bce) switched from DEPLOYING to INITIALIZING.
2025-09-08 11:01:51,550 [Source: Custom Source (1/1)#0] [org.apache.flink.runtime.taskmanager.Task] [INFO] - Source: Custom Source (1/1)#0 (82833a00f3ce7b85085e701e5f1a8841) switched from DEPLOYING to INITIALIZING.
2025-09-08 11:01:51,551 [flink-akka.actor.default-dispatcher-7] [org.apache.flink.runtime.executiongraph.ExecutionGraph] [INFO] - Map (1/3) (65274e8c72624124ca66da20ad885f1f) switched from DEPLOYING to INITIALIZING.
2025-09-08 11:01:51,552 [flink-akka.actor.default-dispatcher-7] [org.apache.flink.runtime.executiongraph.ExecutionGraph] [INFO] - TumblingProcessingTimeWindows -> Sink: Unnamed (3/3) (c1564140c4b707eb5b3490324a75a815) switched from DEPLOYING to INITIALIZING.
2025-09-08 11:01:51,553 [flink-akka.actor.default-dispatcher-7] [org.apache.flink.runtime.executiongraph.ExecutionGraph] [INFO] - Map (3/3) (0d2b6685e788ef1d8f884d7f9a17ada0) switched from DEPLOYING to INITIALIZING.
2025-09-08 11:01:51,553 [flink-akka.actor.default-dispatcher-7] [org.apache.flink.runtime.executiongraph.ExecutionGraph] [INFO] - TumblingProcessingTimeWindows -> Sink: Unnamed (2/3) (c01e434e5ccf067f00c8e6b486903d22) switched from DEPLOYING to INITIALIZING.
2025-09-08 11:01:51,553 [flink-akka.actor.default-dispatcher-7] [org.apache.flink.runtime.executiongraph.ExecutionGraph] [INFO] - TumblingProcessingTimeWindows -> Sink: Unnamed (1/3) (d4d12a02687f5f04f088a652a7c64c21) switched from DEPLOYING to INITIALIZING.
2025-09-08 11:01:51,553 [flink-akka.actor.default-dispatcher-7] [org.apache.flink.runtime.executiongraph.ExecutionGraph] [INFO] - Map (2/3) (2cf44eb20fc14cfb095b097964715bce) switched from DEPLOYING to INITIALIZING.
2025-09-08 11:01:51,553 [flink-akka.actor.default-dispatcher-7] [org.apache.flink.runtime.executiongraph.ExecutionGraph] [INFO] - Source: Custom Source (1/1) (82833a00f3ce7b85085e701e5f1a8841) switched from DEPLOYING to INITIALIZING.
2025-09-08 11:01:51,620 [Source: Custom Source (1/1)#0] [org.apache.flink.runtime.taskmanager.Task] [INFO] - Source: Custom Source (1/1)#0 (82833a00f3ce7b85085e701e5f1a8841) switched from INITIALIZING to RUNNING.
2025-09-08 11:01:51,620 [flink-akka.actor.default-dispatcher-9] [org.apache.flink.runtime.executiongraph.ExecutionGraph] [INFO] - Source: Custom Source (1/1) (82833a00f3ce7b85085e701e5f1a8841) switched from INITIALIZING to RUNNING.
2025-09-08 11:01:51,623 [Map (3/3)#0] [org.apache.flink.runtime.taskmanager.Task] [INFO] - Map (3/3)#0 (0d2b6685e788ef1d8f884d7f9a17ada0) switched from INITIALIZING to RUNNING.
2025-09-08 11:01:51,623 [Map (2/3)#0] [org.apache.flink.runtime.taskmanager.Task] [INFO] - Map (2/3)#0 (2cf44eb20fc14cfb095b097964715bce) switched from INITIALIZING to RUNNING.
2025-09-08 11:01:51,623 [Map (1/3)#0] [org.apache.flink.runtime.taskmanager.Task] [INFO] - Map (1/3)#0 (65274e8c72624124ca66da20ad885f1f) switched from INITIALIZING to RUNNING.
2025-09-08 11:01:51,624 [flink-akka.actor.default-dispatcher-9] [org.apache.flink.runtime.executiongraph.ExecutionGraph] [INFO] - Map (2/3) (2cf44eb20fc14cfb095b097964715bce) switched from INITIALIZING to RUNNING.
2025-09-08 11:01:51,624 [flink-akka.actor.default-dispatcher-9] [org.apache.flink.runtime.executiongraph.ExecutionGraph] [INFO] - Map (3/3) (0d2b6685e788ef1d8f884d7f9a17ada0) switched from INITIALIZING to RUNNING.
2025-09-08 11:01:51,624 [flink-akka.actor.default-dispatcher-9] [org.apache.flink.runtime.executiongraph.ExecutionGraph] [INFO] - Map (1/3) (65274e8c72624124ca66da20ad885f1f) switched from INITIALIZING to RUNNING.
2025-09-08 11:01:51,632 [Legacy Source Thread - Source: Custom Source (1/1)#0] [org.example.app.StudentActivityStatistics] [INFO] - 4,王4,01,1,4
2025-09-08 11:01:52,391 [TumblingProcessingTimeWindows -> Sink: Unnamed (1/3)#0] [org.example.app.StudentActivityStatistics] [INFO] - 数据库连接成功
2025-09-08 11:01:52,391 [TumblingProcessingTimeWindows -> Sink: Unnamed (3/3)#0] [org.example.app.StudentActivityStatistics] [INFO] - 数据库连接成功
2025-09-08 11:01:52,391 [TumblingProcessingTimeWindows -> Sink: Unnamed (2/3)#0] [org.example.app.StudentActivityStatistics] [INFO] - 数据库连接成功
2025-09-08 11:01:52,404 [TumblingProcessingTimeWindows -> Sink: Unnamed (1/3)#0] [org.apache.flink.runtime.state.heap.HeapKeyedStateBackendBuilder] [INFO] - Finished to build heap keyed state-backend.
2025-09-08 11:01:52,404 [TumblingProcessingTimeWindows -> Sink: Unnamed (2/3)#0] [org.apache.flink.runtime.state.heap.HeapKeyedStateBackendBuilder] [INFO] - Finished to build heap keyed state-backend.
2025-09-08 11:01:52,404 [TumblingProcessingTimeWindows -> Sink: Unnamed (3/3)#0] [org.apache.flink.runtime.state.heap.HeapKeyedStateBackendBuilder] [INFO] - Finished to build heap keyed state-backend.
2025-09-08 11:01:52,415 [TumblingProcessingTimeWindows -> Sink: Unnamed (3/3)#0] [org.apache.flink.runtime.state.heap.HeapKeyedStateBackend] [INFO] - Initializing heap keyed state backend with stream factory.
2025-09-08 11:01:52,415 [TumblingProcessingTimeWindows -> Sink: Unnamed (1/3)#0] [org.apache.flink.runtime.state.heap.HeapKeyedStateBackend] [INFO] - Initializing heap keyed state backend with stream factory.
2025-09-08 11:01:52,415 [TumblingProcessingTimeWindows -> Sink: Unnamed (2/3)#0] [org.apache.flink.runtime.state.heap.HeapKeyedStateBackend] [INFO] - Initializing heap keyed state backend with stream factory.
2025-09-08 11:01:52,435 [TumblingProcessingTimeWindows -> Sink: Unnamed (1/3)#0] [org.apache.flink.runtime.taskmanager.Task] [INFO] - TumblingProcessingTimeWindows -> Sink: Unnamed (1/3)#0 (d4d12a02687f5f04f088a652a7c64c21) switched from INITIALIZING to RUNNING.
2025-09-08 11:01:52,435 [TumblingProcessingTimeWindows -> Sink: Unnamed (3/3)#0] [org.apache.flink.runtime.taskmanager.Task] [INFO] - TumblingProcessingTimeWindows -> Sink: Unnamed (3/3)#0 (c1564140c4b707eb5b3490324a75a815) switched from INITIALIZING to RUNNING.
2025-09-08 11:01:52,435 [TumblingProcessingTimeWindows -> Sink: Unnamed (2/3)#0] [org.apache.flink.runtime.taskmanager.Task] [INFO] - TumblingProcessingTimeWindows -> Sink: Unnamed (2/3)#0 (c01e434e5ccf067f00c8e6b486903d22) switched from INITIALIZING to RUNNING.
2025-09-08 11:01:52,436 [flink-akka.actor.default-dispatcher-7] [org.apache.flink.runtime.executiongraph.ExecutionGraph] [INFO] - TumblingProcessingTimeWindows -> Sink: Unnamed (1/3) (d4d12a02687f5f04f088a652a7c64c21) switched from INITIALIZING to RUNNING.
2025-09-08 11:01:52,437 [flink-akka.actor.default-dispatcher-7] [org.apache.flink.runtime.executiongraph.ExecutionGraph] [INFO] - TumblingProcessingTimeWindows -> Sink: Unnamed (3/3) (c1564140c4b707eb5b3490324a75a815) switched from INITIALIZING to RUNNING.
2025-09-08 11:01:52,437 [flink-akka.actor.default-dispatcher-7] [org.apache.flink.runtime.executiongraph.ExecutionGraph] [INFO] - TumblingProcessingTimeWindows -> Sink: Unnamed (2/3) (c01e434e5ccf067f00c8e6b486903d22) switched from INITIALIZING to RUNNING.
2025-09-08 11:01:52,437 [TumblingProcessingTimeWindows -> Sink: Unnamed (1/3)#0] [org.example.app.StudentActivityStatistics] [WARN] - 累加器处理数据 {} (4,王4,01,1,4)
2025-09-08 11:02:00,003 [TumblingProcessingTimeWindows -> Sink: Unnamed (1/3)#0] [org.apache.flink.api.java.typeutils.runtime.kryo.KryoSerializer] [INFO] - Kryo serializer scala extensions are not available.
2025-09-08 11:02:00,078 [TumblingProcessingTimeWindows -> Sink: Unnamed (1/3)#0] [org.example.app.StudentActivityStatistics] [INFO] - 数据插入成功: StudentActivityResult{studentId='4', studentName='王4', classId='01', windowStart='2025-09-08 11:01', windowEnd='2025-09-08 11:02', totalScore=1, totalTimeCost=4, activityCount=1}
2025-09-08 11:02:01,634 [Legacy Source Thread - Source: Custom Source (1/1)#0] [org.example.app.StudentActivityStatistics] [INFO] - 8,王8,01,4,4
2025-09-08 11:02:01,805 [TumblingProcessingTimeWindows -> Sink: Unnamed (2/3)#0] [org.example.app.StudentActivityStatistics] [WARN] - 累加器处理数据 {} (8,王8,01,4,4)
2025-09-08 11:02:11,634 [Legacy Source Thread - Source: Custom Source (1/1)#0] [org.example.app.StudentActivityStatistics] [INFO] - 7,王7,01,4,0
2025-09-08 11:02:11,756 [TumblingProcessingTimeWindows -> Sink: Unnamed (3/3)#0] [org.example.app.StudentActivityStatistics] [WARN] - 累加器处理数据 {} (7,王7,01,4,0)
2025-09-08 11:02:21,635 [Legacy Source Thread - Source: Custom Source (1/1)#0] [org.example.app.StudentActivityStatistics] [INFO] - 4,王4,01,0,0
2025-09-08 11:02:21,826 [TumblingProcessingTimeWindows -> Sink: Unnamed (1/3)#0] [org.example.app.StudentActivityStatistics] [WARN] - 累加器处理数据 {} (4,王4,01,0,0)
2025-09-08 11:02:31,635 [Legacy Source Thread - Source: Custom Source (1/1)#0] [org.example.app.StudentActivityStatistics] [INFO] - 1,王1,01,1,1
2025-09-08 11:02:31,691 [TumblingProcessingTimeWindows -> Sink: Unnamed (2/3)#0] [org.example.app.StudentActivityStatistics] [WARN] - 累加器处理数据 {} (1,王1,01,1,1)
2025-09-08 11:02:41,636 [Legacy Source Thread - Source: Custom Source (1/1)#0] [org.example.app.StudentActivityStatistics] [INFO] - 7,王7,01,4,3
2025-09-08 11:02:41,676 [TumblingProcessingTimeWindows -> Sink: Unnamed (3/3)#0] [org.example.app.StudentActivityStatistics] [WARN] - 累加器处理数据 {} (7,王7,01,4,3)
2025-09-08 11:02:51,637 [Legacy Source Thread - Source: Custom Source (1/1)#0] [org.example.app.StudentActivityStatistics] [INFO] - 5,王5,01,3,2
2025-09-08 11:02:51,763 [TumblingProcessingTimeWindows -> Sink: Unnamed (2/3)#0] [org.example.app.StudentActivityStatistics] [WARN] - 累加器处理数据 {} (5,王5,01,3,2)
2025-09-08 11:03:03,753 [main] [org.apache.flink.api.java.typeutils.TypeExtractor] [INFO] - Class org.example.app.ActivityAccumulatorBean is not public so it cannot be used as a POJO type and must be processed as GenericType. Please read the Flink documentation on "Data Types & Serialization" for details of the effect on performance.
2025-09-08 11:03:03,755 [main] [org.apache.flink.api.java.typeutils.TypeExtractor] [INFO] - Class org.example.app.StudentActivityResult is not public so it cannot be used as a POJO type and must be processed as GenericType. Please read the Flink documentation on "Data Types & Serialization" for details of the effect on performance.
2025-09-08 11:03:04,011 [main] [org.apache.flink.runtime.taskexecutor.TaskExecutorResourceUtils] [INFO] - The configuration option taskmanager.cpu.cores required for local execution is not set, setting it to the maximal possible value.
2025-09-08 11:03:04,011 [main] [org.apache.flink.runtime.taskexecutor.TaskExecutorResourceUtils] [INFO] - The configuration option taskmanager.memory.task.heap.size required for local execution is not set, setting it to the maximal possible value.
2025-09-08 11:03:04,011 [main] [org.apache.flink.runtime.taskexecutor.TaskExecutorResourceUtils] [INFO] - The configuration option taskmanager.memory.task.off-heap.size required for local execution is not set, setting it to the maximal possible value.
2025-09-08 11:03:04,012 [main] [org.apache.flink.runtime.taskexecutor.TaskExecutorResourceUtils] [INFO] - The configuration option taskmanager.memory.network.min required for local execution is not set, setting it to its default value 64 mb.
2025-09-08 11:03:04,012 [main] [org.apache.flink.runtime.taskexecutor.TaskExecutorResourceUtils] [INFO] - The configuration option taskmanager.memory.network.max required for local execution is not set, setting it to its default value 64 mb.
2025-09-08 11:03:04,012 [main] [org.apache.flink.runtime.taskexecutor.TaskExecutorResourceUtils] [INFO] - The configuration option taskmanager.memory.managed.size required for local execution is not set, setting it to its default value 128 mb.
2025-09-08 11:03:04,016 [main] [org.apache.flink.runtime.minicluster.MiniCluster] [INFO] - Starting Flink Mini Cluster
2025-09-08 11:03:05,107 [main] [org.apache.flink.runtime.minicluster.MiniCluster] [INFO] - Starting Metrics Registry
2025-09-08 11:03:05,165 [main] [org.apache.flink.runtime.metrics.MetricRegistryImpl] [INFO] - No metrics reporter configured, no metrics will be exposed/reported.
2025-09-08 11:03:05,165 [main] [org.apache.flink.runtime.minicluster.MiniCluster] [INFO] - Starting RPC Service(s)
2025-09-08 11:03:05,180 [main] [org.apache.flink.runtime.rpc.akka.AkkaRpcServiceUtils] [INFO] - Trying to start local actor system
2025-09-08 11:03:05,773 [flink-akka.actor.default-dispatcher-4] [akka.event.slf4j.Slf4jLogger] [INFO] - Slf4jLogger started
2025-09-08 11:03:05,872 [main] [org.apache.flink.runtime.rpc.akka.AkkaRpcServiceUtils] [INFO] - Actor system started at akka://flink
2025-09-08 11:03:05,882 [main] [org.apache.flink.runtime.rpc.akka.AkkaRpcServiceUtils] [INFO] - Trying to start local actor system
2025-09-08 11:03:05,890 [flink-metrics-6] [akka.event.slf4j.Slf4jLogger] [INFO] - Slf4jLogger started
2025-09-08 11:03:05,896 [main] [org.apache.flink.runtime.rpc.akka.AkkaRpcServiceUtils] [INFO] - Actor system started at akka://flink-metrics
2025-09-08 11:03:05,906 [main] [org.apache.flink.runtime.rpc.akka.AkkaRpcService] [INFO] - Starting RPC endpoint for org.apache.flink.runtime.metrics.dump.MetricQueryService at akka://flink-metrics/user/rpc/MetricQueryService .
2025-09-08 11:03:05,963 [main] [org.apache.flink.runtime.blob.BlobServer] [INFO] - Created BLOB server storage directory C:\Users\Administrator\AppData\Local\Temp\minicluster_b72f41c205dd54d152651f83ed5d3dcd\blobStorage
2025-09-08 11:03:05,967 [main] [org.apache.flink.runtime.blob.BlobServer] [INFO] - Started BLOB server at 0.0.0.0:12575 - max concurrent requests: 50 - max backlog: 1000
2025-09-08 11:03:05,992 [main] [org.apache.flink.runtime.blob.PermanentBlobCache] [INFO] - Created BLOB cache storage directory C:\Users\Administrator\AppData\Local\Temp\minicluster_b72f41c205dd54d152651f83ed5d3dcd\blobStorage
2025-09-08 11:03:05,997 [main] [org.apache.flink.runtime.blob.TransientBlobCache] [INFO] - Created BLOB cache storage directory C:\Users\Administrator\AppData\Local\Temp\minicluster_b72f41c205dd54d152651f83ed5d3dcd\blobStorage
2025-09-08 11:03:06,002 [main] [org.apache.flink.runtime.minicluster.MiniCluster] [INFO] - Starting 1 TaskManager(s)
2025-09-08 11:03:06,019 [main] [org.apache.flink.runtime.taskexecutor.TaskManagerRunner] [INFO] - Starting TaskManager with ResourceID: 70e9a4bc-9410-49cf-8447-86d166328b0f
2025-09-08 11:03:06,057 [main] [org.apache.flink.runtime.taskexecutor.TaskManagerServices] [INFO] - Temporary file directory 'C:\Users\Administrator\AppData\Local\Temp': total 100 GB, usable 40 GB (40.00% usable)
2025-09-08 11:03:06,062 [main] [org.apache.flink.runtime.io.disk.iomanager.IOManager] [INFO] - Created a new FileChannelManager for spilling of task related data to disk (joins, sorting, ...). Used directories:
	C:\Users\Administrator\AppData\Local\Temp\flink-io-e7bef641-2579-4e7e-a3da-e4bbef38358c
2025-09-08 11:03:06,072 [main] [org.apache.flink.runtime.io.network.NettyShuffleServiceFactory] [INFO] - Created a new FileChannelManager for storing result partitions of BLOCKING shuffles. Used directories:
	C:\Users\Administrator\AppData\Local\Temp\flink-netty-shuffle-24ae2e73-d22a-413e-8461-15c93e481871
2025-09-08 11:03:06,099 [main] [org.apache.flink.runtime.io.network.buffer.NetworkBufferPool] [INFO] - Allocated 64 MB for network buffer pool (number of memory segments: 2048, bytes per segment: 32768).
2025-09-08 11:03:06,110 [main] [org.apache.flink.runtime.io.network.NettyShuffleEnvironment] [INFO] - Starting the network environment and its components.
2025-09-08 11:03:06,111 [main] [org.apache.flink.runtime.taskexecutor.KvStateService] [INFO] - Starting the kvState service and its components.
2025-09-08 11:03:06,123 [main] [org.apache.flink.configuration.Configuration] [INFO] - Config uses fallback configuration key 'akka.ask.timeout' instead of key 'taskmanager.slot.timeout'
2025-09-08 11:03:06,134 [main] [org.apache.flink.runtime.rpc.akka.AkkaRpcService] [INFO] - Starting RPC endpoint for org.apache.flink.runtime.taskexecutor.TaskExecutor at akka://flink/user/rpc/taskmanager_0 .
2025-09-08 11:03:06,154 [flink-akka.actor.default-dispatcher-4] [org.apache.flink.runtime.taskexecutor.DefaultJobLeaderService] [INFO] - Start job leader service.
2025-09-08 11:03:06,156 [flink-akka.actor.default-dispatcher-4] [org.apache.flink.runtime.filecache.FileCache] [INFO] - User file cache uses directory C:\Users\Administrator\AppData\Local\Temp\flink-dist-cache-da8e4e99-0546-49dc-b9a5-f4dd10e40783
2025-09-08 11:03:06,203 [main] [org.apache.flink.runtime.dispatcher.DispatcherRestEndpoint] [INFO] - Starting rest endpoint.
2025-09-08 11:03:06,467 [main] [org.apache.flink.runtime.webmonitor.WebMonitorUtils] [WARN] - Log file environment variable 'log.file' is not set.
2025-09-08 11:03:06,467 [main] [org.apache.flink.runtime.webmonitor.WebMonitorUtils] [WARN] - JobManager log files are unavailable in the web dashboard. Log file location not found in environment variable 'log.file' or configuration key 'web.log.path'.
2025-09-08 11:03:07,590 [main] [org.apache.flink.runtime.dispatcher.DispatcherRestEndpoint] [INFO] - Rest endpoint listening at localhost:12613
2025-09-08 11:03:07,591 [main] [org.apache.flink.runtime.highavailability.nonha.embedded.EmbeddedLeaderService] [INFO] - Proposing leadership to contender http://localhost:12613
2025-09-08 11:03:07,592 [main] [org.apache.flink.runtime.dispatcher.DispatcherRestEndpoint] [INFO] - Web frontend listening at http://localhost:12613.
2025-09-08 11:03:07,592 [mini-cluster-io-thread-1] [org.apache.flink.runtime.dispatcher.DispatcherRestEndpoint] [INFO] - http://localhost:12613 was granted leadership with leaderSessionID=1f88e507-ed57-4830-b014-bdd343a047ac
2025-09-08 11:03:07,592 [mini-cluster-io-thread-1] [org.apache.flink.runtime.highavailability.nonha.embedded.EmbeddedLeaderService] [INFO] - Received confirmation of leadership for leader http://localhost:12613 , session=1f88e507-ed57-4830-b014-bdd343a047ac
2025-09-08 11:03:07,604 [main] [org.apache.flink.runtime.highavailability.nonha.embedded.EmbeddedLeaderService] [INFO] - Proposing leadership to contender LeaderContender: DefaultDispatcherRunner
2025-09-08 11:03:07,604 [main] [org.apache.flink.runtime.resourcemanager.ResourceManagerServiceImpl] [INFO] - Starting resource manager service.
2025-09-08 11:03:07,604 [main] [org.apache.flink.runtime.highavailability.nonha.embedded.EmbeddedLeaderService] [INFO] - Proposing leadership to contender LeaderContender: ResourceManagerServiceImpl
2025-09-08 11:03:07,605 [mini-cluster-io-thread-2] [org.apache.flink.runtime.dispatcher.runner.DefaultDispatcherRunner] [INFO] - DefaultDispatcherRunner was granted leadership with leader id bd4ae47c-2e06-4a78-9a5c-7b144b579943. Creating new DispatcherLeaderProcess.
2025-09-08 11:03:07,605 [pool-2-thread-1] [org.apache.flink.runtime.resourcemanager.ResourceManagerServiceImpl] [INFO] - Resource manager service is granted leadership with session id ba81a7a9-5298-4f04-a29d-4323a5910dc3.
2025-09-08 11:03:07,608 [main] [org.apache.flink.runtime.minicluster.MiniCluster] [INFO] - Flink Mini Cluster started successfully
2025-09-08 11:03:07,611 [mini-cluster-io-thread-2] [org.apache.flink.runtime.dispatcher.runner.SessionDispatcherLeaderProcess] [INFO] - Start SessionDispatcherLeaderProcess.
2025-09-08 11:03:07,615 [mini-cluster-io-thread-1] [org.apache.flink.runtime.dispatcher.runner.SessionDispatcherLeaderProcess] [INFO] - Recover all persisted job graphs that are not finished, yet.
2025-09-08 11:03:07,616 [mini-cluster-io-thread-1] [org.apache.flink.runtime.dispatcher.runner.SessionDispatcherLeaderProcess] [INFO] - Successfully recovered 0 persisted job graphs.
2025-09-08 11:03:07,625 [pool-2-thread-1] [org.apache.flink.runtime.rpc.akka.AkkaRpcService] [INFO] - Starting RPC endpoint for org.apache.flink.runtime.resourcemanager.StandaloneResourceManager at akka://flink/user/rpc/resourcemanager_1 .
2025-09-08 11:03:07,629 [mini-cluster-io-thread-1] [org.apache.flink.runtime.rpc.akka.AkkaRpcService] [INFO] - Starting RPC endpoint for org.apache.flink.runtime.dispatcher.StandaloneDispatcher at akka://flink/user/rpc/dispatcher_2 .
2025-09-08 11:03:07,642 [flink-akka.actor.default-dispatcher-4] [org.apache.flink.runtime.resourcemanager.StandaloneResourceManager] [INFO] - Starting the resource manager.
2025-09-08 11:03:07,652 [mini-cluster-io-thread-4] [org.apache.flink.runtime.highavailability.nonha.embedded.EmbeddedLeaderService] [INFO] - Received confirmation of leadership for leader akka://flink/user/rpc/resourcemanager_1 , session=ba81a7a9-5298-4f04-a29d-4323a5910dc3
2025-09-08 11:03:07,653 [flink-akka.actor.default-dispatcher-4] [org.apache.flink.runtime.taskexecutor.TaskExecutor] [INFO] - Connecting to ResourceManager akka://flink/user/rpc/resourcemanager_1(a29d4323a5910dc3ba81a7a952984f04).
2025-09-08 11:03:07,656 [mini-cluster-io-thread-1] [org.apache.flink.runtime.highavailability.nonha.embedded.EmbeddedLeaderService] [INFO] - Received confirmation of leadership for leader akka://flink/user/rpc/dispatcher_2 , session=bd4ae47c-2e06-4a78-9a5c-7b144b579943
2025-09-08 11:03:07,677 [flink-akka.actor.default-dispatcher-7] [org.apache.flink.runtime.taskexecutor.TaskExecutor] [INFO] - Resolved ResourceManager address, beginning registration
2025-09-08 11:03:07,683 [flink-akka.actor.default-dispatcher-4] [org.apache.flink.runtime.resourcemanager.StandaloneResourceManager] [INFO] - Registering TaskManager with ResourceID 70e9a4bc-9410-49cf-8447-86d166328b0f (akka://flink/user/rpc/taskmanager_0) at ResourceManager
2025-09-08 11:03:07,685 [flink-akka.actor.default-dispatcher-4] [org.apache.flink.runtime.taskexecutor.TaskExecutor] [INFO] - Successful registration at resource manager akka://flink/user/rpc/resourcemanager_1 under registration id bc2f2c2bfcd4b33bda979590934e6c5c.
2025-09-08 11:03:07,687 [flink-akka.actor.default-dispatcher-7] [org.apache.flink.runtime.dispatcher.StandaloneDispatcher] [INFO] - Received JobGraph submission 'Student Activity Statistics (Processing Time)' (ed88ce06383824534b931d87de216e33).
2025-09-08 11:03:07,687 [flink-akka.actor.default-dispatcher-7] [org.apache.flink.runtime.dispatcher.StandaloneDispatcher] [INFO] - Submitting job 'Student Activity Statistics (Processing Time)' (ed88ce06383824534b931d87de216e33).
2025-09-08 11:03:07,701 [flink-akka.actor.default-dispatcher-7] [org.apache.flink.runtime.highavailability.nonha.embedded.EmbeddedLeaderService] [INFO] - Proposing leadership to contender LeaderContender: JobMasterServiceLeadershipRunner
2025-09-08 11:03:07,713 [jobmanager-io-thread-1] [org.apache.flink.runtime.rpc.akka.AkkaRpcService] [INFO] - Starting RPC endpoint for org.apache.flink.runtime.jobmaster.JobMaster at akka://flink/user/rpc/jobmanager_3 .
2025-09-08 11:03:07,721 [jobmanager-io-thread-1] [org.apache.flink.runtime.jobmaster.JobMaster] [INFO] - Initializing job 'Student Activity Statistics (Processing Time)' (ed88ce06383824534b931d87de216e33).
2025-09-08 11:03:07,740 [jobmanager-io-thread-1] [org.apache.flink.runtime.jobmaster.JobMaster] [INFO] - Using restart back off time strategy NoRestartBackoffTimeStrategy for Student Activity Statistics (Processing Time) (ed88ce06383824534b931d87de216e33).
2025-09-08 11:03:07,787 [jobmanager-io-thread-1] [org.apache.flink.runtime.jobmaster.JobMaster] [INFO] - Running initialization on master for job Student Activity Statistics (Processing Time) (ed88ce06383824534b931d87de216e33).
2025-09-08 11:03:07,787 [jobmanager-io-thread-1] [org.apache.flink.runtime.jobmaster.JobMaster] [INFO] - Successfully ran initialization on master in 0 ms.
2025-09-08 11:03:07,818 [jobmanager-io-thread-1] [org.apache.flink.runtime.scheduler.adapter.DefaultExecutionTopology] [INFO] - Built 1 new pipelined regions in 2 ms, total 1 pipelined regions currently.
2025-09-08 11:03:07,829 [jobmanager-io-thread-1] [org.apache.flink.runtime.jobmaster.JobMaster] [INFO] - No state backend has been configured, using default (HashMap) org.apache.flink.runtime.state.hashmap.HashMapStateBackend@4dab36f7
2025-09-08 11:03:07,829 [jobmanager-io-thread-1] [org.apache.flink.runtime.state.StateBackendLoader] [INFO] - State backend loader loads the state backend as HashMapStateBackend
2025-09-08 11:03:07,832 [jobmanager-io-thread-1] [org.apache.flink.runtime.jobmaster.JobMaster] [INFO] - Checkpoint storage is set to 'jobmanager'
2025-09-08 11:03:07,884 [jobmanager-io-thread-1] [org.apache.flink.runtime.checkpoint.CheckpointCoordinator] [INFO] - No checkpoint found during restore.
2025-09-08 11:03:07,894 [jobmanager-io-thread-1] [org.apache.flink.runtime.jobmaster.JobMaster] [INFO] - Using failover strategy org.apache.flink.runtime.executiongraph.failover.flip1.RestartPipelinedRegionFailoverStrategy@2107f7ef for Student Activity Statistics (Processing Time) (ed88ce06383824534b931d87de216e33).
2025-09-08 11:03:07,903 [jobmanager-io-thread-1] [org.apache.flink.runtime.highavailability.nonha.embedded.EmbeddedLeaderService] [INFO] - Received confirmation of leadership for leader akka://flink/user/rpc/jobmanager_3 , session=810376fc-5035-4a7c-88a6-7e96583a32c3
2025-09-08 11:03:07,905 [flink-akka.actor.default-dispatcher-7] [org.apache.flink.runtime.jobmaster.JobMaster] [INFO] - Starting execution of job 'Student Activity Statistics (Processing Time)' (ed88ce06383824534b931d87de216e33) under job master id 88a67e96583a32c3810376fc50354a7c.
2025-09-08 11:03:07,908 [flink-akka.actor.default-dispatcher-7] [org.apache.flink.runtime.jobmaster.JobMaster] [INFO] - Starting scheduling with scheduling strategy [org.apache.flink.runtime.scheduler.strategy.PipelinedRegionSchedulingStrategy]
2025-09-08 11:03:07,908 [flink-akka.actor.default-dispatcher-7] [org.apache.flink.runtime.executiongraph.ExecutionGraph] [INFO] - Job Student Activity Statistics (Processing Time) (ed88ce06383824534b931d87de216e33) switched from state CREATED to RUNNING.
2025-09-08 11:03:07,912 [flink-akka.actor.default-dispatcher-7] [org.apache.flink.runtime.executiongraph.ExecutionGraph] [INFO] - Source: Custom Source (1/1) (737224d8bcbb117abff3e3cac3bfb35a) switched from CREATED to SCHEDULED.
2025-09-08 11:03:07,912 [flink-akka.actor.default-dispatcher-7] [org.apache.flink.runtime.executiongraph.ExecutionGraph] [INFO] - Map (1/3) (2e85e2cac274ecda29a3ae46e9d15f72) switched from CREATED to SCHEDULED.
2025-09-08 11:03:07,912 [flink-akka.actor.default-dispatcher-7] [org.apache.flink.runtime.executiongraph.ExecutionGraph] [INFO] - Map (2/3) (4a7610b9c7e50cf73afa5c574207cdc2) switched from CREATED to SCHEDULED.
2025-09-08 11:03:07,912 [flink-akka.actor.default-dispatcher-7] [org.apache.flink.runtime.executiongraph.ExecutionGraph] [INFO] - Map (3/3) (7c5c2d0630b0faae741600e95f9c520f) switched from CREATED to SCHEDULED.
2025-09-08 11:03:07,912 [flink-akka.actor.default-dispatcher-7] [org.apache.flink.runtime.executiongraph.ExecutionGraph] [INFO] - TumblingProcessingTimeWindows -> Sink: Unnamed (1/3) (6960d5c572c949d2d49de3ff69353e64) switched from CREATED to SCHEDULED.
2025-09-08 11:03:07,912 [flink-akka.actor.default-dispatcher-7] [org.apache.flink.runtime.executiongraph.ExecutionGraph] [INFO] - TumblingProcessingTimeWindows -> Sink: Unnamed (2/3) (1dde240cc8b98d1b19ea999166b87a26) switched from CREATED to SCHEDULED.
2025-09-08 11:03:07,913 [flink-akka.actor.default-dispatcher-7] [org.apache.flink.runtime.executiongraph.ExecutionGraph] [INFO] - TumblingProcessingTimeWindows -> Sink: Unnamed (3/3) (0235f7720e6f155dab5e22b0d5c7f665) switched from CREATED to SCHEDULED.
2025-09-08 11:03:07,927 [flink-akka.actor.default-dispatcher-7] [org.apache.flink.runtime.jobmaster.JobMaster] [INFO] - Connecting to ResourceManager akka://flink/user/rpc/resourcemanager_1(a29d4323a5910dc3ba81a7a952984f04)
2025-09-08 11:03:07,929 [flink-akka.actor.default-dispatcher-8] [org.apache.flink.runtime.jobmaster.JobMaster] [INFO] - Resolved ResourceManager address, beginning registration
2025-09-08 11:03:07,930 [flink-akka.actor.default-dispatcher-7] [org.apache.flink.runtime.resourcemanager.StandaloneResourceManager] [INFO] - Registering job manager 88a67e96583a32c3810376fc50354a7c@akka://flink/user/rpc/jobmanager_3 for job ed88ce06383824534b931d87de216e33.
2025-09-08 11:03:07,933 [flink-akka.actor.default-dispatcher-7] [org.apache.flink.runtime.resourcemanager.StandaloneResourceManager] [INFO] - Registered job manager 88a67e96583a32c3810376fc50354a7c@akka://flink/user/rpc/jobmanager_3 for job ed88ce06383824534b931d87de216e33.
2025-09-08 11:03:07,935 [flink-akka.actor.default-dispatcher-4] [org.apache.flink.runtime.jobmaster.JobMaster] [INFO] - JobManager successfully registered at ResourceManager, leader id: a29d4323a5910dc3ba81a7a952984f04.
2025-09-08 11:03:07,936 [flink-akka.actor.default-dispatcher-7] [org.apache.flink.runtime.resourcemanager.slotmanager.DeclarativeSlotManager] [INFO] - Received resource requirements from job ed88ce06383824534b931d87de216e33: [ResourceRequirement{resourceProfile=ResourceProfile{UNKNOWN}, numberOfRequiredSlots=3}]
2025-09-08 11:03:07,939 [flink-akka.actor.default-dispatcher-4] [org.apache.flink.runtime.taskexecutor.TaskExecutor] [INFO] - Receive slot request 690bd919c04f0f1ddc3c22ee87d0849a for job ed88ce06383824534b931d87de216e33 from resource manager with leader id a29d4323a5910dc3ba81a7a952984f04.
2025-09-08 11:03:07,943 [flink-akka.actor.default-dispatcher-4] [org.apache.flink.runtime.taskexecutor.TaskExecutor] [INFO] - Allocated slot for 690bd919c04f0f1ddc3c22ee87d0849a.
2025-09-08 11:03:07,944 [flink-akka.actor.default-dispatcher-4] [org.apache.flink.runtime.taskexecutor.DefaultJobLeaderService] [INFO] - Add job ed88ce06383824534b931d87de216e33 for job leader monitoring.
2025-09-08 11:03:07,946 [mini-cluster-io-thread-2] [org.apache.flink.runtime.taskexecutor.DefaultJobLeaderService] [INFO] - Try to register at job manager akka://flink/user/rpc/jobmanager_3 with leader id 810376fc-5035-4a7c-88a6-7e96583a32c3.
2025-09-08 11:03:07,946 [flink-akka.actor.default-dispatcher-4] [org.apache.flink.runtime.taskexecutor.TaskExecutor] [INFO] - Receive slot request 31ff924c0f9016bc419504878f50743e for job ed88ce06383824534b931d87de216e33 from resource manager with leader id a29d4323a5910dc3ba81a7a952984f04.
2025-09-08 11:03:07,946 [flink-akka.actor.default-dispatcher-4] [org.apache.flink.runtime.taskexecutor.TaskExecutor] [INFO] - Allocated slot for 31ff924c0f9016bc419504878f50743e.
2025-09-08 11:03:07,947 [flink-akka.actor.default-dispatcher-4] [org.apache.flink.runtime.taskexecutor.TaskExecutor] [INFO] - Receive slot request ebe9a956e96ad2353a9385eb19087722 for job ed88ce06383824534b931d87de216e33 from resource manager with leader id a29d4323a5910dc3ba81a7a952984f04.
2025-09-08 11:03:07,947 [flink-akka.actor.default-dispatcher-4] [org.apache.flink.runtime.taskexecutor.TaskExecutor] [INFO] - Allocated slot for ebe9a956e96ad2353a9385eb19087722.
2025-09-08 11:03:07,947 [flink-akka.actor.default-dispatcher-8] [org.apache.flink.runtime.taskexecutor.DefaultJobLeaderService] [INFO] - Resolved JobManager address, beginning registration
2025-09-08 11:03:07,951 [flink-akka.actor.default-dispatcher-4] [org.apache.flink.runtime.taskexecutor.DefaultJobLeaderService] [INFO] - Successful registration at job manager akka://flink/user/rpc/jobmanager_3 for job ed88ce06383824534b931d87de216e33.
2025-09-08 11:03:07,952 [flink-akka.actor.default-dispatcher-8] [org.apache.flink.runtime.taskexecutor.TaskExecutor] [INFO] - Establish JobManager connection for job ed88ce06383824534b931d87de216e33.
2025-09-08 11:03:07,956 [flink-akka.actor.default-dispatcher-8] [org.apache.flink.runtime.taskexecutor.TaskExecutor] [INFO] - Offer reserved slots to the leader of job ed88ce06383824534b931d87de216e33.
2025-09-08 11:03:07,963 [flink-akka.actor.default-dispatcher-4] [org.apache.flink.runtime.executiongraph.ExecutionGraph] [INFO] - Source: Custom Source (1/1) (737224d8bcbb117abff3e3cac3bfb35a) switched from SCHEDULED to DEPLOYING.
2025-09-08 11:03:07,965 [flink-akka.actor.default-dispatcher-4] [org.apache.flink.runtime.executiongraph.ExecutionGraph] [INFO] - Deploying Source: Custom Source (1/1) (attempt #0) with attempt id 737224d8bcbb117abff3e3cac3bfb35a and vertex id bc764cd8ddf7a0cff126f51c16239658_0 to 70e9a4bc-9410-49cf-8447-86d166328b0f @ 127.0.0.1 (dataPort=-1) with allocation id 690bd919c04f0f1ddc3c22ee87d0849a
2025-09-08 11:03:07,969 [flink-akka.actor.default-dispatcher-4] [org.apache.flink.runtime.executiongraph.ExecutionGraph] [INFO] - Map (1/3) (2e85e2cac274ecda29a3ae46e9d15f72) switched from SCHEDULED to DEPLOYING.
2025-09-08 11:03:07,969 [flink-akka.actor.default-dispatcher-4] [org.apache.flink.runtime.executiongraph.ExecutionGraph] [INFO] - Deploying Map (1/3) (attempt #0) with attempt id 2e85e2cac274ecda29a3ae46e9d15f72 and vertex id 0a448493b4782967b150582570326227_0 to 70e9a4bc-9410-49cf-8447-86d166328b0f @ 127.0.0.1 (dataPort=-1) with allocation id 690bd919c04f0f1ddc3c22ee87d0849a
2025-09-08 11:03:07,969 [flink-akka.actor.default-dispatcher-8] [org.apache.flink.runtime.taskexecutor.slot.TaskSlotTableImpl] [INFO] - Activate slot 690bd919c04f0f1ddc3c22ee87d0849a.
2025-09-08 11:03:07,972 [flink-akka.actor.default-dispatcher-4] [org.apache.flink.runtime.executiongraph.ExecutionGraph] [INFO] - Map (2/3) (4a7610b9c7e50cf73afa5c574207cdc2) switched from SCHEDULED to DEPLOYING.
2025-09-08 11:03:07,972 [flink-akka.actor.default-dispatcher-4] [org.apache.flink.runtime.executiongraph.ExecutionGraph] [INFO] - Deploying Map (2/3) (attempt #0) with attempt id 4a7610b9c7e50cf73afa5c574207cdc2 and vertex id 0a448493b4782967b150582570326227_1 to 70e9a4bc-9410-49cf-8447-86d166328b0f @ 127.0.0.1 (dataPort=-1) with allocation id 31ff924c0f9016bc419504878f50743e
2025-09-08 11:03:07,973 [flink-akka.actor.default-dispatcher-4] [org.apache.flink.runtime.executiongraph.ExecutionGraph] [INFO] - Map (3/3) (7c5c2d0630b0faae741600e95f9c520f) switched from SCHEDULED to DEPLOYING.
2025-09-08 11:03:07,973 [flink-akka.actor.default-dispatcher-4] [org.apache.flink.runtime.executiongraph.ExecutionGraph] [INFO] - Deploying Map (3/3) (attempt #0) with attempt id 7c5c2d0630b0faae741600e95f9c520f and vertex id 0a448493b4782967b150582570326227_2 to 70e9a4bc-9410-49cf-8447-86d166328b0f @ 127.0.0.1 (dataPort=-1) with allocation id ebe9a956e96ad2353a9385eb19087722
2025-09-08 11:03:07,973 [flink-akka.actor.default-dispatcher-4] [org.apache.flink.runtime.executiongraph.ExecutionGraph] [INFO] - TumblingProcessingTimeWindows -> Sink: Unnamed (1/3) (6960d5c572c949d2d49de3ff69353e64) switched from SCHEDULED to DEPLOYING.
2025-09-08 11:03:07,973 [flink-akka.actor.default-dispatcher-4] [org.apache.flink.runtime.executiongraph.ExecutionGraph] [INFO] - Deploying TumblingProcessingTimeWindows -> Sink: Unnamed (1/3) (attempt #0) with attempt id 6960d5c572c949d2d49de3ff69353e64 and vertex id e70bbd798b564e0a50e10e343f1ac56b_0 to 70e9a4bc-9410-49cf-8447-86d166328b0f @ 127.0.0.1 (dataPort=-1) with allocation id 690bd919c04f0f1ddc3c22ee87d0849a
2025-09-08 11:03:07,974 [flink-akka.actor.default-dispatcher-4] [org.apache.flink.runtime.executiongraph.ExecutionGraph] [INFO] - TumblingProcessingTimeWindows -> Sink: Unnamed (2/3) (1dde240cc8b98d1b19ea999166b87a26) switched from SCHEDULED to DEPLOYING.
2025-09-08 11:03:07,974 [flink-akka.actor.default-dispatcher-4] [org.apache.flink.runtime.executiongraph.ExecutionGraph] [INFO] - Deploying TumblingProcessingTimeWindows -> Sink: Unnamed (2/3) (attempt #0) with attempt id 1dde240cc8b98d1b19ea999166b87a26 and vertex id e70bbd798b564e0a50e10e343f1ac56b_1 to 70e9a4bc-9410-49cf-8447-86d166328b0f @ 127.0.0.1 (dataPort=-1) with allocation id 31ff924c0f9016bc419504878f50743e
2025-09-08 11:03:07,974 [flink-akka.actor.default-dispatcher-4] [org.apache.flink.runtime.executiongraph.ExecutionGraph] [INFO] - TumblingProcessingTimeWindows -> Sink: Unnamed (3/3) (0235f7720e6f155dab5e22b0d5c7f665) switched from SCHEDULED to DEPLOYING.
2025-09-08 11:03:07,974 [flink-akka.actor.default-dispatcher-4] [org.apache.flink.runtime.executiongraph.ExecutionGraph] [INFO] - Deploying TumblingProcessingTimeWindows -> Sink: Unnamed (3/3) (attempt #0) with attempt id 0235f7720e6f155dab5e22b0d5c7f665 and vertex id e70bbd798b564e0a50e10e343f1ac56b_2 to 70e9a4bc-9410-49cf-8447-86d166328b0f @ 127.0.0.1 (dataPort=-1) with allocation id ebe9a956e96ad2353a9385eb19087722
2025-09-08 11:03:07,978 [flink-akka.actor.default-dispatcher-8] [org.apache.flink.runtime.state.changelog.StateChangelogStorageLoader] [INFO] - StateChangelogStorageLoader initialized with shortcut names {memory}.
2025-09-08 11:03:07,978 [flink-akka.actor.default-dispatcher-8] [org.apache.flink.runtime.state.changelog.StateChangelogStorageLoader] [INFO] - Creating a changelog storage with name 'memory'.
2025-09-08 11:03:07,995 [flink-akka.actor.default-dispatcher-8] [org.apache.flink.runtime.taskexecutor.TaskExecutor] [INFO] - Received task Source: Custom Source (1/1)#0 (737224d8bcbb117abff3e3cac3bfb35a), deploy into slot with allocation id 690bd919c04f0f1ddc3c22ee87d0849a.
2025-09-08 11:03:07,995 [Source: Custom Source (1/1)#0] [org.apache.flink.runtime.taskmanager.Task] [INFO] - Source: Custom Source (1/1)#0 (737224d8bcbb117abff3e3cac3bfb35a) switched from CREATED to DEPLOYING.
2025-09-08 11:03:07,996 [flink-akka.actor.default-dispatcher-8] [org.apache.flink.runtime.taskexecutor.slot.TaskSlotTableImpl] [INFO] - Activate slot 690bd919c04f0f1ddc3c22ee87d0849a.
2025-09-08 11:03:07,999 [Source: Custom Source (1/1)#0] [org.apache.flink.runtime.taskmanager.Task] [INFO] - Loading JAR files for task Source: Custom Source (1/1)#0 (737224d8bcbb117abff3e3cac3bfb35a) [DEPLOYING].
2025-09-08 11:03:08,009 [flink-akka.actor.default-dispatcher-8] [org.apache.flink.runtime.taskexecutor.TaskExecutor] [INFO] - Received task Map (1/3)#0 (2e85e2cac274ecda29a3ae46e9d15f72), deploy into slot with allocation id 690bd919c04f0f1ddc3c22ee87d0849a.
2025-09-08 11:03:08,009 [flink-akka.actor.default-dispatcher-8] [org.apache.flink.runtime.taskexecutor.slot.TaskSlotTableImpl] [INFO] - Activate slot 31ff924c0f9016bc419504878f50743e.
2025-09-08 11:03:08,009 [Map (1/3)#0] [org.apache.flink.runtime.taskmanager.Task] [INFO] - Map (1/3)#0 (2e85e2cac274ecda29a3ae46e9d15f72) switched from CREATED to DEPLOYING.
2025-09-08 11:03:08,010 [Map (1/3)#0] [org.apache.flink.runtime.taskmanager.Task] [INFO] - Loading JAR files for task Map (1/3)#0 (2e85e2cac274ecda29a3ae46e9d15f72) [DEPLOYING].
2025-09-08 11:03:08,012 [flink-akka.actor.default-dispatcher-8] [org.apache.flink.runtime.taskexecutor.TaskExecutor] [INFO] - Received task Map (2/3)#0 (4a7610b9c7e50cf73afa5c574207cdc2), deploy into slot with allocation id 31ff924c0f9016bc419504878f50743e.
2025-09-08 11:03:08,013 [Map (2/3)#0] [org.apache.flink.runtime.taskmanager.Task] [INFO] - Map (2/3)#0 (4a7610b9c7e50cf73afa5c574207cdc2) switched from CREATED to DEPLOYING.
2025-09-08 11:03:08,013 [flink-akka.actor.default-dispatcher-8] [org.apache.flink.runtime.taskexecutor.slot.TaskSlotTableImpl] [INFO] - Activate slot ebe9a956e96ad2353a9385eb19087722.
2025-09-08 11:03:08,013 [Map (2/3)#0] [org.apache.flink.runtime.taskmanager.Task] [INFO] - Loading JAR files for task Map (2/3)#0 (4a7610b9c7e50cf73afa5c574207cdc2) [DEPLOYING].
2025-09-08 11:03:08,016 [flink-akka.actor.default-dispatcher-8] [org.apache.flink.runtime.taskexecutor.TaskExecutor] [INFO] - Received task Map (3/3)#0 (7c5c2d0630b0faae741600e95f9c520f), deploy into slot with allocation id ebe9a956e96ad2353a9385eb19087722.
2025-09-08 11:03:08,017 [Map (3/3)#0] [org.apache.flink.runtime.taskmanager.Task] [INFO] - Map (3/3)#0 (7c5c2d0630b0faae741600e95f9c520f) switched from CREATED to DEPLOYING.
2025-09-08 11:03:08,017 [flink-akka.actor.default-dispatcher-8] [org.apache.flink.runtime.taskexecutor.slot.TaskSlotTableImpl] [INFO] - Activate slot 690bd919c04f0f1ddc3c22ee87d0849a.
2025-09-08 11:03:08,017 [Map (3/3)#0] [org.apache.flink.runtime.taskmanager.Task] [INFO] - Loading JAR files for task Map (3/3)#0 (7c5c2d0630b0faae741600e95f9c520f) [DEPLOYING].
2025-09-08 11:03:08,020 [flink-akka.actor.default-dispatcher-8] [org.apache.flink.runtime.taskexecutor.TaskExecutor] [INFO] - Received task TumblingProcessingTimeWindows -> Sink: Unnamed (1/3)#0 (6960d5c572c949d2d49de3ff69353e64), deploy into slot with allocation id 690bd919c04f0f1ddc3c22ee87d0849a.
2025-09-08 11:03:08,020 [flink-akka.actor.default-dispatcher-8] [org.apache.flink.runtime.taskexecutor.slot.TaskSlotTableImpl] [INFO] - Activate slot 31ff924c0f9016bc419504878f50743e.
2025-09-08 11:03:08,021 [TumblingProcessingTimeWindows -> Sink: Unnamed (1/3)#0] [org.apache.flink.runtime.taskmanager.Task] [INFO] - TumblingProcessingTimeWindows -> Sink: Unnamed (1/3)#0 (6960d5c572c949d2d49de3ff69353e64) switched from CREATED to DEPLOYING.
2025-09-08 11:03:08,021 [TumblingProcessingTimeWindows -> Sink: Unnamed (1/3)#0] [org.apache.flink.runtime.taskmanager.Task] [INFO] - Loading JAR files for task TumblingProcessingTimeWindows -> Sink: Unnamed (1/3)#0 (6960d5c572c949d2d49de3ff69353e64) [DEPLOYING].
2025-09-08 11:03:08,024 [flink-akka.actor.default-dispatcher-8] [org.apache.flink.runtime.taskexecutor.TaskExecutor] [INFO] - Received task TumblingProcessingTimeWindows -> Sink: Unnamed (2/3)#0 (1dde240cc8b98d1b19ea999166b87a26), deploy into slot with allocation id 31ff924c0f9016bc419504878f50743e.
2025-09-08 11:03:08,025 [flink-akka.actor.default-dispatcher-8] [org.apache.flink.runtime.taskexecutor.slot.TaskSlotTableImpl] [INFO] - Activate slot ebe9a956e96ad2353a9385eb19087722.
2025-09-08 11:03:08,027 [TumblingProcessingTimeWindows -> Sink: Unnamed (2/3)#0] [org.apache.flink.runtime.taskmanager.Task] [INFO] - TumblingProcessingTimeWindows -> Sink: Unnamed (2/3)#0 (1dde240cc8b98d1b19ea999166b87a26) switched from CREATED to DEPLOYING.
2025-09-08 11:03:08,027 [TumblingProcessingTimeWindows -> Sink: Unnamed (2/3)#0] [org.apache.flink.runtime.taskmanager.Task] [INFO] - Loading JAR files for task TumblingProcessingTimeWindows -> Sink: Unnamed (2/3)#0 (1dde240cc8b98d1b19ea999166b87a26) [DEPLOYING].
2025-09-08 11:03:08,029 [flink-akka.actor.default-dispatcher-8] [org.apache.flink.runtime.taskexecutor.TaskExecutor] [INFO] - Received task TumblingProcessingTimeWindows -> Sink: Unnamed (3/3)#0 (0235f7720e6f155dab5e22b0d5c7f665), deploy into slot with allocation id ebe9a956e96ad2353a9385eb19087722.
2025-09-08 11:03:08,032 [TumblingProcessingTimeWindows -> Sink: Unnamed (3/3)#0] [org.apache.flink.runtime.taskmanager.Task] [INFO] - TumblingProcessingTimeWindows -> Sink: Unnamed (3/3)#0 (0235f7720e6f155dab5e22b0d5c7f665) switched from CREATED to DEPLOYING.
2025-09-08 11:03:08,032 [flink-akka.actor.default-dispatcher-8] [org.apache.flink.runtime.taskexecutor.slot.TaskSlotTableImpl] [INFO] - Activate slot 690bd919c04f0f1ddc3c22ee87d0849a.
2025-09-08 11:03:08,033 [flink-akka.actor.default-dispatcher-8] [org.apache.flink.runtime.taskexecutor.slot.TaskSlotTableImpl] [INFO] - Activate slot ebe9a956e96ad2353a9385eb19087722.
2025-09-08 11:03:08,033 [TumblingProcessingTimeWindows -> Sink: Unnamed (3/3)#0] [org.apache.flink.runtime.taskmanager.Task] [INFO] - Loading JAR files for task TumblingProcessingTimeWindows -> Sink: Unnamed (3/3)#0 (0235f7720e6f155dab5e22b0d5c7f665) [DEPLOYING].
2025-09-08 11:03:08,033 [flink-akka.actor.default-dispatcher-8] [org.apache.flink.runtime.taskexecutor.slot.TaskSlotTableImpl] [INFO] - Activate slot 31ff924c0f9016bc419504878f50743e.
2025-09-08 11:03:08,040 [TumblingProcessingTimeWindows -> Sink: Unnamed (1/3)#0] [org.apache.flink.streaming.runtime.tasks.StreamTask] [INFO] - No state backend has been configured, using default (HashMap) org.apache.flink.runtime.state.hashmap.HashMapStateBackend@25c0a0f2
2025-09-08 11:03:08,040 [TumblingProcessingTimeWindows -> Sink: Unnamed (1/3)#0] [org.apache.flink.runtime.state.StateBackendLoader] [INFO] - State backend loader loads the state backend as HashMapStateBackend
2025-09-08 11:03:08,040 [TumblingProcessingTimeWindows -> Sink: Unnamed (2/3)#0] [org.apache.flink.streaming.runtime.tasks.StreamTask] [INFO] - No state backend has been configured, using default (HashMap) org.apache.flink.runtime.state.hashmap.HashMapStateBackend@45689279
2025-09-08 11:03:08,040 [TumblingProcessingTimeWindows -> Sink: Unnamed (3/3)#0] [org.apache.flink.streaming.runtime.tasks.StreamTask] [INFO] - No state backend has been configured, using default (HashMap) org.apache.flink.runtime.state.hashmap.HashMapStateBackend@784eacf6
2025-09-08 11:03:08,041 [TumblingProcessingTimeWindows -> Sink: Unnamed (2/3)#0] [org.apache.flink.runtime.state.StateBackendLoader] [INFO] - State backend loader loads the state backend as HashMapStateBackend
2025-09-08 11:03:08,041 [TumblingProcessingTimeWindows -> Sink: Unnamed (1/3)#0] [org.apache.flink.streaming.runtime.tasks.StreamTask] [INFO] - Checkpoint storage is set to 'jobmanager'
2025-09-08 11:03:08,041 [TumblingProcessingTimeWindows -> Sink: Unnamed (3/3)#0] [org.apache.flink.runtime.state.StateBackendLoader] [INFO] - State backend loader loads the state backend as HashMapStateBackend
2025-09-08 11:03:08,041 [TumblingProcessingTimeWindows -> Sink: Unnamed (2/3)#0] [org.apache.flink.streaming.runtime.tasks.StreamTask] [INFO] - Checkpoint storage is set to 'jobmanager'
2025-09-08 11:03:08,041 [TumblingProcessingTimeWindows -> Sink: Unnamed (3/3)#0] [org.apache.flink.streaming.runtime.tasks.StreamTask] [INFO] - Checkpoint storage is set to 'jobmanager'
2025-09-08 11:03:08,043 [Map (1/3)#0] [org.apache.flink.streaming.runtime.tasks.StreamTask] [INFO] - No state backend has been configured, using default (HashMap) org.apache.flink.runtime.state.hashmap.HashMapStateBackend@6c73f5ca
2025-09-08 11:03:08,043 [Map (1/3)#0] [org.apache.flink.runtime.state.StateBackendLoader] [INFO] - State backend loader loads the state backend as HashMapStateBackend
2025-09-08 11:03:08,043 [Map (1/3)#0] [org.apache.flink.streaming.runtime.tasks.StreamTask] [INFO] - Checkpoint storage is set to 'jobmanager'
2025-09-08 11:03:08,043 [Source: Custom Source (1/1)#0] [org.apache.flink.streaming.runtime.tasks.StreamTask] [INFO] - No state backend has been configured, using default (HashMap) org.apache.flink.runtime.state.hashmap.HashMapStateBackend@5bc8c5c
2025-09-08 11:03:08,044 [Source: Custom Source (1/1)#0] [org.apache.flink.runtime.state.StateBackendLoader] [INFO] - State backend loader loads the state backend as HashMapStateBackend
2025-09-08 11:03:08,043 [Map (3/3)#0] [org.apache.flink.streaming.runtime.tasks.StreamTask] [INFO] - No state backend has been configured, using default (HashMap) org.apache.flink.runtime.state.hashmap.HashMapStateBackend@7ee3e524
2025-09-08 11:03:08,044 [Source: Custom Source (1/1)#0] [org.apache.flink.streaming.runtime.tasks.StreamTask] [INFO] - Checkpoint storage is set to 'jobmanager'
2025-09-08 11:03:08,043 [Map (2/3)#0] [org.apache.flink.streaming.runtime.tasks.StreamTask] [INFO] - No state backend has been configured, using default (HashMap) org.apache.flink.runtime.state.hashmap.HashMapStateBackend@b6f93f5
2025-09-08 11:03:08,044 [Map (2/3)#0] [org.apache.flink.runtime.state.StateBackendLoader] [INFO] - State backend loader loads the state backend as HashMapStateBackend
2025-09-08 11:03:08,044 [Map (2/3)#0] [org.apache.flink.streaming.runtime.tasks.StreamTask] [INFO] - Checkpoint storage is set to 'jobmanager'
2025-09-08 11:03:08,044 [Map (3/3)#0] [org.apache.flink.runtime.state.StateBackendLoader] [INFO] - State backend loader loads the state backend as HashMapStateBackend
2025-09-08 11:03:08,045 [Map (3/3)#0] [org.apache.flink.streaming.runtime.tasks.StreamTask] [INFO] - Checkpoint storage is set to 'jobmanager'
2025-09-08 11:03:08,052 [Map (1/3)#0] [org.apache.flink.runtime.taskmanager.Task] [INFO] - Map (1/3)#0 (2e85e2cac274ecda29a3ae46e9d15f72) switched from DEPLOYING to INITIALIZING.
2025-09-08 11:03:08,052 [TumblingProcessingTimeWindows -> Sink: Unnamed (1/3)#0] [org.apache.flink.runtime.taskmanager.Task] [INFO] - TumblingProcessingTimeWindows -> Sink: Unnamed (1/3)#0 (6960d5c572c949d2d49de3ff69353e64) switched from DEPLOYING to INITIALIZING.
2025-09-08 11:03:08,052 [Map (3/3)#0] [org.apache.flink.runtime.taskmanager.Task] [INFO] - Map (3/3)#0 (7c5c2d0630b0faae741600e95f9c520f) switched from DEPLOYING to INITIALIZING.
2025-09-08 11:03:08,052 [TumblingProcessingTimeWindows -> Sink: Unnamed (3/3)#0] [org.apache.flink.runtime.taskmanager.Task] [INFO] - TumblingProcessingTimeWindows -> Sink: Unnamed (3/3)#0 (0235f7720e6f155dab5e22b0d5c7f665) switched from DEPLOYING to INITIALIZING.
2025-09-08 11:03:08,052 [Map (2/3)#0] [org.apache.flink.runtime.taskmanager.Task] [INFO] - Map (2/3)#0 (4a7610b9c7e50cf73afa5c574207cdc2) switched from DEPLOYING to INITIALIZING.
2025-09-08 11:03:08,052 [TumblingProcessingTimeWindows -> Sink: Unnamed (2/3)#0] [org.apache.flink.runtime.taskmanager.Task] [INFO] - TumblingProcessingTimeWindows -> Sink: Unnamed (2/3)#0 (1dde240cc8b98d1b19ea999166b87a26) switched from DEPLOYING to INITIALIZING.
2025-09-08 11:03:08,053 [Source: Custom Source (1/1)#0] [org.apache.flink.runtime.taskmanager.Task] [INFO] - Source: Custom Source (1/1)#0 (737224d8bcbb117abff3e3cac3bfb35a) switched from DEPLOYING to INITIALIZING.
2025-09-08 11:03:08,054 [flink-akka.actor.default-dispatcher-8] [org.apache.flink.runtime.executiongraph.ExecutionGraph] [INFO] - Map (1/3) (2e85e2cac274ecda29a3ae46e9d15f72) switched from DEPLOYING to INITIALIZING.
2025-09-08 11:03:08,055 [flink-akka.actor.default-dispatcher-8] [org.apache.flink.runtime.executiongraph.ExecutionGraph] [INFO] - TumblingProcessingTimeWindows -> Sink: Unnamed (1/3) (6960d5c572c949d2d49de3ff69353e64) switched from DEPLOYING to INITIALIZING.
2025-09-08 11:03:08,055 [flink-akka.actor.default-dispatcher-8] [org.apache.flink.runtime.executiongraph.ExecutionGraph] [INFO] - Map (3/3) (7c5c2d0630b0faae741600e95f9c520f) switched from DEPLOYING to INITIALIZING.
2025-09-08 11:03:08,055 [flink-akka.actor.default-dispatcher-8] [org.apache.flink.runtime.executiongraph.ExecutionGraph] [INFO] - TumblingProcessingTimeWindows -> Sink: Unnamed (3/3) (0235f7720e6f155dab5e22b0d5c7f665) switched from DEPLOYING to INITIALIZING.
2025-09-08 11:03:08,056 [flink-akka.actor.default-dispatcher-8] [org.apache.flink.runtime.executiongraph.ExecutionGraph] [INFO] - Map (2/3) (4a7610b9c7e50cf73afa5c574207cdc2) switched from DEPLOYING to INITIALIZING.
2025-09-08 11:03:08,056 [flink-akka.actor.default-dispatcher-8] [org.apache.flink.runtime.executiongraph.ExecutionGraph] [INFO] - TumblingProcessingTimeWindows -> Sink: Unnamed (2/3) (1dde240cc8b98d1b19ea999166b87a26) switched from DEPLOYING to INITIALIZING.
2025-09-08 11:03:08,056 [flink-akka.actor.default-dispatcher-8] [org.apache.flink.runtime.executiongraph.ExecutionGraph] [INFO] - Source: Custom Source (1/1) (737224d8bcbb117abff3e3cac3bfb35a) switched from DEPLOYING to INITIALIZING.
2025-09-08 11:03:08,134 [Source: Custom Source (1/1)#0] [org.apache.flink.runtime.taskmanager.Task] [INFO] - Source: Custom Source (1/1)#0 (737224d8bcbb117abff3e3cac3bfb35a) switched from INITIALIZING to RUNNING.
2025-09-08 11:03:08,134 [flink-akka.actor.default-dispatcher-8] [org.apache.flink.runtime.executiongraph.ExecutionGraph] [INFO] - Source: Custom Source (1/1) (737224d8bcbb117abff3e3cac3bfb35a) switched from INITIALIZING to RUNNING.
2025-09-08 11:03:08,137 [Map (3/3)#0] [org.apache.flink.runtime.taskmanager.Task] [INFO] - Map (3/3)#0 (7c5c2d0630b0faae741600e95f9c520f) switched from INITIALIZING to RUNNING.
2025-09-08 11:03:08,137 [Map (2/3)#0] [org.apache.flink.runtime.taskmanager.Task] [INFO] - Map (2/3)#0 (4a7610b9c7e50cf73afa5c574207cdc2) switched from INITIALIZING to RUNNING.
2025-09-08 11:03:08,137 [Map (1/3)#0] [org.apache.flink.runtime.taskmanager.Task] [INFO] - Map (1/3)#0 (2e85e2cac274ecda29a3ae46e9d15f72) switched from INITIALIZING to RUNNING.
2025-09-08 11:03:08,137 [flink-akka.actor.default-dispatcher-8] [org.apache.flink.runtime.executiongraph.ExecutionGraph] [INFO] - Map (3/3) (7c5c2d0630b0faae741600e95f9c520f) switched from INITIALIZING to RUNNING.
2025-09-08 11:03:08,138 [flink-akka.actor.default-dispatcher-8] [org.apache.flink.runtime.executiongraph.ExecutionGraph] [INFO] - Map (2/3) (4a7610b9c7e50cf73afa5c574207cdc2) switched from INITIALIZING to RUNNING.
2025-09-08 11:03:08,138 [flink-akka.actor.default-dispatcher-8] [org.apache.flink.runtime.executiongraph.ExecutionGraph] [INFO] - Map (1/3) (2e85e2cac274ecda29a3ae46e9d15f72) switched from INITIALIZING to RUNNING.
2025-09-08 11:03:08,146 [Legacy Source Thread - Source: Custom Source (1/1)#0] [org.example.app.StudentActivityStatistics] [INFO] - 1,王1,01,0,3
2025-09-08 11:03:08,882 [TumblingProcessingTimeWindows -> Sink: Unnamed (1/3)#0] [org.example.app.StudentActivityStatistics] [INFO] - 数据库连接成功
2025-09-08 11:03:08,882 [TumblingProcessingTimeWindows -> Sink: Unnamed (2/3)#0] [org.example.app.StudentActivityStatistics] [INFO] - 数据库连接成功
2025-09-08 11:03:08,882 [TumblingProcessingTimeWindows -> Sink: Unnamed (3/3)#0] [org.example.app.StudentActivityStatistics] [INFO] - 数据库连接成功
2025-09-08 11:03:08,893 [TumblingProcessingTimeWindows -> Sink: Unnamed (1/3)#0] [org.apache.flink.runtime.state.heap.HeapKeyedStateBackendBuilder] [INFO] - Finished to build heap keyed state-backend.
2025-09-08 11:03:08,893 [TumblingProcessingTimeWindows -> Sink: Unnamed (2/3)#0] [org.apache.flink.runtime.state.heap.HeapKeyedStateBackendBuilder] [INFO] - Finished to build heap keyed state-backend.
2025-09-08 11:03:08,893 [TumblingProcessingTimeWindows -> Sink: Unnamed (3/3)#0] [org.apache.flink.runtime.state.heap.HeapKeyedStateBackendBuilder] [INFO] - Finished to build heap keyed state-backend.
2025-09-08 11:03:08,901 [TumblingProcessingTimeWindows -> Sink: Unnamed (1/3)#0] [org.apache.flink.runtime.state.heap.HeapKeyedStateBackend] [INFO] - Initializing heap keyed state backend with stream factory.
2025-09-08 11:03:08,901 [TumblingProcessingTimeWindows -> Sink: Unnamed (3/3)#0] [org.apache.flink.runtime.state.heap.HeapKeyedStateBackend] [INFO] - Initializing heap keyed state backend with stream factory.
2025-09-08 11:03:08,901 [TumblingProcessingTimeWindows -> Sink: Unnamed (2/3)#0] [org.apache.flink.runtime.state.heap.HeapKeyedStateBackend] [INFO] - Initializing heap keyed state backend with stream factory.
2025-09-08 11:03:08,917 [TumblingProcessingTimeWindows -> Sink: Unnamed (2/3)#0] [org.apache.flink.runtime.taskmanager.Task] [INFO] - TumblingProcessingTimeWindows -> Sink: Unnamed (2/3)#0 (1dde240cc8b98d1b19ea999166b87a26) switched from INITIALIZING to RUNNING.
2025-09-08 11:03:08,917 [TumblingProcessingTimeWindows -> Sink: Unnamed (1/3)#0] [org.apache.flink.runtime.taskmanager.Task] [INFO] - TumblingProcessingTimeWindows -> Sink: Unnamed (1/3)#0 (6960d5c572c949d2d49de3ff69353e64) switched from INITIALIZING to RUNNING.
2025-09-08 11:03:08,917 [TumblingProcessingTimeWindows -> Sink: Unnamed (3/3)#0] [org.apache.flink.runtime.taskmanager.Task] [INFO] - TumblingProcessingTimeWindows -> Sink: Unnamed (3/3)#0 (0235f7720e6f155dab5e22b0d5c7f665) switched from INITIALIZING to RUNNING.
2025-09-08 11:03:08,918 [flink-akka.actor.default-dispatcher-6] [org.apache.flink.runtime.executiongraph.ExecutionGraph] [INFO] - TumblingProcessingTimeWindows -> Sink: Unnamed (2/3) (1dde240cc8b98d1b19ea999166b87a26) switched from INITIALIZING to RUNNING.
2025-09-08 11:03:08,919 [flink-akka.actor.default-dispatcher-6] [org.apache.flink.runtime.executiongraph.ExecutionGraph] [INFO] - TumblingProcessingTimeWindows -> Sink: Unnamed (1/3) (6960d5c572c949d2d49de3ff69353e64) switched from INITIALIZING to RUNNING.
2025-09-08 11:03:08,920 [flink-akka.actor.default-dispatcher-6] [org.apache.flink.runtime.executiongraph.ExecutionGraph] [INFO] - TumblingProcessingTimeWindows -> Sink: Unnamed (3/3) (0235f7720e6f155dab5e22b0d5c7f665) switched from INITIALIZING to RUNNING.
2025-09-08 11:03:08,920 [TumblingProcessingTimeWindows -> Sink: Unnamed (2/3)#0] [org.example.app.StudentActivityStatistics] [WARN] - 累加器处理数据 {} (1,王1,01,0,3)
2025-09-08 11:03:18,147 [Legacy Source Thread - Source: Custom Source (1/1)#0] [org.example.app.StudentActivityStatistics] [INFO] - 4,王4,01,1,4
2025-09-08 11:03:18,300 [TumblingProcessingTimeWindows -> Sink: Unnamed (1/3)#0] [org.example.app.StudentActivityStatistics] [WARN] - 累加器处理数据 {} (4,王4,01,1,4)
2025-09-08 11:03:28,147 [Legacy Source Thread - Source: Custom Source (1/1)#0] [org.example.app.StudentActivityStatistics] [INFO] - 7,王7,01,0,2
2025-09-08 11:03:28,250 [TumblingProcessingTimeWindows -> Sink: Unnamed (3/3)#0] [org.example.app.StudentActivityStatistics] [WARN] - 累加器处理数据 {} (7,王7,01,0,2)
2025-09-08 11:03:38,148 [Legacy Source Thread - Source: Custom Source (1/1)#0] [org.example.app.StudentActivityStatistics] [INFO] - 0,王0,01,3,2
2025-09-08 11:03:38,302 [TumblingProcessingTimeWindows -> Sink: Unnamed (3/3)#0] [org.example.app.StudentActivityStatistics] [WARN] - 累加器处理数据 {} (0,王0,01,3,2)
2025-09-08 11:03:48,149 [Legacy Source Thread - Source: Custom Source (1/1)#0] [org.example.app.StudentActivityStatistics] [INFO] - 8,王8,01,3,3
2025-09-08 11:03:48,252 [TumblingProcessingTimeWindows -> Sink: Unnamed (2/3)#0] [org.example.app.StudentActivityStatistics] [WARN] - 累加器处理数据 {} (8,王8,01,3,3)
2025-09-08 11:03:58,149 [Legacy Source Thread - Source: Custom Source (1/1)#0] [org.example.app.StudentActivityStatistics] [INFO] - 1,王1,01,2,4
2025-09-08 11:03:58,329 [TumblingProcessingTimeWindows -> Sink: Unnamed (2/3)#0] [org.example.app.StudentActivityStatistics] [WARN] - 累加器处理数据 {} (1,王1,01,2,4)
2025-09-08 11:04:04,602 [main] [org.apache.flink.api.java.typeutils.TypeExtractor] [INFO] - Class org.example.app.ActivityAccumulatorBean is not public so it cannot be used as a POJO type and must be processed as GenericType. Please read the Flink documentation on "Data Types & Serialization" for details of the effect on performance.
2025-09-08 11:04:04,605 [main] [org.apache.flink.api.java.typeutils.TypeExtractor] [INFO] - Class org.example.app.StudentActivityResult is not public so it cannot be used as a POJO type and must be processed as GenericType. Please read the Flink documentation on "Data Types & Serialization" for details of the effect on performance.
2025-09-08 11:04:04,829 [main] [org.apache.flink.runtime.taskexecutor.TaskExecutorResourceUtils] [INFO] - The configuration option taskmanager.cpu.cores required for local execution is not set, setting it to the maximal possible value.
2025-09-08 11:04:04,829 [main] [org.apache.flink.runtime.taskexecutor.TaskExecutorResourceUtils] [INFO] - The configuration option taskmanager.memory.task.heap.size required for local execution is not set, setting it to the maximal possible value.
2025-09-08 11:04:04,829 [main] [org.apache.flink.runtime.taskexecutor.TaskExecutorResourceUtils] [INFO] - The configuration option taskmanager.memory.task.off-heap.size required for local execution is not set, setting it to the maximal possible value.
2025-09-08 11:04:04,830 [main] [org.apache.flink.runtime.taskexecutor.TaskExecutorResourceUtils] [INFO] - The configuration option taskmanager.memory.network.min required for local execution is not set, setting it to its default value 64 mb.
2025-09-08 11:04:04,830 [main] [org.apache.flink.runtime.taskexecutor.TaskExecutorResourceUtils] [INFO] - The configuration option taskmanager.memory.network.max required for local execution is not set, setting it to its default value 64 mb.
2025-09-08 11:04:04,830 [main] [org.apache.flink.runtime.taskexecutor.TaskExecutorResourceUtils] [INFO] - The configuration option taskmanager.memory.managed.size required for local execution is not set, setting it to its default value 128 mb.
2025-09-08 11:04:04,834 [main] [org.apache.flink.runtime.minicluster.MiniCluster] [INFO] - Starting Flink Mini Cluster
2025-09-08 11:04:05,888 [main] [org.apache.flink.runtime.minicluster.MiniCluster] [INFO] - Starting Metrics Registry
2025-09-08 11:04:05,939 [main] [org.apache.flink.runtime.metrics.MetricRegistryImpl] [INFO] - No metrics reporter configured, no metrics will be exposed/reported.
2025-09-08 11:04:05,940 [main] [org.apache.flink.runtime.minicluster.MiniCluster] [INFO] - Starting RPC Service(s)
2025-09-08 11:04:05,960 [main] [org.apache.flink.runtime.rpc.akka.AkkaRpcServiceUtils] [INFO] - Trying to start local actor system
2025-09-08 11:04:06,602 [flink-akka.actor.default-dispatcher-4] [akka.event.slf4j.Slf4jLogger] [INFO] - Slf4jLogger started
2025-09-08 11:04:06,699 [main] [org.apache.flink.runtime.rpc.akka.AkkaRpcServiceUtils] [INFO] - Actor system started at akka://flink
2025-09-08 11:04:06,710 [main] [org.apache.flink.runtime.rpc.akka.AkkaRpcServiceUtils] [INFO] - Trying to start local actor system
2025-09-08 11:04:06,717 [flink-metrics-6] [akka.event.slf4j.Slf4jLogger] [INFO] - Slf4jLogger started
2025-09-08 11:04:06,724 [main] [org.apache.flink.runtime.rpc.akka.AkkaRpcServiceUtils] [INFO] - Actor system started at akka://flink-metrics
2025-09-08 11:04:06,733 [main] [org.apache.flink.runtime.rpc.akka.AkkaRpcService] [INFO] - Starting RPC endpoint for org.apache.flink.runtime.metrics.dump.MetricQueryService at akka://flink-metrics/user/rpc/MetricQueryService .
2025-09-08 11:04:06,790 [main] [org.apache.flink.runtime.blob.BlobServer] [INFO] - Created BLOB server storage directory C:\Users\Administrator\AppData\Local\Temp\minicluster_4b268d00b94f0a6b6ae829c694b16e28\blobStorage
2025-09-08 11:04:06,793 [main] [org.apache.flink.runtime.blob.BlobServer] [INFO] - Started BLOB server at 0.0.0.0:12701 - max concurrent requests: 50 - max backlog: 1000
2025-09-08 11:04:06,819 [main] [org.apache.flink.runtime.blob.PermanentBlobCache] [INFO] - Created BLOB cache storage directory C:\Users\Administrator\AppData\Local\Temp\minicluster_4b268d00b94f0a6b6ae829c694b16e28\blobStorage
2025-09-08 11:04:06,825 [main] [org.apache.flink.runtime.blob.TransientBlobCache] [INFO] - Created BLOB cache storage directory C:\Users\Administrator\AppData\Local\Temp\minicluster_4b268d00b94f0a6b6ae829c694b16e28\blobStorage
2025-09-08 11:04:06,830 [main] [org.apache.flink.runtime.minicluster.MiniCluster] [INFO] - Starting 1 TaskManager(s)
2025-09-08 11:04:06,839 [main] [org.apache.flink.runtime.taskexecutor.TaskManagerRunner] [INFO] - Starting TaskManager with ResourceID: 6f013e24-003c-43c0-8806-216187d39f66
2025-09-08 11:04:06,876 [main] [org.apache.flink.runtime.taskexecutor.TaskManagerServices] [INFO] - Temporary file directory 'C:\Users\Administrator\AppData\Local\Temp': total 100 GB, usable 40 GB (40.00% usable)
2025-09-08 11:04:06,882 [main] [org.apache.flink.runtime.io.disk.iomanager.IOManager] [INFO] - Created a new FileChannelManager for spilling of task related data to disk (joins, sorting, ...). Used directories:
	C:\Users\Administrator\AppData\Local\Temp\flink-io-80b3482b-dbb0-472b-b674-cd6c8c4278f8
2025-09-08 11:04:06,890 [main] [org.apache.flink.runtime.io.network.NettyShuffleServiceFactory] [INFO] - Created a new FileChannelManager for storing result partitions of BLOCKING shuffles. Used directories:
	C:\Users\Administrator\AppData\Local\Temp\flink-netty-shuffle-1a281d6c-513f-44fa-812f-5c93c5e36d14
2025-09-08 11:04:06,917 [main] [org.apache.flink.runtime.io.network.buffer.NetworkBufferPool] [INFO] - Allocated 64 MB for network buffer pool (number of memory segments: 2048, bytes per segment: 32768).
2025-09-08 11:04:06,928 [main] [org.apache.flink.runtime.io.network.NettyShuffleEnvironment] [INFO] - Starting the network environment and its components.
2025-09-08 11:04:06,929 [main] [org.apache.flink.runtime.taskexecutor.KvStateService] [INFO] - Starting the kvState service and its components.
2025-09-08 11:04:06,941 [main] [org.apache.flink.configuration.Configuration] [INFO] - Config uses fallback configuration key 'akka.ask.timeout' instead of key 'taskmanager.slot.timeout'
2025-09-08 11:04:06,953 [main] [org.apache.flink.runtime.rpc.akka.AkkaRpcService] [INFO] - Starting RPC endpoint for org.apache.flink.runtime.taskexecutor.TaskExecutor at akka://flink/user/rpc/taskmanager_0 .
2025-09-08 11:04:06,971 [flink-akka.actor.default-dispatcher-4] [org.apache.flink.runtime.taskexecutor.DefaultJobLeaderService] [INFO] - Start job leader service.
2025-09-08 11:04:06,973 [flink-akka.actor.default-dispatcher-4] [org.apache.flink.runtime.filecache.FileCache] [INFO] - User file cache uses directory C:\Users\Administrator\AppData\Local\Temp\flink-dist-cache-d2bbca4d-de21-4b63-9460-66e35a664377
2025-09-08 11:04:07,023 [main] [org.apache.flink.runtime.dispatcher.DispatcherRestEndpoint] [INFO] - Starting rest endpoint.
2025-09-08 11:04:07,317 [main] [org.apache.flink.runtime.webmonitor.WebMonitorUtils] [WARN] - Log file environment variable 'log.file' is not set.
2025-09-08 11:04:07,317 [main] [org.apache.flink.runtime.webmonitor.WebMonitorUtils] [WARN] - JobManager log files are unavailable in the web dashboard. Log file location not found in environment variable 'log.file' or configuration key 'web.log.path'.
2025-09-08 11:04:08,593 [main] [org.apache.flink.runtime.dispatcher.DispatcherRestEndpoint] [INFO] - Rest endpoint listening at localhost:12738
2025-09-08 11:04:08,593 [main] [org.apache.flink.runtime.highavailability.nonha.embedded.EmbeddedLeaderService] [INFO] - Proposing leadership to contender http://localhost:12738
2025-09-08 11:04:08,595 [main] [org.apache.flink.runtime.dispatcher.DispatcherRestEndpoint] [INFO] - Web frontend listening at http://localhost:12738.
2025-09-08 11:04:08,595 [mini-cluster-io-thread-1] [org.apache.flink.runtime.dispatcher.DispatcherRestEndpoint] [INFO] - http://localhost:12738 was granted leadership with leaderSessionID=e7c0fe8a-f801-4471-8003-b9dd80eb79e2
2025-09-08 11:04:08,595 [mini-cluster-io-thread-1] [org.apache.flink.runtime.highavailability.nonha.embedded.EmbeddedLeaderService] [INFO] - Received confirmation of leadership for leader http://localhost:12738 , session=e7c0fe8a-f801-4471-8003-b9dd80eb79e2
2025-09-08 11:04:08,606 [main] [org.apache.flink.runtime.highavailability.nonha.embedded.EmbeddedLeaderService] [INFO] - Proposing leadership to contender LeaderContender: DefaultDispatcherRunner
2025-09-08 11:04:08,606 [main] [org.apache.flink.runtime.resourcemanager.ResourceManagerServiceImpl] [INFO] - Starting resource manager service.
2025-09-08 11:04:08,606 [main] [org.apache.flink.runtime.highavailability.nonha.embedded.EmbeddedLeaderService] [INFO] - Proposing leadership to contender LeaderContender: ResourceManagerServiceImpl
2025-09-08 11:04:08,607 [mini-cluster-io-thread-2] [org.apache.flink.runtime.dispatcher.runner.DefaultDispatcherRunner] [INFO] - DefaultDispatcherRunner was granted leadership with leader id 5076b119-4e96-4584-97b0-b5c74ab2de0a. Creating new DispatcherLeaderProcess.
2025-09-08 11:04:08,607 [pool-2-thread-1] [org.apache.flink.runtime.resourcemanager.ResourceManagerServiceImpl] [INFO] - Resource manager service is granted leadership with session id 7755ff22-a6af-4fc0-a7cf-080fe8f0b4e9.
2025-09-08 11:04:08,610 [main] [org.apache.flink.runtime.minicluster.MiniCluster] [INFO] - Flink Mini Cluster started successfully
2025-09-08 11:04:08,614 [mini-cluster-io-thread-2] [org.apache.flink.runtime.dispatcher.runner.SessionDispatcherLeaderProcess] [INFO] - Start SessionDispatcherLeaderProcess.
2025-09-08 11:04:08,617 [mini-cluster-io-thread-1] [org.apache.flink.runtime.dispatcher.runner.SessionDispatcherLeaderProcess] [INFO] - Recover all persisted job graphs that are not finished, yet.
2025-09-08 11:04:08,618 [mini-cluster-io-thread-1] [org.apache.flink.runtime.dispatcher.runner.SessionDispatcherLeaderProcess] [INFO] - Successfully recovered 0 persisted job graphs.
2025-09-08 11:04:08,626 [pool-2-thread-1] [org.apache.flink.runtime.rpc.akka.AkkaRpcService] [INFO] - Starting RPC endpoint for org.apache.flink.runtime.resourcemanager.StandaloneResourceManager at akka://flink/user/rpc/resourcemanager_1 .
2025-09-08 11:04:08,633 [mini-cluster-io-thread-1] [org.apache.flink.runtime.rpc.akka.AkkaRpcService] [INFO] - Starting RPC endpoint for org.apache.flink.runtime.dispatcher.StandaloneDispatcher at akka://flink/user/rpc/dispatcher_2 .
2025-09-08 11:04:08,644 [flink-akka.actor.default-dispatcher-4] [org.apache.flink.runtime.resourcemanager.StandaloneResourceManager] [INFO] - Starting the resource manager.
2025-09-08 11:04:08,654 [mini-cluster-io-thread-4] [org.apache.flink.runtime.highavailability.nonha.embedded.EmbeddedLeaderService] [INFO] - Received confirmation of leadership for leader akka://flink/user/rpc/resourcemanager_1 , session=7755ff22-a6af-4fc0-a7cf-080fe8f0b4e9
2025-09-08 11:04:08,656 [flink-akka.actor.default-dispatcher-6] [org.apache.flink.runtime.taskexecutor.TaskExecutor] [INFO] - Connecting to ResourceManager akka://flink/user/rpc/resourcemanager_1(a7cf080fe8f0b4e97755ff22a6af4fc0).
2025-09-08 11:04:08,660 [mini-cluster-io-thread-1] [org.apache.flink.runtime.highavailability.nonha.embedded.EmbeddedLeaderService] [INFO] - Received confirmation of leadership for leader akka://flink/user/rpc/dispatcher_2 , session=5076b119-4e96-4584-97b0-b5c74ab2de0a
2025-09-08 11:04:08,682 [flink-akka.actor.default-dispatcher-6] [org.apache.flink.runtime.taskexecutor.TaskExecutor] [INFO] - Resolved ResourceManager address, beginning registration
2025-09-08 11:04:08,691 [flink-akka.actor.default-dispatcher-4] [org.apache.flink.runtime.resourcemanager.StandaloneResourceManager] [INFO] - Registering TaskManager with ResourceID 6f013e24-003c-43c0-8806-216187d39f66 (akka://flink/user/rpc/taskmanager_0) at ResourceManager
2025-09-08 11:04:08,693 [flink-akka.actor.default-dispatcher-8] [org.apache.flink.runtime.dispatcher.StandaloneDispatcher] [INFO] - Received JobGraph submission 'Student Activity Statistics (Processing Time)' (10c5ffca35732dd8b010422814821972).
2025-09-08 11:04:08,694 [flink-akka.actor.default-dispatcher-4] [org.apache.flink.runtime.taskexecutor.TaskExecutor] [INFO] - Successful registration at resource manager akka://flink/user/rpc/resourcemanager_1 under registration id c6e91b98110ba3f5d5ca0e9ca1892f04.
2025-09-08 11:04:08,694 [flink-akka.actor.default-dispatcher-8] [org.apache.flink.runtime.dispatcher.StandaloneDispatcher] [INFO] - Submitting job 'Student Activity Statistics (Processing Time)' (10c5ffca35732dd8b010422814821972).
2025-09-08 11:04:08,711 [flink-akka.actor.default-dispatcher-8] [org.apache.flink.runtime.highavailability.nonha.embedded.EmbeddedLeaderService] [INFO] - Proposing leadership to contender LeaderContender: JobMasterServiceLeadershipRunner
2025-09-08 11:04:08,722 [jobmanager-io-thread-1] [org.apache.flink.runtime.rpc.akka.AkkaRpcService] [INFO] - Starting RPC endpoint for org.apache.flink.runtime.jobmaster.JobMaster at akka://flink/user/rpc/jobmanager_3 .
2025-09-08 11:04:08,729 [jobmanager-io-thread-1] [org.apache.flink.runtime.jobmaster.JobMaster] [INFO] - Initializing job 'Student Activity Statistics (Processing Time)' (10c5ffca35732dd8b010422814821972).
2025-09-08 11:04:08,748 [jobmanager-io-thread-1] [org.apache.flink.runtime.jobmaster.JobMaster] [INFO] - Using restart back off time strategy NoRestartBackoffTimeStrategy for Student Activity Statistics (Processing Time) (10c5ffca35732dd8b010422814821972).
2025-09-08 11:04:08,791 [jobmanager-io-thread-1] [org.apache.flink.runtime.jobmaster.JobMaster] [INFO] - Running initialization on master for job Student Activity Statistics (Processing Time) (10c5ffca35732dd8b010422814821972).
2025-09-08 11:04:08,791 [jobmanager-io-thread-1] [org.apache.flink.runtime.jobmaster.JobMaster] [INFO] - Successfully ran initialization on master in 0 ms.
2025-09-08 11:04:08,816 [jobmanager-io-thread-1] [org.apache.flink.runtime.scheduler.adapter.DefaultExecutionTopology] [INFO] - Built 1 new pipelined regions in 1 ms, total 1 pipelined regions currently.
2025-09-08 11:04:08,824 [jobmanager-io-thread-1] [org.apache.flink.runtime.jobmaster.JobMaster] [INFO] - No state backend has been configured, using default (HashMap) org.apache.flink.runtime.state.hashmap.HashMapStateBackend@6f5baf93
2025-09-08 11:04:08,824 [jobmanager-io-thread-1] [org.apache.flink.runtime.state.StateBackendLoader] [INFO] - State backend loader loads the state backend as HashMapStateBackend
2025-09-08 11:04:08,825 [jobmanager-io-thread-1] [org.apache.flink.runtime.jobmaster.JobMaster] [INFO] - Checkpoint storage is set to 'jobmanager'
2025-09-08 11:04:08,864 [jobmanager-io-thread-1] [org.apache.flink.runtime.checkpoint.CheckpointCoordinator] [INFO] - No checkpoint found during restore.
2025-09-08 11:04:08,871 [jobmanager-io-thread-1] [org.apache.flink.runtime.jobmaster.JobMaster] [INFO] - Using failover strategy org.apache.flink.runtime.executiongraph.failover.flip1.RestartPipelinedRegionFailoverStrategy@311926a1 for Student Activity Statistics (Processing Time) (10c5ffca35732dd8b010422814821972).
2025-09-08 11:04:08,879 [jobmanager-io-thread-1] [org.apache.flink.runtime.highavailability.nonha.embedded.EmbeddedLeaderService] [INFO] - Received confirmation of leadership for leader akka://flink/user/rpc/jobmanager_3 , session=6f8d6e6a-9a13-47a5-b664-b7d541422618
2025-09-08 11:04:08,883 [flink-akka.actor.default-dispatcher-6] [org.apache.flink.runtime.jobmaster.JobMaster] [INFO] - Starting execution of job 'Student Activity Statistics (Processing Time)' (10c5ffca35732dd8b010422814821972) under job master id b664b7d5414226186f8d6e6a9a1347a5.
2025-09-08 11:04:08,885 [flink-akka.actor.default-dispatcher-6] [org.apache.flink.runtime.jobmaster.JobMaster] [INFO] - Starting scheduling with scheduling strategy [org.apache.flink.runtime.scheduler.strategy.PipelinedRegionSchedulingStrategy]
2025-09-08 11:04:08,886 [flink-akka.actor.default-dispatcher-6] [org.apache.flink.runtime.executiongraph.ExecutionGraph] [INFO] - Job Student Activity Statistics (Processing Time) (10c5ffca35732dd8b010422814821972) switched from state CREATED to RUNNING.
2025-09-08 11:04:08,889 [flink-akka.actor.default-dispatcher-6] [org.apache.flink.runtime.executiongraph.ExecutionGraph] [INFO] - Source: Custom Source (1/1) (fb678b3ae2f9de159d5a0effa5ae836b) switched from CREATED to SCHEDULED.
2025-09-08 11:04:08,890 [flink-akka.actor.default-dispatcher-6] [org.apache.flink.runtime.executiongraph.ExecutionGraph] [INFO] - Map (1/3) (edf9248a470b1c6c4f4958b7313e2fcf) switched from CREATED to SCHEDULED.
2025-09-08 11:04:08,890 [flink-akka.actor.default-dispatcher-6] [org.apache.flink.runtime.executiongraph.ExecutionGraph] [INFO] - Map (2/3) (5519f7e7f4565b2bd21f9dd3ba13cb40) switched from CREATED to SCHEDULED.
2025-09-08 11:04:08,890 [flink-akka.actor.default-dispatcher-6] [org.apache.flink.runtime.executiongraph.ExecutionGraph] [INFO] - Map (3/3) (c313391c4cf196dc358a66546bd4dadc) switched from CREATED to SCHEDULED.
2025-09-08 11:04:08,890 [flink-akka.actor.default-dispatcher-6] [org.apache.flink.runtime.executiongraph.ExecutionGraph] [INFO] - TumblingProcessingTimeWindows -> Sink: Unnamed (1/3) (e99f1261d6232d0b00c4da619d80a4f7) switched from CREATED to SCHEDULED.
2025-09-08 11:04:08,890 [flink-akka.actor.default-dispatcher-6] [org.apache.flink.runtime.executiongraph.ExecutionGraph] [INFO] - TumblingProcessingTimeWindows -> Sink: Unnamed (2/3) (a2282f6e7205a4f50195eefbaef48ae7) switched from CREATED to SCHEDULED.
2025-09-08 11:04:08,890 [flink-akka.actor.default-dispatcher-6] [org.apache.flink.runtime.executiongraph.ExecutionGraph] [INFO] - TumblingProcessingTimeWindows -> Sink: Unnamed (3/3) (cf4874b125d2cf7f45f238d5d87bac1b) switched from CREATED to SCHEDULED.
2025-09-08 11:04:08,906 [flink-akka.actor.default-dispatcher-6] [org.apache.flink.runtime.jobmaster.JobMaster] [INFO] - Connecting to ResourceManager akka://flink/user/rpc/resourcemanager_1(a7cf080fe8f0b4e97755ff22a6af4fc0)
2025-09-08 11:04:08,908 [flink-akka.actor.default-dispatcher-8] [org.apache.flink.runtime.jobmaster.JobMaster] [INFO] - Resolved ResourceManager address, beginning registration
2025-09-08 11:04:08,909 [flink-akka.actor.default-dispatcher-6] [org.apache.flink.runtime.resourcemanager.StandaloneResourceManager] [INFO] - Registering job manager b664b7d5414226186f8d6e6a9a1347a5@akka://flink/user/rpc/jobmanager_3 for job 10c5ffca35732dd8b010422814821972.
2025-09-08 11:04:08,914 [flink-akka.actor.default-dispatcher-6] [org.apache.flink.runtime.resourcemanager.StandaloneResourceManager] [INFO] - Registered job manager b664b7d5414226186f8d6e6a9a1347a5@akka://flink/user/rpc/jobmanager_3 for job 10c5ffca35732dd8b010422814821972.
2025-09-08 11:04:08,915 [flink-akka.actor.default-dispatcher-8] [org.apache.flink.runtime.jobmaster.JobMaster] [INFO] - JobManager successfully registered at ResourceManager, leader id: a7cf080fe8f0b4e97755ff22a6af4fc0.
2025-09-08 11:04:08,917 [flink-akka.actor.default-dispatcher-6] [org.apache.flink.runtime.resourcemanager.slotmanager.DeclarativeSlotManager] [INFO] - Received resource requirements from job 10c5ffca35732dd8b010422814821972: [ResourceRequirement{resourceProfile=ResourceProfile{UNKNOWN}, numberOfRequiredSlots=3}]
2025-09-08 11:04:08,920 [flink-akka.actor.default-dispatcher-8] [org.apache.flink.runtime.taskexecutor.TaskExecutor] [INFO] - Receive slot request 16af36b907930ca8ef567ac808c306ae for job 10c5ffca35732dd8b010422814821972 from resource manager with leader id a7cf080fe8f0b4e97755ff22a6af4fc0.
2025-09-08 11:04:08,925 [flink-akka.actor.default-dispatcher-8] [org.apache.flink.runtime.taskexecutor.TaskExecutor] [INFO] - Allocated slot for 16af36b907930ca8ef567ac808c306ae.
2025-09-08 11:04:08,926 [flink-akka.actor.default-dispatcher-8] [org.apache.flink.runtime.taskexecutor.DefaultJobLeaderService] [INFO] - Add job 10c5ffca35732dd8b010422814821972 for job leader monitoring.
2025-09-08 11:04:08,927 [mini-cluster-io-thread-4] [org.apache.flink.runtime.taskexecutor.DefaultJobLeaderService] [INFO] - Try to register at job manager akka://flink/user/rpc/jobmanager_3 with leader id 6f8d6e6a-9a13-47a5-b664-b7d541422618.
2025-09-08 11:04:08,927 [flink-akka.actor.default-dispatcher-8] [org.apache.flink.runtime.taskexecutor.TaskExecutor] [INFO] - Receive slot request b5eb35fa8bacea47b6ce274660a40ccf for job 10c5ffca35732dd8b010422814821972 from resource manager with leader id a7cf080fe8f0b4e97755ff22a6af4fc0.
2025-09-08 11:04:08,928 [flink-akka.actor.default-dispatcher-8] [org.apache.flink.runtime.taskexecutor.TaskExecutor] [INFO] - Allocated slot for b5eb35fa8bacea47b6ce274660a40ccf.
2025-09-08 11:04:08,928 [flink-akka.actor.default-dispatcher-8] [org.apache.flink.runtime.taskexecutor.TaskExecutor] [INFO] - Receive slot request b92322eca8c54a465c404e2b0933856b for job 10c5ffca35732dd8b010422814821972 from resource manager with leader id a7cf080fe8f0b4e97755ff22a6af4fc0.
2025-09-08 11:04:08,928 [flink-akka.actor.default-dispatcher-4] [org.apache.flink.runtime.taskexecutor.DefaultJobLeaderService] [INFO] - Resolved JobManager address, beginning registration
2025-09-08 11:04:08,928 [flink-akka.actor.default-dispatcher-8] [org.apache.flink.runtime.taskexecutor.TaskExecutor] [INFO] - Allocated slot for b92322eca8c54a465c404e2b0933856b.
2025-09-08 11:04:08,931 [flink-akka.actor.default-dispatcher-4] [org.apache.flink.runtime.taskexecutor.DefaultJobLeaderService] [INFO] - Successful registration at job manager akka://flink/user/rpc/jobmanager_3 for job 10c5ffca35732dd8b010422814821972.
2025-09-08 11:04:08,932 [flink-akka.actor.default-dispatcher-4] [org.apache.flink.runtime.taskexecutor.TaskExecutor] [INFO] - Establish JobManager connection for job 10c5ffca35732dd8b010422814821972.
2025-09-08 11:04:08,935 [flink-akka.actor.default-dispatcher-4] [org.apache.flink.runtime.taskexecutor.TaskExecutor] [INFO] - Offer reserved slots to the leader of job 10c5ffca35732dd8b010422814821972.
2025-09-08 11:04:08,943 [flink-akka.actor.default-dispatcher-6] [org.apache.flink.runtime.executiongraph.ExecutionGraph] [INFO] - Source: Custom Source (1/1) (fb678b3ae2f9de159d5a0effa5ae836b) switched from SCHEDULED to DEPLOYING.
2025-09-08 11:04:08,952 [flink-akka.actor.default-dispatcher-6] [org.apache.flink.runtime.executiongraph.ExecutionGraph] [INFO] - Deploying Source: Custom Source (1/1) (attempt #0) with attempt id fb678b3ae2f9de159d5a0effa5ae836b and vertex id bc764cd8ddf7a0cff126f51c16239658_0 to 6f013e24-003c-43c0-8806-216187d39f66 @ 127.0.0.1 (dataPort=-1) with allocation id 16af36b907930ca8ef567ac808c306ae
2025-09-08 11:04:08,955 [flink-akka.actor.default-dispatcher-6] [org.apache.flink.runtime.executiongraph.ExecutionGraph] [INFO] - Map (1/3) (edf9248a470b1c6c4f4958b7313e2fcf) switched from SCHEDULED to DEPLOYING.
2025-09-08 11:04:08,956 [flink-akka.actor.default-dispatcher-6] [org.apache.flink.runtime.executiongraph.ExecutionGraph] [INFO] - Deploying Map (1/3) (attempt #0) with attempt id edf9248a470b1c6c4f4958b7313e2fcf and vertex id 0a448493b4782967b150582570326227_0 to 6f013e24-003c-43c0-8806-216187d39f66 @ 127.0.0.1 (dataPort=-1) with allocation id 16af36b907930ca8ef567ac808c306ae
2025-09-08 11:04:08,956 [flink-akka.actor.default-dispatcher-4] [org.apache.flink.runtime.taskexecutor.slot.TaskSlotTableImpl] [INFO] - Activate slot 16af36b907930ca8ef567ac808c306ae.
2025-09-08 11:04:08,959 [flink-akka.actor.default-dispatcher-6] [org.apache.flink.runtime.executiongraph.ExecutionGraph] [INFO] - Map (2/3) (5519f7e7f4565b2bd21f9dd3ba13cb40) switched from SCHEDULED to DEPLOYING.
2025-09-08 11:04:08,959 [flink-akka.actor.default-dispatcher-6] [org.apache.flink.runtime.executiongraph.ExecutionGraph] [INFO] - Deploying Map (2/3) (attempt #0) with attempt id 5519f7e7f4565b2bd21f9dd3ba13cb40 and vertex id 0a448493b4782967b150582570326227_1 to 6f013e24-003c-43c0-8806-216187d39f66 @ 127.0.0.1 (dataPort=-1) with allocation id b92322eca8c54a465c404e2b0933856b
2025-09-08 11:04:08,959 [flink-akka.actor.default-dispatcher-6] [org.apache.flink.runtime.executiongraph.ExecutionGraph] [INFO] - Map (3/3) (c313391c4cf196dc358a66546bd4dadc) switched from SCHEDULED to DEPLOYING.
2025-09-08 11:04:08,959 [flink-akka.actor.default-dispatcher-6] [org.apache.flink.runtime.executiongraph.ExecutionGraph] [INFO] - Deploying Map (3/3) (attempt #0) with attempt id c313391c4cf196dc358a66546bd4dadc and vertex id 0a448493b4782967b150582570326227_2 to 6f013e24-003c-43c0-8806-216187d39f66 @ 127.0.0.1 (dataPort=-1) with allocation id b5eb35fa8bacea47b6ce274660a40ccf
2025-09-08 11:04:08,959 [flink-akka.actor.default-dispatcher-6] [org.apache.flink.runtime.executiongraph.ExecutionGraph] [INFO] - TumblingProcessingTimeWindows -> Sink: Unnamed (1/3) (e99f1261d6232d0b00c4da619d80a4f7) switched from SCHEDULED to DEPLOYING.
2025-09-08 11:04:08,959 [flink-akka.actor.default-dispatcher-6] [org.apache.flink.runtime.executiongraph.ExecutionGraph] [INFO] - Deploying TumblingProcessingTimeWindows -> Sink: Unnamed (1/3) (attempt #0) with attempt id e99f1261d6232d0b00c4da619d80a4f7 and vertex id e70bbd798b564e0a50e10e343f1ac56b_0 to 6f013e24-003c-43c0-8806-216187d39f66 @ 127.0.0.1 (dataPort=-1) with allocation id 16af36b907930ca8ef567ac808c306ae
2025-09-08 11:04:08,960 [flink-akka.actor.default-dispatcher-6] [org.apache.flink.runtime.executiongraph.ExecutionGraph] [INFO] - TumblingProcessingTimeWindows -> Sink: Unnamed (2/3) (a2282f6e7205a4f50195eefbaef48ae7) switched from SCHEDULED to DEPLOYING.
2025-09-08 11:04:08,960 [flink-akka.actor.default-dispatcher-6] [org.apache.flink.runtime.executiongraph.ExecutionGraph] [INFO] - Deploying TumblingProcessingTimeWindows -> Sink: Unnamed (2/3) (attempt #0) with attempt id a2282f6e7205a4f50195eefbaef48ae7 and vertex id e70bbd798b564e0a50e10e343f1ac56b_1 to 6f013e24-003c-43c0-8806-216187d39f66 @ 127.0.0.1 (dataPort=-1) with allocation id b92322eca8c54a465c404e2b0933856b
2025-09-08 11:04:08,961 [flink-akka.actor.default-dispatcher-6] [org.apache.flink.runtime.executiongraph.ExecutionGraph] [INFO] - TumblingProcessingTimeWindows -> Sink: Unnamed (3/3) (cf4874b125d2cf7f45f238d5d87bac1b) switched from SCHEDULED to DEPLOYING.
2025-09-08 11:04:08,961 [flink-akka.actor.default-dispatcher-6] [org.apache.flink.runtime.executiongraph.ExecutionGraph] [INFO] - Deploying TumblingProcessingTimeWindows -> Sink: Unnamed (3/3) (attempt #0) with attempt id cf4874b125d2cf7f45f238d5d87bac1b and vertex id e70bbd798b564e0a50e10e343f1ac56b_2 to 6f013e24-003c-43c0-8806-216187d39f66 @ 127.0.0.1 (dataPort=-1) with allocation id b5eb35fa8bacea47b6ce274660a40ccf
2025-09-08 11:04:08,965 [flink-akka.actor.default-dispatcher-4] [org.apache.flink.runtime.state.changelog.StateChangelogStorageLoader] [INFO] - StateChangelogStorageLoader initialized with shortcut names {memory}.
2025-09-08 11:04:08,965 [flink-akka.actor.default-dispatcher-4] [org.apache.flink.runtime.state.changelog.StateChangelogStorageLoader] [INFO] - Creating a changelog storage with name 'memory'.
2025-09-08 11:04:08,982 [flink-akka.actor.default-dispatcher-4] [org.apache.flink.runtime.taskexecutor.TaskExecutor] [INFO] - Received task Source: Custom Source (1/1)#0 (fb678b3ae2f9de159d5a0effa5ae836b), deploy into slot with allocation id 16af36b907930ca8ef567ac808c306ae.
2025-09-08 11:04:08,983 [Source: Custom Source (1/1)#0] [org.apache.flink.runtime.taskmanager.Task] [INFO] - Source: Custom Source (1/1)#0 (fb678b3ae2f9de159d5a0effa5ae836b) switched from CREATED to DEPLOYING.
2025-09-08 11:04:08,984 [flink-akka.actor.default-dispatcher-4] [org.apache.flink.runtime.taskexecutor.slot.TaskSlotTableImpl] [INFO] - Activate slot 16af36b907930ca8ef567ac808c306ae.
2025-09-08 11:04:08,986 [Source: Custom Source (1/1)#0] [org.apache.flink.runtime.taskmanager.Task] [INFO] - Loading JAR files for task Source: Custom Source (1/1)#0 (fb678b3ae2f9de159d5a0effa5ae836b) [DEPLOYING].
2025-09-08 11:04:08,996 [flink-akka.actor.default-dispatcher-4] [org.apache.flink.runtime.taskexecutor.TaskExecutor] [INFO] - Received task Map (1/3)#0 (edf9248a470b1c6c4f4958b7313e2fcf), deploy into slot with allocation id 16af36b907930ca8ef567ac808c306ae.
2025-09-08 11:04:08,997 [flink-akka.actor.default-dispatcher-4] [org.apache.flink.runtime.taskexecutor.slot.TaskSlotTableImpl] [INFO] - Activate slot b92322eca8c54a465c404e2b0933856b.
2025-09-08 11:04:08,997 [Map (1/3)#0] [org.apache.flink.runtime.taskmanager.Task] [INFO] - Map (1/3)#0 (edf9248a470b1c6c4f4958b7313e2fcf) switched from CREATED to DEPLOYING.
2025-09-08 11:04:08,998 [Map (1/3)#0] [org.apache.flink.runtime.taskmanager.Task] [INFO] - Loading JAR files for task Map (1/3)#0 (edf9248a470b1c6c4f4958b7313e2fcf) [DEPLOYING].
2025-09-08 11:04:09,000 [flink-akka.actor.default-dispatcher-4] [org.apache.flink.runtime.taskexecutor.TaskExecutor] [INFO] - Received task Map (2/3)#0 (5519f7e7f4565b2bd21f9dd3ba13cb40), deploy into slot with allocation id b92322eca8c54a465c404e2b0933856b.
2025-09-08 11:04:09,001 [Map (2/3)#0] [org.apache.flink.runtime.taskmanager.Task] [INFO] - Map (2/3)#0 (5519f7e7f4565b2bd21f9dd3ba13cb40) switched from CREATED to DEPLOYING.
2025-09-08 11:04:09,001 [flink-akka.actor.default-dispatcher-4] [org.apache.flink.runtime.taskexecutor.slot.TaskSlotTableImpl] [INFO] - Activate slot b5eb35fa8bacea47b6ce274660a40ccf.
2025-09-08 11:04:09,001 [Map (2/3)#0] [org.apache.flink.runtime.taskmanager.Task] [INFO] - Loading JAR files for task Map (2/3)#0 (5519f7e7f4565b2bd21f9dd3ba13cb40) [DEPLOYING].
2025-09-08 11:04:09,004 [flink-akka.actor.default-dispatcher-4] [org.apache.flink.runtime.taskexecutor.TaskExecutor] [INFO] - Received task Map (3/3)#0 (c313391c4cf196dc358a66546bd4dadc), deploy into slot with allocation id b5eb35fa8bacea47b6ce274660a40ccf.
2025-09-08 11:04:09,005 [Map (3/3)#0] [org.apache.flink.runtime.taskmanager.Task] [INFO] - Map (3/3)#0 (c313391c4cf196dc358a66546bd4dadc) switched from CREATED to DEPLOYING.
2025-09-08 11:04:09,005 [flink-akka.actor.default-dispatcher-4] [org.apache.flink.runtime.taskexecutor.slot.TaskSlotTableImpl] [INFO] - Activate slot 16af36b907930ca8ef567ac808c306ae.
2025-09-08 11:04:09,005 [Map (3/3)#0] [org.apache.flink.runtime.taskmanager.Task] [INFO] - Loading JAR files for task Map (3/3)#0 (c313391c4cf196dc358a66546bd4dadc) [DEPLOYING].
2025-09-08 11:04:09,009 [flink-akka.actor.default-dispatcher-4] [org.apache.flink.runtime.taskexecutor.TaskExecutor] [INFO] - Received task TumblingProcessingTimeWindows -> Sink: Unnamed (1/3)#0 (e99f1261d6232d0b00c4da619d80a4f7), deploy into slot with allocation id 16af36b907930ca8ef567ac808c306ae.
2025-09-08 11:04:09,009 [flink-akka.actor.default-dispatcher-4] [org.apache.flink.runtime.taskexecutor.slot.TaskSlotTableImpl] [INFO] - Activate slot b92322eca8c54a465c404e2b0933856b.
2025-09-08 11:04:09,012 [TumblingProcessingTimeWindows -> Sink: Unnamed (1/3)#0] [org.apache.flink.runtime.taskmanager.Task] [INFO] - TumblingProcessingTimeWindows -> Sink: Unnamed (1/3)#0 (e99f1261d6232d0b00c4da619d80a4f7) switched from CREATED to DEPLOYING.
2025-09-08 11:04:09,012 [flink-akka.actor.default-dispatcher-4] [org.apache.flink.runtime.taskexecutor.TaskExecutor] [INFO] - Received task TumblingProcessingTimeWindows -> Sink: Unnamed (2/3)#0 (a2282f6e7205a4f50195eefbaef48ae7), deploy into slot with allocation id b92322eca8c54a465c404e2b0933856b.
2025-09-08 11:04:09,012 [TumblingProcessingTimeWindows -> Sink: Unnamed (1/3)#0] [org.apache.flink.runtime.taskmanager.Task] [INFO] - Loading JAR files for task TumblingProcessingTimeWindows -> Sink: Unnamed (1/3)#0 (e99f1261d6232d0b00c4da619d80a4f7) [DEPLOYING].
2025-09-08 11:04:09,013 [TumblingProcessingTimeWindows -> Sink: Unnamed (2/3)#0] [org.apache.flink.runtime.taskmanager.Task] [INFO] - TumblingProcessingTimeWindows -> Sink: Unnamed (2/3)#0 (a2282f6e7205a4f50195eefbaef48ae7) switched from CREATED to DEPLOYING.
2025-09-08 11:04:09,013 [TumblingProcessingTimeWindows -> Sink: Unnamed (2/3)#0] [org.apache.flink.runtime.taskmanager.Task] [INFO] - Loading JAR files for task TumblingProcessingTimeWindows -> Sink: Unnamed (2/3)#0 (a2282f6e7205a4f50195eefbaef48ae7) [DEPLOYING].
2025-09-08 11:04:09,013 [flink-akka.actor.default-dispatcher-4] [org.apache.flink.runtime.taskexecutor.slot.TaskSlotTableImpl] [INFO] - Activate slot b5eb35fa8bacea47b6ce274660a40ccf.
2025-09-08 11:04:09,018 [flink-akka.actor.default-dispatcher-4] [org.apache.flink.runtime.taskexecutor.TaskExecutor] [INFO] - Received task TumblingProcessingTimeWindows -> Sink: Unnamed (3/3)#0 (cf4874b125d2cf7f45f238d5d87bac1b), deploy into slot with allocation id b5eb35fa8bacea47b6ce274660a40ccf.
2025-09-08 11:04:09,019 [TumblingProcessingTimeWindows -> Sink: Unnamed (3/3)#0] [org.apache.flink.runtime.taskmanager.Task] [INFO] - TumblingProcessingTimeWindows -> Sink: Unnamed (3/3)#0 (cf4874b125d2cf7f45f238d5d87bac1b) switched from CREATED to DEPLOYING.
2025-09-08 11:04:09,019 [TumblingProcessingTimeWindows -> Sink: Unnamed (3/3)#0] [org.apache.flink.runtime.taskmanager.Task] [INFO] - Loading JAR files for task TumblingProcessingTimeWindows -> Sink: Unnamed (3/3)#0 (cf4874b125d2cf7f45f238d5d87bac1b) [DEPLOYING].
2025-09-08 11:04:09,020 [flink-akka.actor.default-dispatcher-4] [org.apache.flink.runtime.taskexecutor.slot.TaskSlotTableImpl] [INFO] - Activate slot b5eb35fa8bacea47b6ce274660a40ccf.
2025-09-08 11:04:09,021 [flink-akka.actor.default-dispatcher-4] [org.apache.flink.runtime.taskexecutor.slot.TaskSlotTableImpl] [INFO] - Activate slot 16af36b907930ca8ef567ac808c306ae.
2025-09-08 11:04:09,021 [flink-akka.actor.default-dispatcher-4] [org.apache.flink.runtime.taskexecutor.slot.TaskSlotTableImpl] [INFO] - Activate slot b92322eca8c54a465c404e2b0933856b.
2025-09-08 11:04:09,040 [TumblingProcessingTimeWindows -> Sink: Unnamed (3/3)#0] [org.apache.flink.streaming.runtime.tasks.StreamTask] [INFO] - No state backend has been configured, using default (HashMap) org.apache.flink.runtime.state.hashmap.HashMapStateBackend@642484a8
2025-09-08 11:04:09,040 [TumblingProcessingTimeWindows -> Sink: Unnamed (3/3)#0] [org.apache.flink.runtime.state.StateBackendLoader] [INFO] - State backend loader loads the state backend as HashMapStateBackend
2025-09-08 11:04:09,040 [TumblingProcessingTimeWindows -> Sink: Unnamed (3/3)#0] [org.apache.flink.streaming.runtime.tasks.StreamTask] [INFO] - Checkpoint storage is set to 'jobmanager'
2025-09-08 11:04:09,041 [TumblingProcessingTimeWindows -> Sink: Unnamed (2/3)#0] [org.apache.flink.streaming.runtime.tasks.StreamTask] [INFO] - No state backend has been configured, using default (HashMap) org.apache.flink.runtime.state.hashmap.HashMapStateBackend@4514c683
2025-09-08 11:04:09,041 [TumblingProcessingTimeWindows -> Sink: Unnamed (1/3)#0] [org.apache.flink.streaming.runtime.tasks.StreamTask] [INFO] - No state backend has been configured, using default (HashMap) org.apache.flink.runtime.state.hashmap.HashMapStateBackend@6f631c71
2025-09-08 11:04:09,041 [TumblingProcessingTimeWindows -> Sink: Unnamed (1/3)#0] [org.apache.flink.runtime.state.StateBackendLoader] [INFO] - State backend loader loads the state backend as HashMapStateBackend
2025-09-08 11:04:09,041 [TumblingProcessingTimeWindows -> Sink: Unnamed (1/3)#0] [org.apache.flink.streaming.runtime.tasks.StreamTask] [INFO] - Checkpoint storage is set to 'jobmanager'
2025-09-08 11:04:09,041 [TumblingProcessingTimeWindows -> Sink: Unnamed (2/3)#0] [org.apache.flink.runtime.state.StateBackendLoader] [INFO] - State backend loader loads the state backend as HashMapStateBackend
2025-09-08 11:04:09,043 [TumblingProcessingTimeWindows -> Sink: Unnamed (2/3)#0] [org.apache.flink.streaming.runtime.tasks.StreamTask] [INFO] - Checkpoint storage is set to 'jobmanager'
2025-09-08 11:04:09,043 [Source: Custom Source (1/1)#0] [org.apache.flink.streaming.runtime.tasks.StreamTask] [INFO] - No state backend has been configured, using default (HashMap) org.apache.flink.runtime.state.hashmap.HashMapStateBackend@52e42950
2025-09-08 11:04:09,043 [Source: Custom Source (1/1)#0] [org.apache.flink.runtime.state.StateBackendLoader] [INFO] - State backend loader loads the state backend as HashMapStateBackend
2025-09-08 11:04:09,043 [Source: Custom Source (1/1)#0] [org.apache.flink.streaming.runtime.tasks.StreamTask] [INFO] - Checkpoint storage is set to 'jobmanager'
2025-09-08 11:04:09,043 [Map (3/3)#0] [org.apache.flink.streaming.runtime.tasks.StreamTask] [INFO] - No state backend has been configured, using default (HashMap) org.apache.flink.runtime.state.hashmap.HashMapStateBackend@551d4ce1
2025-09-08 11:04:09,044 [Map (3/3)#0] [org.apache.flink.runtime.state.StateBackendLoader] [INFO] - State backend loader loads the state backend as HashMapStateBackend
2025-09-08 11:04:09,043 [Map (2/3)#0] [org.apache.flink.streaming.runtime.tasks.StreamTask] [INFO] - No state backend has been configured, using default (HashMap) org.apache.flink.runtime.state.hashmap.HashMapStateBackend@7b7a801a
2025-09-08 11:04:09,044 [Map (2/3)#0] [org.apache.flink.runtime.state.StateBackendLoader] [INFO] - State backend loader loads the state backend as HashMapStateBackend
2025-09-08 11:04:09,043 [Map (1/3)#0] [org.apache.flink.streaming.runtime.tasks.StreamTask] [INFO] - No state backend has been configured, using default (HashMap) org.apache.flink.runtime.state.hashmap.HashMapStateBackend@1c5bf0b9
2025-09-08 11:04:09,044 [Map (2/3)#0] [org.apache.flink.streaming.runtime.tasks.StreamTask] [INFO] - Checkpoint storage is set to 'jobmanager'
2025-09-08 11:04:09,044 [Map (3/3)#0] [org.apache.flink.streaming.runtime.tasks.StreamTask] [INFO] - Checkpoint storage is set to 'jobmanager'
2025-09-08 11:04:09,044 [Map (1/3)#0] [org.apache.flink.runtime.state.StateBackendLoader] [INFO] - State backend loader loads the state backend as HashMapStateBackend
2025-09-08 11:04:09,045 [Map (1/3)#0] [org.apache.flink.streaming.runtime.tasks.StreamTask] [INFO] - Checkpoint storage is set to 'jobmanager'
2025-09-08 11:04:09,053 [TumblingProcessingTimeWindows -> Sink: Unnamed (2/3)#0] [org.apache.flink.runtime.taskmanager.Task] [INFO] - TumblingProcessingTimeWindows -> Sink: Unnamed (2/3)#0 (a2282f6e7205a4f50195eefbaef48ae7) switched from DEPLOYING to INITIALIZING.
2025-09-08 11:04:09,053 [Map (1/3)#0] [org.apache.flink.runtime.taskmanager.Task] [INFO] - Map (1/3)#0 (edf9248a470b1c6c4f4958b7313e2fcf) switched from DEPLOYING to INITIALIZING.
2025-09-08 11:04:09,053 [TumblingProcessingTimeWindows -> Sink: Unnamed (1/3)#0] [org.apache.flink.runtime.taskmanager.Task] [INFO] - TumblingProcessingTimeWindows -> Sink: Unnamed (1/3)#0 (e99f1261d6232d0b00c4da619d80a4f7) switched from DEPLOYING to INITIALIZING.
2025-09-08 11:04:09,053 [Map (3/3)#0] [org.apache.flink.runtime.taskmanager.Task] [INFO] - Map (3/3)#0 (c313391c4cf196dc358a66546bd4dadc) switched from DEPLOYING to INITIALIZING.
2025-09-08 11:04:09,054 [Map (2/3)#0] [org.apache.flink.runtime.taskmanager.Task] [INFO] - Map (2/3)#0 (5519f7e7f4565b2bd21f9dd3ba13cb40) switched from DEPLOYING to INITIALIZING.
2025-09-08 11:04:09,054 [TumblingProcessingTimeWindows -> Sink: Unnamed (3/3)#0] [org.apache.flink.runtime.taskmanager.Task] [INFO] - TumblingProcessingTimeWindows -> Sink: Unnamed (3/3)#0 (cf4874b125d2cf7f45f238d5d87bac1b) switched from DEPLOYING to INITIALIZING.
2025-09-08 11:04:09,056 [flink-akka.actor.default-dispatcher-6] [org.apache.flink.runtime.executiongraph.ExecutionGraph] [INFO] - TumblingProcessingTimeWindows -> Sink: Unnamed (2/3) (a2282f6e7205a4f50195eefbaef48ae7) switched from DEPLOYING to INITIALIZING.
2025-09-08 11:04:09,056 [Source: Custom Source (1/1)#0] [org.apache.flink.runtime.taskmanager.Task] [INFO] - Source: Custom Source (1/1)#0 (fb678b3ae2f9de159d5a0effa5ae836b) switched from DEPLOYING to INITIALIZING.
2025-09-08 11:04:09,058 [flink-akka.actor.default-dispatcher-6] [org.apache.flink.runtime.executiongraph.ExecutionGraph] [INFO] - TumblingProcessingTimeWindows -> Sink: Unnamed (1/3) (e99f1261d6232d0b00c4da619d80a4f7) switched from DEPLOYING to INITIALIZING.
2025-09-08 11:04:09,058 [flink-akka.actor.default-dispatcher-6] [org.apache.flink.runtime.executiongraph.ExecutionGraph] [INFO] - Map (1/3) (edf9248a470b1c6c4f4958b7313e2fcf) switched from DEPLOYING to INITIALIZING.
2025-09-08 11:04:09,058 [flink-akka.actor.default-dispatcher-6] [org.apache.flink.runtime.executiongraph.ExecutionGraph] [INFO] - Map (3/3) (c313391c4cf196dc358a66546bd4dadc) switched from DEPLOYING to INITIALIZING.
2025-09-08 11:04:09,058 [flink-akka.actor.default-dispatcher-6] [org.apache.flink.runtime.executiongraph.ExecutionGraph] [INFO] - Map (2/3) (5519f7e7f4565b2bd21f9dd3ba13cb40) switched from DEPLOYING to INITIALIZING.
2025-09-08 11:04:09,058 [flink-akka.actor.default-dispatcher-6] [org.apache.flink.runtime.executiongraph.ExecutionGraph] [INFO] - TumblingProcessingTimeWindows -> Sink: Unnamed (3/3) (cf4874b125d2cf7f45f238d5d87bac1b) switched from DEPLOYING to INITIALIZING.
2025-09-08 11:04:09,058 [flink-akka.actor.default-dispatcher-6] [org.apache.flink.runtime.executiongraph.ExecutionGraph] [INFO] - Source: Custom Source (1/1) (fb678b3ae2f9de159d5a0effa5ae836b) switched from DEPLOYING to INITIALIZING.
2025-09-08 11:04:09,136 [Source: Custom Source (1/1)#0] [org.apache.flink.runtime.taskmanager.Task] [INFO] - Source: Custom Source (1/1)#0 (fb678b3ae2f9de159d5a0effa5ae836b) switched from INITIALIZING to RUNNING.
2025-09-08 11:04:09,137 [flink-akka.actor.default-dispatcher-6] [org.apache.flink.runtime.executiongraph.ExecutionGraph] [INFO] - Source: Custom Source (1/1) (fb678b3ae2f9de159d5a0effa5ae836b) switched from INITIALIZING to RUNNING.
2025-09-08 11:04:09,141 [Map (1/3)#0] [org.apache.flink.runtime.taskmanager.Task] [INFO] - Map (1/3)#0 (edf9248a470b1c6c4f4958b7313e2fcf) switched from INITIALIZING to RUNNING.
2025-09-08 11:04:09,141 [Map (2/3)#0] [org.apache.flink.runtime.taskmanager.Task] [INFO] - Map (2/3)#0 (5519f7e7f4565b2bd21f9dd3ba13cb40) switched from INITIALIZING to RUNNING.
2025-09-08 11:04:09,141 [Map (3/3)#0] [org.apache.flink.runtime.taskmanager.Task] [INFO] - Map (3/3)#0 (c313391c4cf196dc358a66546bd4dadc) switched from INITIALIZING to RUNNING.
2025-09-08 11:04:09,142 [flink-akka.actor.default-dispatcher-8] [org.apache.flink.runtime.executiongraph.ExecutionGraph] [INFO] - Map (1/3) (edf9248a470b1c6c4f4958b7313e2fcf) switched from INITIALIZING to RUNNING.
2025-09-08 11:04:09,142 [flink-akka.actor.default-dispatcher-8] [org.apache.flink.runtime.executiongraph.ExecutionGraph] [INFO] - Map (2/3) (5519f7e7f4565b2bd21f9dd3ba13cb40) switched from INITIALIZING to RUNNING.
2025-09-08 11:04:09,142 [flink-akka.actor.default-dispatcher-8] [org.apache.flink.runtime.executiongraph.ExecutionGraph] [INFO] - Map (3/3) (c313391c4cf196dc358a66546bd4dadc) switched from INITIALIZING to RUNNING.
2025-09-08 11:04:09,150 [Legacy Source Thread - Source: Custom Source (1/1)#0] [org.example.app.StudentActivityStatistics] [INFO] - 1,王1,01,1,3
2025-09-08 11:04:09,904 [TumblingProcessingTimeWindows -> Sink: Unnamed (2/3)#0] [org.example.app.StudentActivityStatistics] [INFO] - 数据库连接成功
2025-09-08 11:04:09,904 [TumblingProcessingTimeWindows -> Sink: Unnamed (3/3)#0] [org.example.app.StudentActivityStatistics] [INFO] - 数据库连接成功
2025-09-08 11:04:09,904 [TumblingProcessingTimeWindows -> Sink: Unnamed (1/3)#0] [org.example.app.StudentActivityStatistics] [INFO] - 数据库连接成功
2025-09-08 11:04:09,917 [TumblingProcessingTimeWindows -> Sink: Unnamed (1/3)#0] [org.apache.flink.runtime.state.heap.HeapKeyedStateBackendBuilder] [INFO] - Finished to build heap keyed state-backend.
2025-09-08 11:04:09,917 [TumblingProcessingTimeWindows -> Sink: Unnamed (2/3)#0] [org.apache.flink.runtime.state.heap.HeapKeyedStateBackendBuilder] [INFO] - Finished to build heap keyed state-backend.
2025-09-08 11:04:09,917 [TumblingProcessingTimeWindows -> Sink: Unnamed (3/3)#0] [org.apache.flink.runtime.state.heap.HeapKeyedStateBackendBuilder] [INFO] - Finished to build heap keyed state-backend.
2025-09-08 11:04:09,924 [TumblingProcessingTimeWindows -> Sink: Unnamed (1/3)#0] [org.apache.flink.runtime.state.heap.HeapKeyedStateBackend] [INFO] - Initializing heap keyed state backend with stream factory.
2025-09-08 11:04:09,924 [TumblingProcessingTimeWindows -> Sink: Unnamed (2/3)#0] [org.apache.flink.runtime.state.heap.HeapKeyedStateBackend] [INFO] - Initializing heap keyed state backend with stream factory.
2025-09-08 11:04:09,924 [TumblingProcessingTimeWindows -> Sink: Unnamed (3/3)#0] [org.apache.flink.runtime.state.heap.HeapKeyedStateBackend] [INFO] - Initializing heap keyed state backend with stream factory.
2025-09-08 11:04:09,938 [TumblingProcessingTimeWindows -> Sink: Unnamed (3/3)#0] [org.apache.flink.runtime.taskmanager.Task] [INFO] - TumblingProcessingTimeWindows -> Sink: Unnamed (3/3)#0 (cf4874b125d2cf7f45f238d5d87bac1b) switched from INITIALIZING to RUNNING.
2025-09-08 11:04:09,938 [TumblingProcessingTimeWindows -> Sink: Unnamed (2/3)#0] [org.apache.flink.runtime.taskmanager.Task] [INFO] - TumblingProcessingTimeWindows -> Sink: Unnamed (2/3)#0 (a2282f6e7205a4f50195eefbaef48ae7) switched from INITIALIZING to RUNNING.
2025-09-08 11:04:09,938 [TumblingProcessingTimeWindows -> Sink: Unnamed (1/3)#0] [org.apache.flink.runtime.taskmanager.Task] [INFO] - TumblingProcessingTimeWindows -> Sink: Unnamed (1/3)#0 (e99f1261d6232d0b00c4da619d80a4f7) switched from INITIALIZING to RUNNING.
2025-09-08 11:04:09,938 [flink-akka.actor.default-dispatcher-7] [org.apache.flink.runtime.executiongraph.ExecutionGraph] [INFO] - TumblingProcessingTimeWindows -> Sink: Unnamed (3/3) (cf4874b125d2cf7f45f238d5d87bac1b) switched from INITIALIZING to RUNNING.
2025-09-08 11:04:09,939 [flink-akka.actor.default-dispatcher-7] [org.apache.flink.runtime.executiongraph.ExecutionGraph] [INFO] - TumblingProcessingTimeWindows -> Sink: Unnamed (2/3) (a2282f6e7205a4f50195eefbaef48ae7) switched from INITIALIZING to RUNNING.
2025-09-08 11:04:09,939 [flink-akka.actor.default-dispatcher-7] [org.apache.flink.runtime.executiongraph.ExecutionGraph] [INFO] - TumblingProcessingTimeWindows -> Sink: Unnamed (1/3) (e99f1261d6232d0b00c4da619d80a4f7) switched from INITIALIZING to RUNNING.
2025-09-08 11:04:09,939 [TumblingProcessingTimeWindows -> Sink: Unnamed (2/3)#0] [org.example.app.StudentActivityStatistics] [WARN] - 累加器处理数据 {} (1,王1,01,1,3)
2025-09-08 11:04:19,151 [Legacy Source Thread - Source: Custom Source (1/1)#0] [org.example.app.StudentActivityStatistics] [INFO] - 7,王7,01,3,4
2025-09-08 11:04:19,296 [TumblingProcessingTimeWindows -> Sink: Unnamed (3/3)#0] [org.example.app.StudentActivityStatistics] [WARN] - 累加器处理数据 {} (7,王7,01,3,4)
2025-09-08 11:04:29,151 [Legacy Source Thread - Source: Custom Source (1/1)#0] [org.example.app.StudentActivityStatistics] [INFO] - 0,王0,01,1,0
2025-09-08 11:04:29,249 [TumblingProcessingTimeWindows -> Sink: Unnamed (3/3)#0] [org.example.app.StudentActivityStatistics] [WARN] - 累加器处理数据 {} (0,王0,01,1,0)
2025-09-08 11:04:39,152 [Legacy Source Thread - Source: Custom Source (1/1)#0] [org.example.app.StudentActivityStatistics] [INFO] - 3,王3,01,0,0
2025-09-08 11:04:39,295 [TumblingProcessingTimeWindows -> Sink: Unnamed (1/3)#0] [org.example.app.StudentActivityStatistics] [WARN] - 累加器处理数据 {} (3,王3,01,0,0)
2025-09-08 11:04:49,152 [Legacy Source Thread - Source: Custom Source (1/1)#0] [org.example.app.StudentActivityStatistics] [INFO] - 9,王9,01,0,2
2025-09-08 11:04:49,344 [TumblingProcessingTimeWindows -> Sink: Unnamed (3/3)#0] [org.example.app.StudentActivityStatistics] [WARN] - 累加器处理数据 {} (9,王9,01,0,2)
2025-09-08 11:04:59,153 [Legacy Source Thread - Source: Custom Source (1/1)#0] [org.example.app.StudentActivityStatistics] [INFO] - 9,王9,01,2,4
2025-09-08 11:04:59,294 [TumblingProcessingTimeWindows -> Sink: Unnamed (3/3)#0] [org.example.app.StudentActivityStatistics] [WARN] - 累加器处理数据 {} (9,王9,01,2,4)
2025-09-08 11:05:00,005 [TumblingProcessingTimeWindows -> Sink: Unnamed (2/3)#0] [org.example.app.StudentActivityStatistics] [WARN] - 2025-09-08 11:05 数据聚合之后 ： StudentActivityResult{studentId='1', studentName='王1', classId='01', windowStart='2025-09-08 11:04', windowEnd='2025-09-08 11:05', totalScore=1, totalTimeCost=3, activityCount=1}
2025-09-08 11:05:00,005 [TumblingProcessingTimeWindows -> Sink: Unnamed (3/3)#0] [org.example.app.StudentActivityStatistics] [WARN] - 2025-09-08 11:05 数据聚合之后 ： StudentActivityResult{studentId='7', studentName='王7', classId='01', windowStart='2025-09-08 11:04', windowEnd='2025-09-08 11:05', totalScore=3, totalTimeCost=4, activityCount=1}
2025-09-08 11:05:00,005 [TumblingProcessingTimeWindows -> Sink: Unnamed (1/3)#0] [org.example.app.StudentActivityStatistics] [WARN] - 2025-09-08 11:05 数据聚合之后 ： StudentActivityResult{studentId='3', studentName='王3', classId='01', windowStart='2025-09-08 11:04', windowEnd='2025-09-08 11:05', totalScore=0, totalTimeCost=0, activityCount=1}
2025-09-08 11:05:00,008 [TumblingProcessingTimeWindows -> Sink: Unnamed (2/3)#0] [org.apache.flink.api.java.typeutils.runtime.kryo.KryoSerializer] [INFO] - Kryo serializer scala extensions are not available.
2025-09-08 11:05:00,009 [TumblingProcessingTimeWindows -> Sink: Unnamed (1/3)#0] [org.apache.flink.api.java.typeutils.runtime.kryo.KryoSerializer] [INFO] - Kryo serializer scala extensions are not available.
2025-09-08 11:05:00,010 [TumblingProcessingTimeWindows -> Sink: Unnamed (3/3)#0] [org.apache.flink.api.java.typeutils.runtime.kryo.KryoSerializer] [INFO] - Kryo serializer scala extensions are not available.
2025-09-08 11:05:00,117 [TumblingProcessingTimeWindows -> Sink: Unnamed (2/3)#0] [org.example.app.StudentActivityStatistics] [INFO] - 数据插入成功: StudentActivityResult{studentId='1', studentName='王1', classId='01', windowStart='2025-09-08 11:04', windowEnd='2025-09-08 11:05', totalScore=1, totalTimeCost=3, activityCount=1}
2025-09-08 11:05:00,118 [TumblingProcessingTimeWindows -> Sink: Unnamed (1/3)#0] [org.example.app.StudentActivityStatistics] [INFO] - 数据插入成功: StudentActivityResult{studentId='3', studentName='王3', classId='01', windowStart='2025-09-08 11:04', windowEnd='2025-09-08 11:05', totalScore=0, totalTimeCost=0, activityCount=1}
2025-09-08 11:05:00,122 [TumblingProcessingTimeWindows -> Sink: Unnamed (3/3)#0] [org.example.app.StudentActivityStatistics] [INFO] - 数据插入成功: StudentActivityResult{studentId='7', studentName='王7', classId='01', windowStart='2025-09-08 11:04', windowEnd='2025-09-08 11:05', totalScore=3, totalTimeCost=4, activityCount=1}
2025-09-08 11:05:00,129 [TumblingProcessingTimeWindows -> Sink: Unnamed (3/3)#0] [org.example.app.StudentActivityStatistics] [WARN] - 2025-09-08 11:05 数据聚合之后 ： StudentActivityResult{studentId='9', studentName='王9', classId='01', windowStart='2025-09-08 11:04', windowEnd='2025-09-08 11:05', totalScore=2, totalTimeCost=6, activityCount=2}
2025-09-08 11:05:00,133 [TumblingProcessingTimeWindows -> Sink: Unnamed (3/3)#0] [org.example.app.StudentActivityStatistics] [INFO] - 数据插入成功: StudentActivityResult{studentId='9', studentName='王9', classId='01', windowStart='2025-09-08 11:04', windowEnd='2025-09-08 11:05', totalScore=2, totalTimeCost=6, activityCount=2}
2025-09-08 11:05:00,135 [TumblingProcessingTimeWindows -> Sink: Unnamed (3/3)#0] [org.example.app.StudentActivityStatistics] [WARN] - 2025-09-08 11:05 数据聚合之后 ： StudentActivityResult{studentId='0', studentName='王0', classId='01', windowStart='2025-09-08 11:04', windowEnd='2025-09-08 11:05', totalScore=1, totalTimeCost=0, activityCount=1}
2025-09-08 11:05:00,137 [TumblingProcessingTimeWindows -> Sink: Unnamed (3/3)#0] [org.example.app.StudentActivityStatistics] [INFO] - 数据插入成功: StudentActivityResult{studentId='0', studentName='王0', classId='01', windowStart='2025-09-08 11:04', windowEnd='2025-09-08 11:05', totalScore=1, totalTimeCost=0, activityCount=1}
2025-09-08 11:05:09,154 [Legacy Source Thread - Source: Custom Source (1/1)#0] [org.example.app.StudentActivityStatistics] [INFO] - 1,王1,01,4,0
2025-09-08 11:05:09,349 [TumblingProcessingTimeWindows -> Sink: Unnamed (2/3)#0] [org.example.app.StudentActivityStatistics] [WARN] - 累加器处理数据 {} (1,王1,01,4,0)
2025-09-08 11:05:19,155 [Legacy Source Thread - Source: Custom Source (1/1)#0] [org.example.app.StudentActivityStatistics] [INFO] - 7,王7,01,1,4
2025-09-08 11:05:19,300 [TumblingProcessingTimeWindows -> Sink: Unnamed (3/3)#0] [org.example.app.StudentActivityStatistics] [WARN] - 累加器处理数据 {} (7,王7,01,1,4)
2025-09-08 11:05:29,156 [Legacy Source Thread - Source: Custom Source (1/1)#0] [org.example.app.StudentActivityStatistics] [INFO] - 5,王5,01,0,4
2025-09-08 11:05:29,352 [TumblingProcessingTimeWindows -> Sink: Unnamed (2/3)#0] [org.example.app.StudentActivityStatistics] [WARN] - 累加器处理数据 {} (5,王5,01,0,4)
2025-09-08 11:05:39,156 [Legacy Source Thread - Source: Custom Source (1/1)#0] [org.example.app.StudentActivityStatistics] [INFO] - 4,王4,01,1,3
2025-09-08 11:05:39,302 [TumblingProcessingTimeWindows -> Sink: Unnamed (1/3)#0] [org.example.app.StudentActivityStatistics] [WARN] - 累加器处理数据 {} (4,王4,01,1,3)
2025-09-08 11:05:49,157 [Legacy Source Thread - Source: Custom Source (1/1)#0] [org.example.app.StudentActivityStatistics] [INFO] - 8,王8,01,1,4
2025-09-08 11:05:49,354 [TumblingProcessingTimeWindows -> Sink: Unnamed (2/3)#0] [org.example.app.StudentActivityStatistics] [WARN] - 累加器处理数据 {} (8,王8,01,1,4)
2025-09-08 11:05:59,157 [Legacy Source Thread - Source: Custom Source (1/1)#0] [org.example.app.StudentActivityStatistics] [INFO] - 1,王1,01,3,3
2025-09-08 11:05:59,302 [TumblingProcessingTimeWindows -> Sink: Unnamed (2/3)#0] [org.example.app.StudentActivityStatistics] [WARN] - 累加器处理数据 {} (1,王1,01,3,3)
2025-09-08 11:06:00,001 [TumblingProcessingTimeWindows -> Sink: Unnamed (1/3)#0] [org.example.app.StudentActivityStatistics] [WARN] - 2025-09-08 11:06 数据聚合之后 ： StudentActivityResult{studentId='4', studentName='王4', classId='01', windowStart='2025-09-08 11:05', windowEnd='2025-09-08 11:06', totalScore=1, totalTimeCost=3, activityCount=1}
2025-09-08 11:06:00,002 [TumblingProcessingTimeWindows -> Sink: Unnamed (2/3)#0] [org.example.app.StudentActivityStatistics] [WARN] - 2025-09-08 11:06 数据聚合之后 ： StudentActivityResult{studentId='1', studentName='王1', classId='01', windowStart='2025-09-08 11:05', windowEnd='2025-09-08 11:06', totalScore=7, totalTimeCost=3, activityCount=2}
2025-09-08 11:06:00,002 [TumblingProcessingTimeWindows -> Sink: Unnamed (3/3)#0] [org.example.app.StudentActivityStatistics] [WARN] - 2025-09-08 11:06 数据聚合之后 ： StudentActivityResult{studentId='7', studentName='王7', classId='01', windowStart='2025-09-08 11:05', windowEnd='2025-09-08 11:06', totalScore=1, totalTimeCost=4, activityCount=1}
2025-09-08 11:06:00,011 [TumblingProcessingTimeWindows -> Sink: Unnamed (1/3)#0] [org.example.app.StudentActivityStatistics] [INFO] - 数据更新成功: StudentActivityResult{studentId='4', studentName='王4', classId='01', windowStart='2025-09-08 11:05', windowEnd='2025-09-08 11:06', totalScore=1, totalTimeCost=3, activityCount=1}
2025-09-08 11:06:00,011 [TumblingProcessingTimeWindows -> Sink: Unnamed (3/3)#0] [org.example.app.StudentActivityStatistics] [INFO] - 数据更新成功: StudentActivityResult{studentId='7', studentName='王7', classId='01', windowStart='2025-09-08 11:05', windowEnd='2025-09-08 11:06', totalScore=1, totalTimeCost=4, activityCount=1}
2025-09-08 11:06:00,011 [TumblingProcessingTimeWindows -> Sink: Unnamed (2/3)#0] [org.example.app.StudentActivityStatistics] [INFO] - 数据更新成功: StudentActivityResult{studentId='1', studentName='王1', classId='01', windowStart='2025-09-08 11:05', windowEnd='2025-09-08 11:06', totalScore=7, totalTimeCost=3, activityCount=2}
2025-09-08 11:06:00,016 [TumblingProcessingTimeWindows -> Sink: Unnamed (2/3)#0] [org.example.app.StudentActivityStatistics] [WARN] - 2025-09-08 11:06 数据聚合之后 ： StudentActivityResult{studentId='8', studentName='王8', classId='01', windowStart='2025-09-08 11:05', windowEnd='2025-09-08 11:06', totalScore=1, totalTimeCost=4, activityCount=1}
2025-09-08 11:06:00,019 [TumblingProcessingTimeWindows -> Sink: Unnamed (2/3)#0] [org.example.app.StudentActivityStatistics] [INFO] - 数据插入成功: StudentActivityResult{studentId='8', studentName='王8', classId='01', windowStart='2025-09-08 11:05', windowEnd='2025-09-08 11:06', totalScore=1, totalTimeCost=4, activityCount=1}
2025-09-08 11:06:00,023 [TumblingProcessingTimeWindows -> Sink: Unnamed (2/3)#0] [org.example.app.StudentActivityStatistics] [WARN] - 2025-09-08 11:06 数据聚合之后 ： StudentActivityResult{studentId='5', studentName='王5', classId='01', windowStart='2025-09-08 11:05', windowEnd='2025-09-08 11:06', totalScore=0, totalTimeCost=4, activityCount=1}
2025-09-08 11:06:00,025 [TumblingProcessingTimeWindows -> Sink: Unnamed (2/3)#0] [org.example.app.StudentActivityStatistics] [INFO] - 数据插入成功: StudentActivityResult{studentId='5', studentName='王5', classId='01', windowStart='2025-09-08 11:05', windowEnd='2025-09-08 11:06', totalScore=0, totalTimeCost=4, activityCount=1}
2025-09-08 11:06:09,158 [Legacy Source Thread - Source: Custom Source (1/1)#0] [org.example.app.StudentActivityStatistics] [INFO] - 6,王6,01,2,0
2025-09-08 11:06:09,350 [TumblingProcessingTimeWindows -> Sink: Unnamed (1/3)#0] [org.example.app.StudentActivityStatistics] [WARN] - 累加器处理数据 {} (6,王6,01,2,0)
2025-09-08 11:06:19,159 [Legacy Source Thread - Source: Custom Source (1/1)#0] [org.example.app.StudentActivityStatistics] [INFO] - 2,王2,01,3,3
2025-09-08 11:06:19,301 [TumblingProcessingTimeWindows -> Sink: Unnamed (1/3)#0] [org.example.app.StudentActivityStatistics] [WARN] - 累加器处理数据 {} (2,王2,01,3,3)
2025-09-08 11:06:29,159 [Legacy Source Thread - Source: Custom Source (1/1)#0] [org.example.app.StudentActivityStatistics] [INFO] - 8,王8,01,3,1
2025-09-08 11:06:29,356 [TumblingProcessingTimeWindows -> Sink: Unnamed (2/3)#0] [org.example.app.StudentActivityStatistics] [WARN] - 累加器处理数据 {} (8,王8,01,3,1)
2025-09-08 11:06:39,159 [Legacy Source Thread - Source: Custom Source (1/1)#0] [org.example.app.StudentActivityStatistics] [INFO] - 7,王7,01,1,2
2025-09-08 11:06:39,203 [TumblingProcessingTimeWindows -> Sink: Unnamed (3/3)#0] [org.example.app.StudentActivityStatistics] [WARN] - 累加器处理数据 {} (7,王7,01,1,2)
2025-09-08 11:07:13,973 [main] [org.apache.flink.api.java.typeutils.TypeExtractor] [INFO] - Class org.example.app.ActivityAccumulatorBean is not public so it cannot be used as a POJO type and must be processed as GenericType. Please read the Flink documentation on "Data Types & Serialization" for details of the effect on performance.
2025-09-08 11:07:13,976 [main] [org.apache.flink.api.java.typeutils.TypeExtractor] [INFO] - Class org.example.app.StudentActivityResult is not public so it cannot be used as a POJO type and must be processed as GenericType. Please read the Flink documentation on "Data Types & Serialization" for details of the effect on performance.
2025-09-08 11:07:14,200 [main] [org.apache.flink.runtime.taskexecutor.TaskExecutorResourceUtils] [INFO] - The configuration option taskmanager.cpu.cores required for local execution is not set, setting it to the maximal possible value.
2025-09-08 11:07:14,200 [main] [org.apache.flink.runtime.taskexecutor.TaskExecutorResourceUtils] [INFO] - The configuration option taskmanager.memory.task.heap.size required for local execution is not set, setting it to the maximal possible value.
2025-09-08 11:07:14,200 [main] [org.apache.flink.runtime.taskexecutor.TaskExecutorResourceUtils] [INFO] - The configuration option taskmanager.memory.task.off-heap.size required for local execution is not set, setting it to the maximal possible value.
2025-09-08 11:07:14,201 [main] [org.apache.flink.runtime.taskexecutor.TaskExecutorResourceUtils] [INFO] - The configuration option taskmanager.memory.network.min required for local execution is not set, setting it to its default value 64 mb.
2025-09-08 11:07:14,201 [main] [org.apache.flink.runtime.taskexecutor.TaskExecutorResourceUtils] [INFO] - The configuration option taskmanager.memory.network.max required for local execution is not set, setting it to its default value 64 mb.
2025-09-08 11:07:14,201 [main] [org.apache.flink.runtime.taskexecutor.TaskExecutorResourceUtils] [INFO] - The configuration option taskmanager.memory.managed.size required for local execution is not set, setting it to its default value 128 mb.
2025-09-08 11:07:14,204 [main] [org.apache.flink.runtime.minicluster.MiniCluster] [INFO] - Starting Flink Mini Cluster
2025-09-08 11:07:15,435 [main] [org.apache.flink.runtime.minicluster.MiniCluster] [INFO] - Starting Metrics Registry
2025-09-08 11:07:15,521 [main] [org.apache.flink.runtime.metrics.MetricRegistryImpl] [INFO] - No metrics reporter configured, no metrics will be exposed/reported.
2025-09-08 11:07:15,521 [main] [org.apache.flink.runtime.minicluster.MiniCluster] [INFO] - Starting RPC Service(s)
2025-09-08 11:07:15,545 [main] [org.apache.flink.runtime.rpc.akka.AkkaRpcServiceUtils] [INFO] - Trying to start local actor system
2025-09-08 11:07:16,227 [flink-akka.actor.default-dispatcher-5] [akka.event.slf4j.Slf4jLogger] [INFO] - Slf4jLogger started
2025-09-08 11:07:16,320 [main] [org.apache.flink.runtime.rpc.akka.AkkaRpcServiceUtils] [INFO] - Actor system started at akka://flink
2025-09-08 11:07:16,332 [main] [org.apache.flink.runtime.rpc.akka.AkkaRpcServiceUtils] [INFO] - Trying to start local actor system
2025-09-08 11:07:16,340 [flink-metrics-5] [akka.event.slf4j.Slf4jLogger] [INFO] - Slf4jLogger started
2025-09-08 11:07:16,346 [main] [org.apache.flink.runtime.rpc.akka.AkkaRpcServiceUtils] [INFO] - Actor system started at akka://flink-metrics
2025-09-08 11:07:16,355 [main] [org.apache.flink.runtime.rpc.akka.AkkaRpcService] [INFO] - Starting RPC endpoint for org.apache.flink.runtime.metrics.dump.MetricQueryService at akka://flink-metrics/user/rpc/MetricQueryService .
2025-09-08 11:07:16,413 [main] [org.apache.flink.runtime.blob.BlobServer] [INFO] - Created BLOB server storage directory C:\Users\Administrator\AppData\Local\Temp\minicluster_686de5a2e25ff2a4bde1bc40b5586dc9\blobStorage
2025-09-08 11:07:16,416 [main] [org.apache.flink.runtime.blob.BlobServer] [INFO] - Started BLOB server at 0.0.0.0:12986 - max concurrent requests: 50 - max backlog: 1000
2025-09-08 11:07:16,439 [main] [org.apache.flink.runtime.blob.PermanentBlobCache] [INFO] - Created BLOB cache storage directory C:\Users\Administrator\AppData\Local\Temp\minicluster_686de5a2e25ff2a4bde1bc40b5586dc9\blobStorage
2025-09-08 11:07:16,444 [main] [org.apache.flink.runtime.blob.TransientBlobCache] [INFO] - Created BLOB cache storage directory C:\Users\Administrator\AppData\Local\Temp\minicluster_686de5a2e25ff2a4bde1bc40b5586dc9\blobStorage
2025-09-08 11:07:16,449 [main] [org.apache.flink.runtime.minicluster.MiniCluster] [INFO] - Starting 1 TaskManager(s)
2025-09-08 11:07:16,459 [main] [org.apache.flink.runtime.taskexecutor.TaskManagerRunner] [INFO] - Starting TaskManager with ResourceID: 9e7ae7b9-d315-4a2f-b47c-47b63ad4a76f
2025-09-08 11:07:16,493 [main] [org.apache.flink.runtime.taskexecutor.TaskManagerServices] [INFO] - Temporary file directory 'C:\Users\Administrator\AppData\Local\Temp': total 100 GB, usable 40 GB (40.00% usable)
2025-09-08 11:07:16,498 [main] [org.apache.flink.runtime.io.disk.iomanager.IOManager] [INFO] - Created a new FileChannelManager for spilling of task related data to disk (joins, sorting, ...). Used directories:
	C:\Users\Administrator\AppData\Local\Temp\flink-io-a343a362-4761-4b93-aed5-b5d83c470c71
2025-09-08 11:07:16,508 [main] [org.apache.flink.runtime.io.network.NettyShuffleServiceFactory] [INFO] - Created a new FileChannelManager for storing result partitions of BLOCKING shuffles. Used directories:
	C:\Users\Administrator\AppData\Local\Temp\flink-netty-shuffle-9c26de44-58fa-4d23-b720-8e91b9796991
2025-09-08 11:07:16,534 [main] [org.apache.flink.runtime.io.network.buffer.NetworkBufferPool] [INFO] - Allocated 64 MB for network buffer pool (number of memory segments: 2048, bytes per segment: 32768).
2025-09-08 11:07:16,546 [main] [org.apache.flink.runtime.io.network.NettyShuffleEnvironment] [INFO] - Starting the network environment and its components.
2025-09-08 11:07:16,547 [main] [org.apache.flink.runtime.taskexecutor.KvStateService] [INFO] - Starting the kvState service and its components.
2025-09-08 11:07:16,559 [main] [org.apache.flink.configuration.Configuration] [INFO] - Config uses fallback configuration key 'akka.ask.timeout' instead of key 'taskmanager.slot.timeout'
2025-09-08 11:07:16,573 [main] [org.apache.flink.runtime.rpc.akka.AkkaRpcService] [INFO] - Starting RPC endpoint for org.apache.flink.runtime.taskexecutor.TaskExecutor at akka://flink/user/rpc/taskmanager_0 .
2025-09-08 11:07:16,593 [flink-akka.actor.default-dispatcher-5] [org.apache.flink.runtime.taskexecutor.DefaultJobLeaderService] [INFO] - Start job leader service.
2025-09-08 11:07:16,595 [flink-akka.actor.default-dispatcher-5] [org.apache.flink.runtime.filecache.FileCache] [INFO] - User file cache uses directory C:\Users\Administrator\AppData\Local\Temp\flink-dist-cache-9f9c9c9b-23c8-473e-ad01-277ee699a401
2025-09-08 11:07:16,648 [main] [org.apache.flink.runtime.dispatcher.DispatcherRestEndpoint] [INFO] - Starting rest endpoint.
2025-09-08 11:07:16,903 [main] [org.apache.flink.runtime.webmonitor.WebMonitorUtils] [WARN] - Log file environment variable 'log.file' is not set.
2025-09-08 11:07:16,903 [main] [org.apache.flink.runtime.webmonitor.WebMonitorUtils] [WARN] - JobManager log files are unavailable in the web dashboard. Log file location not found in environment variable 'log.file' or configuration key 'web.log.path'.
2025-09-08 11:07:17,961 [main] [org.apache.flink.runtime.dispatcher.DispatcherRestEndpoint] [INFO] - Rest endpoint listening at localhost:13022
2025-09-08 11:07:17,962 [main] [org.apache.flink.runtime.highavailability.nonha.embedded.EmbeddedLeaderService] [INFO] - Proposing leadership to contender http://localhost:13022
2025-09-08 11:07:17,963 [main] [org.apache.flink.runtime.dispatcher.DispatcherRestEndpoint] [INFO] - Web frontend listening at http://localhost:13022.
2025-09-08 11:07:17,963 [mini-cluster-io-thread-1] [org.apache.flink.runtime.dispatcher.DispatcherRestEndpoint] [INFO] - http://localhost:13022 was granted leadership with leaderSessionID=ebe51cc7-4a55-4964-8d7c-2ef6d5459fb9
2025-09-08 11:07:17,963 [mini-cluster-io-thread-1] [org.apache.flink.runtime.highavailability.nonha.embedded.EmbeddedLeaderService] [INFO] - Received confirmation of leadership for leader http://localhost:13022 , session=ebe51cc7-4a55-4964-8d7c-2ef6d5459fb9
2025-09-08 11:07:17,976 [main] [org.apache.flink.runtime.highavailability.nonha.embedded.EmbeddedLeaderService] [INFO] - Proposing leadership to contender LeaderContender: DefaultDispatcherRunner
2025-09-08 11:07:17,976 [main] [org.apache.flink.runtime.resourcemanager.ResourceManagerServiceImpl] [INFO] - Starting resource manager service.
2025-09-08 11:07:17,976 [main] [org.apache.flink.runtime.highavailability.nonha.embedded.EmbeddedLeaderService] [INFO] - Proposing leadership to contender LeaderContender: ResourceManagerServiceImpl
2025-09-08 11:07:17,976 [mini-cluster-io-thread-2] [org.apache.flink.runtime.dispatcher.runner.DefaultDispatcherRunner] [INFO] - DefaultDispatcherRunner was granted leadership with leader id 1c3f7fd4-593d-4116-a248-64ddf78155d6. Creating new DispatcherLeaderProcess.
2025-09-08 11:07:17,977 [pool-2-thread-1] [org.apache.flink.runtime.resourcemanager.ResourceManagerServiceImpl] [INFO] - Resource manager service is granted leadership with session id 7eca0bdc-926c-4fca-b617-aa82c187c6d2.
2025-09-08 11:07:17,980 [main] [org.apache.flink.runtime.minicluster.MiniCluster] [INFO] - Flink Mini Cluster started successfully
2025-09-08 11:07:17,984 [mini-cluster-io-thread-2] [org.apache.flink.runtime.dispatcher.runner.SessionDispatcherLeaderProcess] [INFO] - Start SessionDispatcherLeaderProcess.
2025-09-08 11:07:17,988 [mini-cluster-io-thread-1] [org.apache.flink.runtime.dispatcher.runner.SessionDispatcherLeaderProcess] [INFO] - Recover all persisted job graphs that are not finished, yet.
2025-09-08 11:07:17,988 [mini-cluster-io-thread-1] [org.apache.flink.runtime.dispatcher.runner.SessionDispatcherLeaderProcess] [INFO] - Successfully recovered 0 persisted job graphs.
2025-09-08 11:07:17,998 [pool-2-thread-1] [org.apache.flink.runtime.rpc.akka.AkkaRpcService] [INFO] - Starting RPC endpoint for org.apache.flink.runtime.resourcemanager.StandaloneResourceManager at akka://flink/user/rpc/resourcemanager_1 .
2025-09-08 11:07:18,003 [mini-cluster-io-thread-1] [org.apache.flink.runtime.rpc.akka.AkkaRpcService] [INFO] - Starting RPC endpoint for org.apache.flink.runtime.dispatcher.StandaloneDispatcher at akka://flink/user/rpc/dispatcher_2 .
2025-09-08 11:07:18,015 [flink-akka.actor.default-dispatcher-5] [org.apache.flink.runtime.resourcemanager.StandaloneResourceManager] [INFO] - Starting the resource manager.
2025-09-08 11:07:18,027 [mini-cluster-io-thread-4] [org.apache.flink.runtime.highavailability.nonha.embedded.EmbeddedLeaderService] [INFO] - Received confirmation of leadership for leader akka://flink/user/rpc/resourcemanager_1 , session=7eca0bdc-926c-4fca-b617-aa82c187c6d2
2025-09-08 11:07:18,029 [flink-akka.actor.default-dispatcher-5] [org.apache.flink.runtime.taskexecutor.TaskExecutor] [INFO] - Connecting to ResourceManager akka://flink/user/rpc/resourcemanager_1(b617aa82c187c6d27eca0bdc926c4fca).
2025-09-08 11:07:18,033 [mini-cluster-io-thread-1] [org.apache.flink.runtime.highavailability.nonha.embedded.EmbeddedLeaderService] [INFO] - Received confirmation of leadership for leader akka://flink/user/rpc/dispatcher_2 , session=1c3f7fd4-593d-4116-a248-64ddf78155d6
2025-09-08 11:07:18,056 [flink-akka.actor.default-dispatcher-9] [org.apache.flink.runtime.taskexecutor.TaskExecutor] [INFO] - Resolved ResourceManager address, beginning registration
2025-09-08 11:07:18,064 [flink-akka.actor.default-dispatcher-8] [org.apache.flink.runtime.resourcemanager.StandaloneResourceManager] [INFO] - Registering TaskManager with ResourceID 9e7ae7b9-d315-4a2f-b47c-47b63ad4a76f (akka://flink/user/rpc/taskmanager_0) at ResourceManager
2025-09-08 11:07:18,067 [flink-akka.actor.default-dispatcher-9] [org.apache.flink.runtime.taskexecutor.TaskExecutor] [INFO] - Successful registration at resource manager akka://flink/user/rpc/resourcemanager_1 under registration id ed45a23adbf6ce635f1d4171cc362535.
2025-09-08 11:07:18,068 [flink-akka.actor.default-dispatcher-5] [org.apache.flink.runtime.dispatcher.StandaloneDispatcher] [INFO] - Received JobGraph submission 'Student Activity Statistics (Processing Time)' (eb33d5f4055126f4cce71a1853e067eb).
2025-09-08 11:07:18,068 [flink-akka.actor.default-dispatcher-5] [org.apache.flink.runtime.dispatcher.StandaloneDispatcher] [INFO] - Submitting job 'Student Activity Statistics (Processing Time)' (eb33d5f4055126f4cce71a1853e067eb).
2025-09-08 11:07:18,084 [flink-akka.actor.default-dispatcher-5] [org.apache.flink.runtime.highavailability.nonha.embedded.EmbeddedLeaderService] [INFO] - Proposing leadership to contender LeaderContender: JobMasterServiceLeadershipRunner
2025-09-08 11:07:18,098 [jobmanager-io-thread-1] [org.apache.flink.runtime.rpc.akka.AkkaRpcService] [INFO] - Starting RPC endpoint for org.apache.flink.runtime.jobmaster.JobMaster at akka://flink/user/rpc/jobmanager_3 .
2025-09-08 11:07:18,107 [jobmanager-io-thread-1] [org.apache.flink.runtime.jobmaster.JobMaster] [INFO] - Initializing job 'Student Activity Statistics (Processing Time)' (eb33d5f4055126f4cce71a1853e067eb).
2025-09-08 11:07:18,131 [jobmanager-io-thread-1] [org.apache.flink.runtime.jobmaster.JobMaster] [INFO] - Using restart back off time strategy NoRestartBackoffTimeStrategy for Student Activity Statistics (Processing Time) (eb33d5f4055126f4cce71a1853e067eb).
2025-09-08 11:07:18,177 [jobmanager-io-thread-1] [org.apache.flink.runtime.jobmaster.JobMaster] [INFO] - Running initialization on master for job Student Activity Statistics (Processing Time) (eb33d5f4055126f4cce71a1853e067eb).
2025-09-08 11:07:18,177 [jobmanager-io-thread-1] [org.apache.flink.runtime.jobmaster.JobMaster] [INFO] - Successfully ran initialization on master in 0 ms.
2025-09-08 11:07:18,205 [jobmanager-io-thread-1] [org.apache.flink.runtime.scheduler.adapter.DefaultExecutionTopology] [INFO] - Built 1 new pipelined regions in 1 ms, total 1 pipelined regions currently.
2025-09-08 11:07:18,210 [jobmanager-io-thread-1] [org.apache.flink.runtime.jobmaster.JobMaster] [INFO] - No state backend has been configured, using default (HashMap) org.apache.flink.runtime.state.hashmap.HashMapStateBackend@6b830cfa
2025-09-08 11:07:18,210 [jobmanager-io-thread-1] [org.apache.flink.runtime.state.StateBackendLoader] [INFO] - State backend loader loads the state backend as HashMapStateBackend
2025-09-08 11:07:18,211 [jobmanager-io-thread-1] [org.apache.flink.runtime.jobmaster.JobMaster] [INFO] - Checkpoint storage is set to 'jobmanager'
2025-09-08 11:07:18,243 [jobmanager-io-thread-1] [org.apache.flink.runtime.checkpoint.CheckpointCoordinator] [INFO] - No checkpoint found during restore.
2025-09-08 11:07:18,250 [jobmanager-io-thread-1] [org.apache.flink.runtime.jobmaster.JobMaster] [INFO] - Using failover strategy org.apache.flink.runtime.executiongraph.failover.flip1.RestartPipelinedRegionFailoverStrategy@f441f4e for Student Activity Statistics (Processing Time) (eb33d5f4055126f4cce71a1853e067eb).
2025-09-08 11:07:18,259 [jobmanager-io-thread-1] [org.apache.flink.runtime.highavailability.nonha.embedded.EmbeddedLeaderService] [INFO] - Received confirmation of leadership for leader akka://flink/user/rpc/jobmanager_3 , session=75e82cdf-bdf5-4f35-a999-3aff65c0da6e
2025-09-08 11:07:18,263 [flink-akka.actor.default-dispatcher-5] [org.apache.flink.runtime.jobmaster.JobMaster] [INFO] - Starting execution of job 'Student Activity Statistics (Processing Time)' (eb33d5f4055126f4cce71a1853e067eb) under job master id a9993aff65c0da6e75e82cdfbdf54f35.
2025-09-08 11:07:18,265 [flink-akka.actor.default-dispatcher-5] [org.apache.flink.runtime.jobmaster.JobMaster] [INFO] - Starting scheduling with scheduling strategy [org.apache.flink.runtime.scheduler.strategy.PipelinedRegionSchedulingStrategy]
2025-09-08 11:07:18,266 [flink-akka.actor.default-dispatcher-5] [org.apache.flink.runtime.executiongraph.ExecutionGraph] [INFO] - Job Student Activity Statistics (Processing Time) (eb33d5f4055126f4cce71a1853e067eb) switched from state CREATED to RUNNING.
2025-09-08 11:07:18,270 [flink-akka.actor.default-dispatcher-5] [org.apache.flink.runtime.executiongraph.ExecutionGraph] [INFO] - Source: Custom Source (1/1) (8f1f85ec765205dcd28e222012779c8b) switched from CREATED to SCHEDULED.
2025-09-08 11:07:18,270 [flink-akka.actor.default-dispatcher-5] [org.apache.flink.runtime.executiongraph.ExecutionGraph] [INFO] - Map (1/3) (0c91d2d5328b2479a8c2fc2a2d8f678b) switched from CREATED to SCHEDULED.
2025-09-08 11:07:18,271 [flink-akka.actor.default-dispatcher-5] [org.apache.flink.runtime.executiongraph.ExecutionGraph] [INFO] - Map (2/3) (4368e91afb3e63b7b0ada7d75cc28936) switched from CREATED to SCHEDULED.
2025-09-08 11:07:18,271 [flink-akka.actor.default-dispatcher-5] [org.apache.flink.runtime.executiongraph.ExecutionGraph] [INFO] - Map (3/3) (cc1ac11b7b8b5190bde620431eb19804) switched from CREATED to SCHEDULED.
2025-09-08 11:07:18,271 [flink-akka.actor.default-dispatcher-5] [org.apache.flink.runtime.executiongraph.ExecutionGraph] [INFO] - TumblingProcessingTimeWindows -> Sink: Unnamed (1/3) (6ae9ddf525bfe3119eecf586d2c40831) switched from CREATED to SCHEDULED.
2025-09-08 11:07:18,271 [flink-akka.actor.default-dispatcher-5] [org.apache.flink.runtime.executiongraph.ExecutionGraph] [INFO] - TumblingProcessingTimeWindows -> Sink: Unnamed (2/3) (87a7cd936bdc8e07a671f65c43d7be8c) switched from CREATED to SCHEDULED.
2025-09-08 11:07:18,271 [flink-akka.actor.default-dispatcher-5] [org.apache.flink.runtime.executiongraph.ExecutionGraph] [INFO] - TumblingProcessingTimeWindows -> Sink: Unnamed (3/3) (2bd124e89cd3c9fa66295002cdd67c8f) switched from CREATED to SCHEDULED.
2025-09-08 11:07:18,285 [flink-akka.actor.default-dispatcher-5] [org.apache.flink.runtime.jobmaster.JobMaster] [INFO] - Connecting to ResourceManager akka://flink/user/rpc/resourcemanager_1(b617aa82c187c6d27eca0bdc926c4fca)
2025-09-08 11:07:18,287 [flink-akka.actor.default-dispatcher-5] [org.apache.flink.runtime.jobmaster.JobMaster] [INFO] - Resolved ResourceManager address, beginning registration
2025-09-08 11:07:18,288 [flink-akka.actor.default-dispatcher-7] [org.apache.flink.runtime.resourcemanager.StandaloneResourceManager] [INFO] - Registering job manager a9993aff65c0da6e75e82cdfbdf54f35@akka://flink/user/rpc/jobmanager_3 for job eb33d5f4055126f4cce71a1853e067eb.
2025-09-08 11:07:18,293 [flink-akka.actor.default-dispatcher-5] [org.apache.flink.runtime.resourcemanager.StandaloneResourceManager] [INFO] - Registered job manager a9993aff65c0da6e75e82cdfbdf54f35@akka://flink/user/rpc/jobmanager_3 for job eb33d5f4055126f4cce71a1853e067eb.
2025-09-08 11:07:18,294 [flink-akka.actor.default-dispatcher-7] [org.apache.flink.runtime.jobmaster.JobMaster] [INFO] - JobManager successfully registered at ResourceManager, leader id: b617aa82c187c6d27eca0bdc926c4fca.
2025-09-08 11:07:18,296 [flink-akka.actor.default-dispatcher-5] [org.apache.flink.runtime.resourcemanager.slotmanager.DeclarativeSlotManager] [INFO] - Received resource requirements from job eb33d5f4055126f4cce71a1853e067eb: [ResourceRequirement{resourceProfile=ResourceProfile{UNKNOWN}, numberOfRequiredSlots=3}]
2025-09-08 11:07:18,298 [flink-akka.actor.default-dispatcher-7] [org.apache.flink.runtime.taskexecutor.TaskExecutor] [INFO] - Receive slot request 8cd5dfc8929053cfde45b37cf6c01f86 for job eb33d5f4055126f4cce71a1853e067eb from resource manager with leader id b617aa82c187c6d27eca0bdc926c4fca.
2025-09-08 11:07:18,304 [flink-akka.actor.default-dispatcher-7] [org.apache.flink.runtime.taskexecutor.TaskExecutor] [INFO] - Allocated slot for 8cd5dfc8929053cfde45b37cf6c01f86.
2025-09-08 11:07:18,305 [flink-akka.actor.default-dispatcher-7] [org.apache.flink.runtime.taskexecutor.DefaultJobLeaderService] [INFO] - Add job eb33d5f4055126f4cce71a1853e067eb for job leader monitoring.
2025-09-08 11:07:18,307 [mini-cluster-io-thread-3] [org.apache.flink.runtime.taskexecutor.DefaultJobLeaderService] [INFO] - Try to register at job manager akka://flink/user/rpc/jobmanager_3 with leader id 75e82cdf-bdf5-4f35-a999-3aff65c0da6e.
2025-09-08 11:07:18,307 [flink-akka.actor.default-dispatcher-7] [org.apache.flink.runtime.taskexecutor.TaskExecutor] [INFO] - Receive slot request 2266f6808ea55ff50f2476604488e792 for job eb33d5f4055126f4cce71a1853e067eb from resource manager with leader id b617aa82c187c6d27eca0bdc926c4fca.
2025-09-08 11:07:18,307 [flink-akka.actor.default-dispatcher-7] [org.apache.flink.runtime.taskexecutor.TaskExecutor] [INFO] - Allocated slot for 2266f6808ea55ff50f2476604488e792.
2025-09-08 11:07:18,307 [flink-akka.actor.default-dispatcher-7] [org.apache.flink.runtime.taskexecutor.TaskExecutor] [INFO] - Receive slot request d4ffea9bafd6d7b572be05561b070521 for job eb33d5f4055126f4cce71a1853e067eb from resource manager with leader id b617aa82c187c6d27eca0bdc926c4fca.
2025-09-08 11:07:18,307 [flink-akka.actor.default-dispatcher-8] [org.apache.flink.runtime.taskexecutor.DefaultJobLeaderService] [INFO] - Resolved JobManager address, beginning registration
2025-09-08 11:07:18,307 [flink-akka.actor.default-dispatcher-7] [org.apache.flink.runtime.taskexecutor.TaskExecutor] [INFO] - Allocated slot for d4ffea9bafd6d7b572be05561b070521.
2025-09-08 11:07:18,311 [flink-akka.actor.default-dispatcher-9] [org.apache.flink.runtime.taskexecutor.DefaultJobLeaderService] [INFO] - Successful registration at job manager akka://flink/user/rpc/jobmanager_3 for job eb33d5f4055126f4cce71a1853e067eb.
2025-09-08 11:07:18,312 [flink-akka.actor.default-dispatcher-9] [org.apache.flink.runtime.taskexecutor.TaskExecutor] [INFO] - Establish JobManager connection for job eb33d5f4055126f4cce71a1853e067eb.
2025-09-08 11:07:18,314 [flink-akka.actor.default-dispatcher-9] [org.apache.flink.runtime.taskexecutor.TaskExecutor] [INFO] - Offer reserved slots to the leader of job eb33d5f4055126f4cce71a1853e067eb.
2025-09-08 11:07:18,322 [flink-akka.actor.default-dispatcher-5] [org.apache.flink.runtime.executiongraph.ExecutionGraph] [INFO] - Source: Custom Source (1/1) (8f1f85ec765205dcd28e222012779c8b) switched from SCHEDULED to DEPLOYING.
2025-09-08 11:07:18,331 [flink-akka.actor.default-dispatcher-5] [org.apache.flink.runtime.executiongraph.ExecutionGraph] [INFO] - Deploying Source: Custom Source (1/1) (attempt #0) with attempt id 8f1f85ec765205dcd28e222012779c8b and vertex id bc764cd8ddf7a0cff126f51c16239658_0 to 9e7ae7b9-d315-4a2f-b47c-47b63ad4a76f @ 127.0.0.1 (dataPort=-1) with allocation id 2266f6808ea55ff50f2476604488e792
2025-09-08 11:07:18,334 [flink-akka.actor.default-dispatcher-5] [org.apache.flink.runtime.executiongraph.ExecutionGraph] [INFO] - Map (1/3) (0c91d2d5328b2479a8c2fc2a2d8f678b) switched from SCHEDULED to DEPLOYING.
2025-09-08 11:07:18,334 [flink-akka.actor.default-dispatcher-5] [org.apache.flink.runtime.executiongraph.ExecutionGraph] [INFO] - Deploying Map (1/3) (attempt #0) with attempt id 0c91d2d5328b2479a8c2fc2a2d8f678b and vertex id 0a448493b4782967b150582570326227_0 to 9e7ae7b9-d315-4a2f-b47c-47b63ad4a76f @ 127.0.0.1 (dataPort=-1) with allocation id 2266f6808ea55ff50f2476604488e792
2025-09-08 11:07:18,335 [flink-akka.actor.default-dispatcher-9] [org.apache.flink.runtime.taskexecutor.slot.TaskSlotTableImpl] [INFO] - Activate slot 2266f6808ea55ff50f2476604488e792.
2025-09-08 11:07:18,338 [flink-akka.actor.default-dispatcher-5] [org.apache.flink.runtime.executiongraph.ExecutionGraph] [INFO] - Map (2/3) (4368e91afb3e63b7b0ada7d75cc28936) switched from SCHEDULED to DEPLOYING.
2025-09-08 11:07:18,338 [flink-akka.actor.default-dispatcher-5] [org.apache.flink.runtime.executiongraph.ExecutionGraph] [INFO] - Deploying Map (2/3) (attempt #0) with attempt id 4368e91afb3e63b7b0ada7d75cc28936 and vertex id 0a448493b4782967b150582570326227_1 to 9e7ae7b9-d315-4a2f-b47c-47b63ad4a76f @ 127.0.0.1 (dataPort=-1) with allocation id d4ffea9bafd6d7b572be05561b070521
2025-09-08 11:07:18,339 [flink-akka.actor.default-dispatcher-5] [org.apache.flink.runtime.executiongraph.ExecutionGraph] [INFO] - Map (3/3) (cc1ac11b7b8b5190bde620431eb19804) switched from SCHEDULED to DEPLOYING.
2025-09-08 11:07:18,339 [flink-akka.actor.default-dispatcher-5] [org.apache.flink.runtime.executiongraph.ExecutionGraph] [INFO] - Deploying Map (3/3) (attempt #0) with attempt id cc1ac11b7b8b5190bde620431eb19804 and vertex id 0a448493b4782967b150582570326227_2 to 9e7ae7b9-d315-4a2f-b47c-47b63ad4a76f @ 127.0.0.1 (dataPort=-1) with allocation id 8cd5dfc8929053cfde45b37cf6c01f86
2025-09-08 11:07:18,339 [flink-akka.actor.default-dispatcher-5] [org.apache.flink.runtime.executiongraph.ExecutionGraph] [INFO] - TumblingProcessingTimeWindows -> Sink: Unnamed (1/3) (6ae9ddf525bfe3119eecf586d2c40831) switched from SCHEDULED to DEPLOYING.
2025-09-08 11:07:18,339 [flink-akka.actor.default-dispatcher-5] [org.apache.flink.runtime.executiongraph.ExecutionGraph] [INFO] - Deploying TumblingProcessingTimeWindows -> Sink: Unnamed (1/3) (attempt #0) with attempt id 6ae9ddf525bfe3119eecf586d2c40831 and vertex id e70bbd798b564e0a50e10e343f1ac56b_0 to 9e7ae7b9-d315-4a2f-b47c-47b63ad4a76f @ 127.0.0.1 (dataPort=-1) with allocation id 2266f6808ea55ff50f2476604488e792
2025-09-08 11:07:18,340 [flink-akka.actor.default-dispatcher-5] [org.apache.flink.runtime.executiongraph.ExecutionGraph] [INFO] - TumblingProcessingTimeWindows -> Sink: Unnamed (2/3) (87a7cd936bdc8e07a671f65c43d7be8c) switched from SCHEDULED to DEPLOYING.
2025-09-08 11:07:18,340 [flink-akka.actor.default-dispatcher-5] [org.apache.flink.runtime.executiongraph.ExecutionGraph] [INFO] - Deploying TumblingProcessingTimeWindows -> Sink: Unnamed (2/3) (attempt #0) with attempt id 87a7cd936bdc8e07a671f65c43d7be8c and vertex id e70bbd798b564e0a50e10e343f1ac56b_1 to 9e7ae7b9-d315-4a2f-b47c-47b63ad4a76f @ 127.0.0.1 (dataPort=-1) with allocation id d4ffea9bafd6d7b572be05561b070521
2025-09-08 11:07:18,340 [flink-akka.actor.default-dispatcher-5] [org.apache.flink.runtime.executiongraph.ExecutionGraph] [INFO] - TumblingProcessingTimeWindows -> Sink: Unnamed (3/3) (2bd124e89cd3c9fa66295002cdd67c8f) switched from SCHEDULED to DEPLOYING.
2025-09-08 11:07:18,340 [flink-akka.actor.default-dispatcher-5] [org.apache.flink.runtime.executiongraph.ExecutionGraph] [INFO] - Deploying TumblingProcessingTimeWindows -> Sink: Unnamed (3/3) (attempt #0) with attempt id 2bd124e89cd3c9fa66295002cdd67c8f and vertex id e70bbd798b564e0a50e10e343f1ac56b_2 to 9e7ae7b9-d315-4a2f-b47c-47b63ad4a76f @ 127.0.0.1 (dataPort=-1) with allocation id 8cd5dfc8929053cfde45b37cf6c01f86
2025-09-08 11:07:18,344 [flink-akka.actor.default-dispatcher-9] [org.apache.flink.runtime.state.changelog.StateChangelogStorageLoader] [INFO] - StateChangelogStorageLoader initialized with shortcut names {memory}.
2025-09-08 11:07:18,345 [flink-akka.actor.default-dispatcher-9] [org.apache.flink.runtime.state.changelog.StateChangelogStorageLoader] [INFO] - Creating a changelog storage with name 'memory'.
2025-09-08 11:07:18,361 [flink-akka.actor.default-dispatcher-9] [org.apache.flink.runtime.taskexecutor.TaskExecutor] [INFO] - Received task Source: Custom Source (1/1)#0 (8f1f85ec765205dcd28e222012779c8b), deploy into slot with allocation id 2266f6808ea55ff50f2476604488e792.
2025-09-08 11:07:18,362 [Source: Custom Source (1/1)#0] [org.apache.flink.runtime.taskmanager.Task] [INFO] - Source: Custom Source (1/1)#0 (8f1f85ec765205dcd28e222012779c8b) switched from CREATED to DEPLOYING.
2025-09-08 11:07:18,363 [flink-akka.actor.default-dispatcher-9] [org.apache.flink.runtime.taskexecutor.slot.TaskSlotTableImpl] [INFO] - Activate slot 2266f6808ea55ff50f2476604488e792.
2025-09-08 11:07:18,366 [Source: Custom Source (1/1)#0] [org.apache.flink.runtime.taskmanager.Task] [INFO] - Loading JAR files for task Source: Custom Source (1/1)#0 (8f1f85ec765205dcd28e222012779c8b) [DEPLOYING].
2025-09-08 11:07:18,375 [flink-akka.actor.default-dispatcher-9] [org.apache.flink.runtime.taskexecutor.TaskExecutor] [INFO] - Received task Map (1/3)#0 (0c91d2d5328b2479a8c2fc2a2d8f678b), deploy into slot with allocation id 2266f6808ea55ff50f2476604488e792.
2025-09-08 11:07:18,375 [Map (1/3)#0] [org.apache.flink.runtime.taskmanager.Task] [INFO] - Map (1/3)#0 (0c91d2d5328b2479a8c2fc2a2d8f678b) switched from CREATED to DEPLOYING.
2025-09-08 11:07:18,375 [flink-akka.actor.default-dispatcher-9] [org.apache.flink.runtime.taskexecutor.slot.TaskSlotTableImpl] [INFO] - Activate slot d4ffea9bafd6d7b572be05561b070521.
2025-09-08 11:07:18,376 [Map (1/3)#0] [org.apache.flink.runtime.taskmanager.Task] [INFO] - Loading JAR files for task Map (1/3)#0 (0c91d2d5328b2479a8c2fc2a2d8f678b) [DEPLOYING].
2025-09-08 11:07:18,379 [flink-akka.actor.default-dispatcher-9] [org.apache.flink.runtime.taskexecutor.TaskExecutor] [INFO] - Received task Map (2/3)#0 (4368e91afb3e63b7b0ada7d75cc28936), deploy into slot with allocation id d4ffea9bafd6d7b572be05561b070521.
2025-09-08 11:07:18,379 [Map (2/3)#0] [org.apache.flink.runtime.taskmanager.Task] [INFO] - Map (2/3)#0 (4368e91afb3e63b7b0ada7d75cc28936) switched from CREATED to DEPLOYING.
2025-09-08 11:07:18,379 [flink-akka.actor.default-dispatcher-9] [org.apache.flink.runtime.taskexecutor.slot.TaskSlotTableImpl] [INFO] - Activate slot 8cd5dfc8929053cfde45b37cf6c01f86.
2025-09-08 11:07:18,380 [Map (2/3)#0] [org.apache.flink.runtime.taskmanager.Task] [INFO] - Loading JAR files for task Map (2/3)#0 (4368e91afb3e63b7b0ada7d75cc28936) [DEPLOYING].
2025-09-08 11:07:18,383 [flink-akka.actor.default-dispatcher-9] [org.apache.flink.runtime.taskexecutor.TaskExecutor] [INFO] - Received task Map (3/3)#0 (cc1ac11b7b8b5190bde620431eb19804), deploy into slot with allocation id 8cd5dfc8929053cfde45b37cf6c01f86.
2025-09-08 11:07:18,383 [Map (3/3)#0] [org.apache.flink.runtime.taskmanager.Task] [INFO] - Map (3/3)#0 (cc1ac11b7b8b5190bde620431eb19804) switched from CREATED to DEPLOYING.
2025-09-08 11:07:18,383 [flink-akka.actor.default-dispatcher-9] [org.apache.flink.runtime.taskexecutor.slot.TaskSlotTableImpl] [INFO] - Activate slot 2266f6808ea55ff50f2476604488e792.
2025-09-08 11:07:18,383 [Map (3/3)#0] [org.apache.flink.runtime.taskmanager.Task] [INFO] - Loading JAR files for task Map (3/3)#0 (cc1ac11b7b8b5190bde620431eb19804) [DEPLOYING].
2025-09-08 11:07:18,386 [flink-akka.actor.default-dispatcher-9] [org.apache.flink.runtime.taskexecutor.TaskExecutor] [INFO] - Received task TumblingProcessingTimeWindows -> Sink: Unnamed (1/3)#0 (6ae9ddf525bfe3119eecf586d2c40831), deploy into slot with allocation id 2266f6808ea55ff50f2476604488e792.
2025-09-08 11:07:18,387 [flink-akka.actor.default-dispatcher-9] [org.apache.flink.runtime.taskexecutor.slot.TaskSlotTableImpl] [INFO] - Activate slot d4ffea9bafd6d7b572be05561b070521.
2025-09-08 11:07:18,388 [TumblingProcessingTimeWindows -> Sink: Unnamed (1/3)#0] [org.apache.flink.runtime.taskmanager.Task] [INFO] - TumblingProcessingTimeWindows -> Sink: Unnamed (1/3)#0 (6ae9ddf525bfe3119eecf586d2c40831) switched from CREATED to DEPLOYING.
2025-09-08 11:07:18,388 [TumblingProcessingTimeWindows -> Sink: Unnamed (1/3)#0] [org.apache.flink.runtime.taskmanager.Task] [INFO] - Loading JAR files for task TumblingProcessingTimeWindows -> Sink: Unnamed (1/3)#0 (6ae9ddf525bfe3119eecf586d2c40831) [DEPLOYING].
2025-09-08 11:07:18,390 [flink-akka.actor.default-dispatcher-9] [org.apache.flink.runtime.taskexecutor.TaskExecutor] [INFO] - Received task TumblingProcessingTimeWindows -> Sink: Unnamed (2/3)#0 (87a7cd936bdc8e07a671f65c43d7be8c), deploy into slot with allocation id d4ffea9bafd6d7b572be05561b070521.
2025-09-08 11:07:18,391 [flink-akka.actor.default-dispatcher-9] [org.apache.flink.runtime.taskexecutor.slot.TaskSlotTableImpl] [INFO] - Activate slot 8cd5dfc8929053cfde45b37cf6c01f86.
2025-09-08 11:07:18,393 [TumblingProcessingTimeWindows -> Sink: Unnamed (2/3)#0] [org.apache.flink.runtime.taskmanager.Task] [INFO] - TumblingProcessingTimeWindows -> Sink: Unnamed (2/3)#0 (87a7cd936bdc8e07a671f65c43d7be8c) switched from CREATED to DEPLOYING.
2025-09-08 11:07:18,393 [TumblingProcessingTimeWindows -> Sink: Unnamed (2/3)#0] [org.apache.flink.runtime.taskmanager.Task] [INFO] - Loading JAR files for task TumblingProcessingTimeWindows -> Sink: Unnamed (2/3)#0 (87a7cd936bdc8e07a671f65c43d7be8c) [DEPLOYING].
2025-09-08 11:07:18,394 [flink-akka.actor.default-dispatcher-9] [org.apache.flink.runtime.taskexecutor.TaskExecutor] [INFO] - Received task TumblingProcessingTimeWindows -> Sink: Unnamed (3/3)#0 (2bd124e89cd3c9fa66295002cdd67c8f), deploy into slot with allocation id 8cd5dfc8929053cfde45b37cf6c01f86.
2025-09-08 11:07:18,395 [TumblingProcessingTimeWindows -> Sink: Unnamed (3/3)#0] [org.apache.flink.runtime.taskmanager.Task] [INFO] - TumblingProcessingTimeWindows -> Sink: Unnamed (3/3)#0 (2bd124e89cd3c9fa66295002cdd67c8f) switched from CREATED to DEPLOYING.
2025-09-08 11:07:18,395 [flink-akka.actor.default-dispatcher-9] [org.apache.flink.runtime.taskexecutor.slot.TaskSlotTableImpl] [INFO] - Activate slot 2266f6808ea55ff50f2476604488e792.
2025-09-08 11:07:18,396 [TumblingProcessingTimeWindows -> Sink: Unnamed (3/3)#0] [org.apache.flink.runtime.taskmanager.Task] [INFO] - Loading JAR files for task TumblingProcessingTimeWindows -> Sink: Unnamed (3/3)#0 (2bd124e89cd3c9fa66295002cdd67c8f) [DEPLOYING].
2025-09-08 11:07:18,396 [flink-akka.actor.default-dispatcher-9] [org.apache.flink.runtime.taskexecutor.slot.TaskSlotTableImpl] [INFO] - Activate slot 8cd5dfc8929053cfde45b37cf6c01f86.
2025-09-08 11:07:18,397 [flink-akka.actor.default-dispatcher-9] [org.apache.flink.runtime.taskexecutor.slot.TaskSlotTableImpl] [INFO] - Activate slot d4ffea9bafd6d7b572be05561b070521.
2025-09-08 11:07:18,405 [TumblingProcessingTimeWindows -> Sink: Unnamed (3/3)#0] [org.apache.flink.streaming.runtime.tasks.StreamTask] [INFO] - No state backend has been configured, using default (HashMap) org.apache.flink.runtime.state.hashmap.HashMapStateBackend@3f547f5f
2025-09-08 11:07:18,406 [TumblingProcessingTimeWindows -> Sink: Unnamed (3/3)#0] [org.apache.flink.runtime.state.StateBackendLoader] [INFO] - State backend loader loads the state backend as HashMapStateBackend
2025-09-08 11:07:18,406 [TumblingProcessingTimeWindows -> Sink: Unnamed (1/3)#0] [org.apache.flink.streaming.runtime.tasks.StreamTask] [INFO] - No state backend has been configured, using default (HashMap) org.apache.flink.runtime.state.hashmap.HashMapStateBackend@1fd247c7
2025-09-08 11:07:18,407 [TumblingProcessingTimeWindows -> Sink: Unnamed (1/3)#0] [org.apache.flink.runtime.state.StateBackendLoader] [INFO] - State backend loader loads the state backend as HashMapStateBackend
2025-09-08 11:07:18,405 [TumblingProcessingTimeWindows -> Sink: Unnamed (2/3)#0] [org.apache.flink.streaming.runtime.tasks.StreamTask] [INFO] - No state backend has been configured, using default (HashMap) org.apache.flink.runtime.state.hashmap.HashMapStateBackend@6de5f352
2025-09-08 11:07:18,407 [TumblingProcessingTimeWindows -> Sink: Unnamed (1/3)#0] [org.apache.flink.streaming.runtime.tasks.StreamTask] [INFO] - Checkpoint storage is set to 'jobmanager'
2025-09-08 11:07:18,407 [TumblingProcessingTimeWindows -> Sink: Unnamed (3/3)#0] [org.apache.flink.streaming.runtime.tasks.StreamTask] [INFO] - Checkpoint storage is set to 'jobmanager'
2025-09-08 11:07:18,407 [TumblingProcessingTimeWindows -> Sink: Unnamed (2/3)#0] [org.apache.flink.runtime.state.StateBackendLoader] [INFO] - State backend loader loads the state backend as HashMapStateBackend
2025-09-08 11:07:18,407 [TumblingProcessingTimeWindows -> Sink: Unnamed (2/3)#0] [org.apache.flink.streaming.runtime.tasks.StreamTask] [INFO] - Checkpoint storage is set to 'jobmanager'
2025-09-08 11:07:18,408 [Map (3/3)#0] [org.apache.flink.streaming.runtime.tasks.StreamTask] [INFO] - No state backend has been configured, using default (HashMap) org.apache.flink.runtime.state.hashmap.HashMapStateBackend@4c510022
2025-09-08 11:07:18,408 [Map (1/3)#0] [org.apache.flink.streaming.runtime.tasks.StreamTask] [INFO] - No state backend has been configured, using default (HashMap) org.apache.flink.runtime.state.hashmap.HashMapStateBackend@291b9a09
2025-09-08 11:07:18,408 [Source: Custom Source (1/1)#0] [org.apache.flink.streaming.runtime.tasks.StreamTask] [INFO] - No state backend has been configured, using default (HashMap) org.apache.flink.runtime.state.hashmap.HashMapStateBackend@76fbd604
2025-09-08 11:07:18,408 [Map (2/3)#0] [org.apache.flink.streaming.runtime.tasks.StreamTask] [INFO] - No state backend has been configured, using default (HashMap) org.apache.flink.runtime.state.hashmap.HashMapStateBackend@59019376
2025-09-08 11:07:18,408 [Source: Custom Source (1/1)#0] [org.apache.flink.runtime.state.StateBackendLoader] [INFO] - State backend loader loads the state backend as HashMapStateBackend
2025-09-08 11:07:18,408 [Map (1/3)#0] [org.apache.flink.runtime.state.StateBackendLoader] [INFO] - State backend loader loads the state backend as HashMapStateBackend
2025-09-08 11:07:18,408 [Map (3/3)#0] [org.apache.flink.runtime.state.StateBackendLoader] [INFO] - State backend loader loads the state backend as HashMapStateBackend
2025-09-08 11:07:18,409 [Map (3/3)#0] [org.apache.flink.streaming.runtime.tasks.StreamTask] [INFO] - Checkpoint storage is set to 'jobmanager'
2025-09-08 11:07:18,409 [Map (1/3)#0] [org.apache.flink.streaming.runtime.tasks.StreamTask] [INFO] - Checkpoint storage is set to 'jobmanager'
2025-09-08 11:07:18,408 [Source: Custom Source (1/1)#0] [org.apache.flink.streaming.runtime.tasks.StreamTask] [INFO] - Checkpoint storage is set to 'jobmanager'
2025-09-08 11:07:18,408 [Map (2/3)#0] [org.apache.flink.runtime.state.StateBackendLoader] [INFO] - State backend loader loads the state backend as HashMapStateBackend
2025-09-08 11:07:18,409 [Map (2/3)#0] [org.apache.flink.streaming.runtime.tasks.StreamTask] [INFO] - Checkpoint storage is set to 'jobmanager'
2025-09-08 11:07:18,415 [Map (2/3)#0] [org.apache.flink.runtime.taskmanager.Task] [INFO] - Map (2/3)#0 (4368e91afb3e63b7b0ada7d75cc28936) switched from DEPLOYING to INITIALIZING.
2025-09-08 11:07:18,415 [TumblingProcessingTimeWindows -> Sink: Unnamed (2/3)#0] [org.apache.flink.runtime.taskmanager.Task] [INFO] - TumblingProcessingTimeWindows -> Sink: Unnamed (2/3)#0 (87a7cd936bdc8e07a671f65c43d7be8c) switched from DEPLOYING to INITIALIZING.
2025-09-08 11:07:18,415 [Map (1/3)#0] [org.apache.flink.runtime.taskmanager.Task] [INFO] - Map (1/3)#0 (0c91d2d5328b2479a8c2fc2a2d8f678b) switched from DEPLOYING to INITIALIZING.
2025-09-08 11:07:18,415 [TumblingProcessingTimeWindows -> Sink: Unnamed (1/3)#0] [org.apache.flink.runtime.taskmanager.Task] [INFO] - TumblingProcessingTimeWindows -> Sink: Unnamed (1/3)#0 (6ae9ddf525bfe3119eecf586d2c40831) switched from DEPLOYING to INITIALIZING.
2025-09-08 11:07:18,415 [TumblingProcessingTimeWindows -> Sink: Unnamed (3/3)#0] [org.apache.flink.runtime.taskmanager.Task] [INFO] - TumblingProcessingTimeWindows -> Sink: Unnamed (3/3)#0 (2bd124e89cd3c9fa66295002cdd67c8f) switched from DEPLOYING to INITIALIZING.
2025-09-08 11:07:18,415 [Map (3/3)#0] [org.apache.flink.runtime.taskmanager.Task] [INFO] - Map (3/3)#0 (cc1ac11b7b8b5190bde620431eb19804) switched from DEPLOYING to INITIALIZING.
2025-09-08 11:07:18,416 [Source: Custom Source (1/1)#0] [org.apache.flink.runtime.taskmanager.Task] [INFO] - Source: Custom Source (1/1)#0 (8f1f85ec765205dcd28e222012779c8b) switched from DEPLOYING to INITIALIZING.
2025-09-08 11:07:18,417 [flink-akka.actor.default-dispatcher-9] [org.apache.flink.runtime.executiongraph.ExecutionGraph] [INFO] - Map (2/3) (4368e91afb3e63b7b0ada7d75cc28936) switched from DEPLOYING to INITIALIZING.
2025-09-08 11:07:18,418 [flink-akka.actor.default-dispatcher-9] [org.apache.flink.runtime.executiongraph.ExecutionGraph] [INFO] - TumblingProcessingTimeWindows -> Sink: Unnamed (2/3) (87a7cd936bdc8e07a671f65c43d7be8c) switched from DEPLOYING to INITIALIZING.
2025-09-08 11:07:18,418 [flink-akka.actor.default-dispatcher-9] [org.apache.flink.runtime.executiongraph.ExecutionGraph] [INFO] - Map (1/3) (0c91d2d5328b2479a8c2fc2a2d8f678b) switched from DEPLOYING to INITIALIZING.
2025-09-08 11:07:18,419 [flink-akka.actor.default-dispatcher-9] [org.apache.flink.runtime.executiongraph.ExecutionGraph] [INFO] - TumblingProcessingTimeWindows -> Sink: Unnamed (1/3) (6ae9ddf525bfe3119eecf586d2c40831) switched from DEPLOYING to INITIALIZING.
2025-09-08 11:07:18,419 [flink-akka.actor.default-dispatcher-9] [org.apache.flink.runtime.executiongraph.ExecutionGraph] [INFO] - TumblingProcessingTimeWindows -> Sink: Unnamed (3/3) (2bd124e89cd3c9fa66295002cdd67c8f) switched from DEPLOYING to INITIALIZING.
2025-09-08 11:07:18,419 [flink-akka.actor.default-dispatcher-9] [org.apache.flink.runtime.executiongraph.ExecutionGraph] [INFO] - Map (3/3) (cc1ac11b7b8b5190bde620431eb19804) switched from DEPLOYING to INITIALIZING.
2025-09-08 11:07:18,420 [flink-akka.actor.default-dispatcher-9] [org.apache.flink.runtime.executiongraph.ExecutionGraph] [INFO] - Source: Custom Source (1/1) (8f1f85ec765205dcd28e222012779c8b) switched from DEPLOYING to INITIALIZING.
2025-09-08 11:07:18,490 [Source: Custom Source (1/1)#0] [org.apache.flink.runtime.taskmanager.Task] [INFO] - Source: Custom Source (1/1)#0 (8f1f85ec765205dcd28e222012779c8b) switched from INITIALIZING to RUNNING.
2025-09-08 11:07:18,491 [flink-akka.actor.default-dispatcher-9] [org.apache.flink.runtime.executiongraph.ExecutionGraph] [INFO] - Source: Custom Source (1/1) (8f1f85ec765205dcd28e222012779c8b) switched from INITIALIZING to RUNNING.
2025-09-08 11:07:18,494 [Map (1/3)#0] [org.apache.flink.runtime.taskmanager.Task] [INFO] - Map (1/3)#0 (0c91d2d5328b2479a8c2fc2a2d8f678b) switched from INITIALIZING to RUNNING.
2025-09-08 11:07:18,495 [Map (3/3)#0] [org.apache.flink.runtime.taskmanager.Task] [INFO] - Map (3/3)#0 (cc1ac11b7b8b5190bde620431eb19804) switched from INITIALIZING to RUNNING.
2025-09-08 11:07:18,494 [Map (2/3)#0] [org.apache.flink.runtime.taskmanager.Task] [INFO] - Map (2/3)#0 (4368e91afb3e63b7b0ada7d75cc28936) switched from INITIALIZING to RUNNING.
2025-09-08 11:07:18,495 [flink-akka.actor.default-dispatcher-5] [org.apache.flink.runtime.executiongraph.ExecutionGraph] [INFO] - Map (1/3) (0c91d2d5328b2479a8c2fc2a2d8f678b) switched from INITIALIZING to RUNNING.
2025-09-08 11:07:18,495 [flink-akka.actor.default-dispatcher-5] [org.apache.flink.runtime.executiongraph.ExecutionGraph] [INFO] - Map (3/3) (cc1ac11b7b8b5190bde620431eb19804) switched from INITIALIZING to RUNNING.
2025-09-08 11:07:18,496 [flink-akka.actor.default-dispatcher-5] [org.apache.flink.runtime.executiongraph.ExecutionGraph] [INFO] - Map (2/3) (4368e91afb3e63b7b0ada7d75cc28936) switched from INITIALIZING to RUNNING.
2025-09-08 11:07:18,503 [Legacy Source Thread - Source: Custom Source (1/1)#0] [org.example.app.StudentActivityStatistics] [INFO] - 1,王1,01,0,1
2025-09-08 11:07:19,234 [TumblingProcessingTimeWindows -> Sink: Unnamed (1/3)#0] [org.example.app.StudentActivityStatistics] [INFO] - 数据库连接成功
2025-09-08 11:07:19,234 [TumblingProcessingTimeWindows -> Sink: Unnamed (3/3)#0] [org.example.app.StudentActivityStatistics] [INFO] - 数据库连接成功
2025-09-08 11:07:19,234 [TumblingProcessingTimeWindows -> Sink: Unnamed (2/3)#0] [org.example.app.StudentActivityStatistics] [INFO] - 数据库连接成功
2025-09-08 11:07:19,246 [TumblingProcessingTimeWindows -> Sink: Unnamed (2/3)#0] [org.apache.flink.runtime.state.heap.HeapKeyedStateBackendBuilder] [INFO] - Finished to build heap keyed state-backend.
2025-09-08 11:07:19,246 [TumblingProcessingTimeWindows -> Sink: Unnamed (1/3)#0] [org.apache.flink.runtime.state.heap.HeapKeyedStateBackendBuilder] [INFO] - Finished to build heap keyed state-backend.
2025-09-08 11:07:19,246 [TumblingProcessingTimeWindows -> Sink: Unnamed (3/3)#0] [org.apache.flink.runtime.state.heap.HeapKeyedStateBackendBuilder] [INFO] - Finished to build heap keyed state-backend.
2025-09-08 11:07:19,254 [TumblingProcessingTimeWindows -> Sink: Unnamed (1/3)#0] [org.apache.flink.runtime.state.heap.HeapKeyedStateBackend] [INFO] - Initializing heap keyed state backend with stream factory.
2025-09-08 11:07:19,254 [TumblingProcessingTimeWindows -> Sink: Unnamed (3/3)#0] [org.apache.flink.runtime.state.heap.HeapKeyedStateBackend] [INFO] - Initializing heap keyed state backend with stream factory.
2025-09-08 11:07:19,254 [TumblingProcessingTimeWindows -> Sink: Unnamed (2/3)#0] [org.apache.flink.runtime.state.heap.HeapKeyedStateBackend] [INFO] - Initializing heap keyed state backend with stream factory.
2025-09-08 11:07:19,269 [TumblingProcessingTimeWindows -> Sink: Unnamed (2/3)#0] [org.apache.flink.runtime.taskmanager.Task] [INFO] - TumblingProcessingTimeWindows -> Sink: Unnamed (2/3)#0 (87a7cd936bdc8e07a671f65c43d7be8c) switched from INITIALIZING to RUNNING.
2025-09-08 11:07:19,269 [TumblingProcessingTimeWindows -> Sink: Unnamed (3/3)#0] [org.apache.flink.runtime.taskmanager.Task] [INFO] - TumblingProcessingTimeWindows -> Sink: Unnamed (3/3)#0 (2bd124e89cd3c9fa66295002cdd67c8f) switched from INITIALIZING to RUNNING.
2025-09-08 11:07:19,269 [TumblingProcessingTimeWindows -> Sink: Unnamed (1/3)#0] [org.apache.flink.runtime.taskmanager.Task] [INFO] - TumblingProcessingTimeWindows -> Sink: Unnamed (1/3)#0 (6ae9ddf525bfe3119eecf586d2c40831) switched from INITIALIZING to RUNNING.
2025-09-08 11:07:19,270 [flink-akka.actor.default-dispatcher-8] [org.apache.flink.runtime.executiongraph.ExecutionGraph] [INFO] - TumblingProcessingTimeWindows -> Sink: Unnamed (2/3) (87a7cd936bdc8e07a671f65c43d7be8c) switched from INITIALIZING to RUNNING.
2025-09-08 11:07:19,271 [flink-akka.actor.default-dispatcher-8] [org.apache.flink.runtime.executiongraph.ExecutionGraph] [INFO] - TumblingProcessingTimeWindows -> Sink: Unnamed (1/3) (6ae9ddf525bfe3119eecf586d2c40831) switched from INITIALIZING to RUNNING.
2025-09-08 11:07:19,271 [flink-akka.actor.default-dispatcher-8] [org.apache.flink.runtime.executiongraph.ExecutionGraph] [INFO] - TumblingProcessingTimeWindows -> Sink: Unnamed (3/3) (2bd124e89cd3c9fa66295002cdd67c8f) switched from INITIALIZING to RUNNING.
2025-09-08 11:07:19,271 [TumblingProcessingTimeWindows -> Sink: Unnamed (2/3)#0] [org.example.app.StudentActivityStatistics] [WARN] - 累加器处理数据 {} (1,王1,01,0,1)
2025-09-08 11:07:28,503 [Legacy Source Thread - Source: Custom Source (1/1)#0] [org.example.app.StudentActivityStatistics] [INFO] - 0,王0,01,1,0
2025-09-08 11:07:28,660 [TumblingProcessingTimeWindows -> Sink: Unnamed (3/3)#0] [org.example.app.StudentActivityStatistics] [WARN] - 累加器处理数据 {} (0,王0,01,1,0)
2025-09-08 11:07:38,503 [Legacy Source Thread - Source: Custom Source (1/1)#0] [org.example.app.StudentActivityStatistics] [INFO] - 2,王2,01,0,2
2025-09-08 11:07:38,613 [TumblingProcessingTimeWindows -> Sink: Unnamed (1/3)#0] [org.example.app.StudentActivityStatistics] [WARN] - 累加器处理数据 {} (2,王2,01,0,2)
2025-09-08 11:07:48,504 [Legacy Source Thread - Source: Custom Source (1/1)#0] [org.example.app.StudentActivityStatistics] [INFO] - 2,王2,01,2,4
2025-09-08 11:07:48,665 [TumblingProcessingTimeWindows -> Sink: Unnamed (1/3)#0] [org.example.app.StudentActivityStatistics] [WARN] - 累加器处理数据 {} (2,王2,01,2,4)
2025-09-08 11:07:58,504 [Legacy Source Thread - Source: Custom Source (1/1)#0] [org.example.app.StudentActivityStatistics] [INFO] - 1,王1,01,1,1
2025-09-08 11:07:58,617 [TumblingProcessingTimeWindows -> Sink: Unnamed (2/3)#0] [org.example.app.StudentActivityStatistics] [WARN] - 累加器处理数据 {} (1,王1,01,1,1)
2025-09-08 11:08:00,004 [TumblingProcessingTimeWindows -> Sink: Unnamed (2/3)#0] [org.example.app.StudentActivityStatistics] [WARN] - 2025-09-08 11:08 数据聚合之后 ： StudentActivityResult{studentId='1', studentName='王1', classId='01', windowStart='2025-09-08 11:07', windowEnd='2025-09-08 11:08', totalScore=1, totalTimeCost=2, activityCount=2}
2025-09-08 11:08:00,004 [TumblingProcessingTimeWindows -> Sink: Unnamed (1/3)#0] [org.example.app.StudentActivityStatistics] [WARN] - 2025-09-08 11:08 数据聚合之后 ： StudentActivityResult{studentId='2', studentName='王2', classId='01', windowStart='2025-09-08 11:07', windowEnd='2025-09-08 11:08', totalScore=2, totalTimeCost=6, activityCount=2}
2025-09-08 11:08:00,004 [TumblingProcessingTimeWindows -> Sink: Unnamed (3/3)#0] [org.example.app.StudentActivityStatistics] [WARN] - 2025-09-08 11:08 数据聚合之后 ： StudentActivityResult{studentId='0', studentName='王0', classId='01', windowStart='2025-09-08 11:07', windowEnd='2025-09-08 11:08', totalScore=1, totalTimeCost=0, activityCount=1}
2025-09-08 11:08:00,005 [TumblingProcessingTimeWindows -> Sink: Unnamed (2/3)#0] [org.apache.flink.api.java.typeutils.runtime.kryo.KryoSerializer] [INFO] - Kryo serializer scala extensions are not available.
2025-09-08 11:08:00,006 [TumblingProcessingTimeWindows -> Sink: Unnamed (3/3)#0] [org.apache.flink.api.java.typeutils.runtime.kryo.KryoSerializer] [INFO] - Kryo serializer scala extensions are not available.
2025-09-08 11:08:00,007 [TumblingProcessingTimeWindows -> Sink: Unnamed (1/3)#0] [org.apache.flink.api.java.typeutils.runtime.kryo.KryoSerializer] [INFO] - Kryo serializer scala extensions are not available.
2025-09-08 11:08:00,107 [TumblingProcessingTimeWindows -> Sink: Unnamed (1/3)#0] [org.example.app.StudentActivityStatistics] [INFO] - 数据插入成功: StudentActivityResult{studentId='2', studentName='王2', classId='01', windowStart='2025-09-08 11:07', windowEnd='2025-09-08 11:08', totalScore=2, totalTimeCost=6, activityCount=2}
2025-09-08 11:08:00,107 [TumblingProcessingTimeWindows -> Sink: Unnamed (2/3)#0] [org.example.app.StudentActivityStatistics] [INFO] - 数据插入成功: StudentActivityResult{studentId='1', studentName='王1', classId='01', windowStart='2025-09-08 11:07', windowEnd='2025-09-08 11:08', totalScore=1, totalTimeCost=2, activityCount=2}
2025-09-08 11:08:00,107 [TumblingProcessingTimeWindows -> Sink: Unnamed (3/3)#0] [org.example.app.StudentActivityStatistics] [INFO] - 数据插入成功: StudentActivityResult{studentId='0', studentName='王0', classId='01', windowStart='2025-09-08 11:07', windowEnd='2025-09-08 11:08', totalScore=1, totalTimeCost=0, activityCount=1}
2025-09-08 11:08:08,505 [Legacy Source Thread - Source: Custom Source (1/1)#0] [org.example.app.StudentActivityStatistics] [INFO] - 1,王1,01,0,4
2025-09-08 11:08:08,687 [TumblingProcessingTimeWindows -> Sink: Unnamed (2/3)#0] [org.example.app.StudentActivityStatistics] [WARN] - 累加器处理数据 {} (1,王1,01,0,4)
2025-09-08 11:08:18,505 [Legacy Source Thread - Source: Custom Source (1/1)#0] [org.example.app.StudentActivityStatistics] [INFO] - 1,王1,01,3,1
2025-09-08 11:08:18,637 [TumblingProcessingTimeWindows -> Sink: Unnamed (2/3)#0] [org.example.app.StudentActivityStatistics] [WARN] - 累加器处理数据 {} (1,王1,01,3,1)
2025-09-08 11:08:28,506 [Legacy Source Thread - Source: Custom Source (1/1)#0] [org.example.app.StudentActivityStatistics] [INFO] - 2,王2,01,3,4
2025-09-08 11:08:28,692 [TumblingProcessingTimeWindows -> Sink: Unnamed (1/3)#0] [org.example.app.StudentActivityStatistics] [WARN] - 累加器处理数据 {} (2,王2,01,3,4)
2025-09-08 11:08:38,506 [Legacy Source Thread - Source: Custom Source (1/1)#0] [org.example.app.StudentActivityStatistics] [INFO] - 1,王1,01,0,4
2025-09-08 11:08:38,640 [TumblingProcessingTimeWindows -> Sink: Unnamed (2/3)#0] [org.example.app.StudentActivityStatistics] [WARN] - 累加器处理数据 {} (1,王1,01,0,4)
2025-09-08 11:08:48,506 [Legacy Source Thread - Source: Custom Source (1/1)#0] [org.example.app.StudentActivityStatistics] [INFO] - 2,王2,01,3,1
2025-09-08 11:08:48,687 [TumblingProcessingTimeWindows -> Sink: Unnamed (1/3)#0] [org.example.app.StudentActivityStatistics] [WARN] - 累加器处理数据 {} (2,王2,01,3,1)
2025-09-08 11:08:58,506 [Legacy Source Thread - Source: Custom Source (1/1)#0] [org.example.app.StudentActivityStatistics] [INFO] - 0,王0,01,2,0
2025-09-08 11:08:58,635 [TumblingProcessingTimeWindows -> Sink: Unnamed (3/3)#0] [org.example.app.StudentActivityStatistics] [WARN] - 累加器处理数据 {} (0,王0,01,2,0)
2025-09-08 11:09:00,002 [TumblingProcessingTimeWindows -> Sink: Unnamed (3/3)#0] [org.example.app.StudentActivityStatistics] [WARN] - 2025-09-08 11:09 数据聚合之后 ： StudentActivityResult{studentId='0', studentName='王0', classId='01', windowStart='2025-09-08 11:08', windowEnd='2025-09-08 11:09', totalScore=2, totalTimeCost=0, activityCount=1}
2025-09-08 11:09:00,002 [TumblingProcessingTimeWindows -> Sink: Unnamed (2/3)#0] [org.example.app.StudentActivityStatistics] [WARN] - 2025-09-08 11:09 数据聚合之后 ： StudentActivityResult{studentId='1', studentName='王1', classId='01', windowStart='2025-09-08 11:08', windowEnd='2025-09-08 11:09', totalScore=3, totalTimeCost=9, activityCount=3}
2025-09-08 11:09:00,002 [TumblingProcessingTimeWindows -> Sink: Unnamed (1/3)#0] [org.example.app.StudentActivityStatistics] [WARN] - 2025-09-08 11:09 数据聚合之后 ： StudentActivityResult{studentId='2', studentName='王2', classId='01', windowStart='2025-09-08 11:08', windowEnd='2025-09-08 11:09', totalScore=6, totalTimeCost=5, activityCount=2}
2025-09-08 11:09:00,011 [TumblingProcessingTimeWindows -> Sink: Unnamed (3/3)#0] [org.example.app.StudentActivityStatistics] [INFO] - 数据更新成功: StudentActivityResult{studentId='0', studentName='王0', classId='01', windowStart='2025-09-08 11:08', windowEnd='2025-09-08 11:09', totalScore=2, totalTimeCost=0, activityCount=1}
2025-09-08 11:09:00,012 [TumblingProcessingTimeWindows -> Sink: Unnamed (1/3)#0] [org.example.app.StudentActivityStatistics] [INFO] - 数据更新成功: StudentActivityResult{studentId='2', studentName='王2', classId='01', windowStart='2025-09-08 11:08', windowEnd='2025-09-08 11:09', totalScore=6, totalTimeCost=5, activityCount=2}
2025-09-08 11:09:00,012 [TumblingProcessingTimeWindows -> Sink: Unnamed (2/3)#0] [org.example.app.StudentActivityStatistics] [INFO] - 数据更新成功: StudentActivityResult{studentId='1', studentName='王1', classId='01', windowStart='2025-09-08 11:08', windowEnd='2025-09-08 11:09', totalScore=3, totalTimeCost=9, activityCount=3}
2025-09-08 11:09:08,506 [Legacy Source Thread - Source: Custom Source (1/1)#0] [org.example.app.StudentActivityStatistics] [INFO] - 0,王0,01,2,4
2025-09-08 11:09:08,581 [TumblingProcessingTimeWindows -> Sink: Unnamed (3/3)#0] [org.example.app.StudentActivityStatistics] [WARN] - 累加器处理数据 {} (0,王0,01,2,4)
2025-09-08 11:09:18,507 [Legacy Source Thread - Source: Custom Source (1/1)#0] [org.example.app.StudentActivityStatistics] [INFO] - 0,王0,01,1,4
2025-09-08 11:09:18,625 [TumblingProcessingTimeWindows -> Sink: Unnamed (3/3)#0] [org.example.app.StudentActivityStatistics] [WARN] - 累加器处理数据 {} (0,王0,01,1,4)
2025-09-08 11:09:28,508 [Legacy Source Thread - Source: Custom Source (1/1)#0] [org.example.app.StudentActivityStatistics] [INFO] - 2,王2,01,0,2
2025-09-08 11:09:28,677 [TumblingProcessingTimeWindows -> Sink: Unnamed (1/3)#0] [org.example.app.StudentActivityStatistics] [WARN] - 累加器处理数据 {} (2,王2,01,0,2)
2025-09-08 11:09:38,508 [Legacy Source Thread - Source: Custom Source (1/1)#0] [org.example.app.StudentActivityStatistics] [INFO] - 0,王0,01,0,3
2025-09-08 11:09:38,533 [TumblingProcessingTimeWindows -> Sink: Unnamed (3/3)#0] [org.example.app.StudentActivityStatistics] [WARN] - 累加器处理数据 {} (0,王0,01,0,3)
2025-09-08 11:09:48,508 [Legacy Source Thread - Source: Custom Source (1/1)#0] [org.example.app.StudentActivityStatistics] [INFO] - 1,王1,01,2,3
2025-09-08 11:09:48,669 [TumblingProcessingTimeWindows -> Sink: Unnamed (2/3)#0] [org.example.app.StudentActivityStatistics] [WARN] - 累加器处理数据 {} (1,王1,01,2,3)
2025-09-08 11:09:58,509 [Legacy Source Thread - Source: Custom Source (1/1)#0] [org.example.app.StudentActivityStatistics] [INFO] - 2,王2,01,1,1
2025-09-08 11:09:58,620 [TumblingProcessingTimeWindows -> Sink: Unnamed (1/3)#0] [org.example.app.StudentActivityStatistics] [WARN] - 累加器处理数据 {} (2,王2,01,1,1)
2025-09-08 11:10:00,001 [TumblingProcessingTimeWindows -> Sink: Unnamed (3/3)#0] [org.example.app.StudentActivityStatistics] [WARN] - 2025-09-08 11:10 数据聚合之后 ： StudentActivityResult{studentId='0', studentName='王0', classId='01', windowStart='2025-09-08 11:09', windowEnd='2025-09-08 11:10', totalScore=3, totalTimeCost=11, activityCount=3}
2025-09-08 11:10:00,001 [TumblingProcessingTimeWindows -> Sink: Unnamed (1/3)#0] [org.example.app.StudentActivityStatistics] [WARN] - 2025-09-08 11:10 数据聚合之后 ： StudentActivityResult{studentId='2', studentName='王2', classId='01', windowStart='2025-09-08 11:09', windowEnd='2025-09-08 11:10', totalScore=1, totalTimeCost=3, activityCount=2}
2025-09-08 11:10:00,002 [TumblingProcessingTimeWindows -> Sink: Unnamed (2/3)#0] [org.example.app.StudentActivityStatistics] [WARN] - 2025-09-08 11:10 数据聚合之后 ： StudentActivityResult{studentId='1', studentName='王1', classId='01', windowStart='2025-09-08 11:09', windowEnd='2025-09-08 11:10', totalScore=2, totalTimeCost=3, activityCount=1}
2025-09-08 11:10:00,011 [TumblingProcessingTimeWindows -> Sink: Unnamed (3/3)#0] [org.example.app.StudentActivityStatistics] [INFO] - 数据更新成功: StudentActivityResult{studentId='0', studentName='王0', classId='01', windowStart='2025-09-08 11:09', windowEnd='2025-09-08 11:10', totalScore=3, totalTimeCost=11, activityCount=3}
2025-09-08 11:10:00,011 [TumblingProcessingTimeWindows -> Sink: Unnamed (1/3)#0] [org.example.app.StudentActivityStatistics] [INFO] - 数据更新成功: StudentActivityResult{studentId='2', studentName='王2', classId='01', windowStart='2025-09-08 11:09', windowEnd='2025-09-08 11:10', totalScore=1, totalTimeCost=3, activityCount=2}
2025-09-08 11:10:00,012 [TumblingProcessingTimeWindows -> Sink: Unnamed (2/3)#0] [org.example.app.StudentActivityStatistics] [INFO] - 数据更新成功: StudentActivityResult{studentId='1', studentName='王1', classId='01', windowStart='2025-09-08 11:09', windowEnd='2025-09-08 11:10', totalScore=2, totalTimeCost=3, activityCount=1}
2025-09-08 11:10:08,510 [Legacy Source Thread - Source: Custom Source (1/1)#0] [org.example.app.StudentActivityStatistics] [INFO] - 0,王0,01,1,0
2025-09-08 11:10:08,584 [TumblingProcessingTimeWindows -> Sink: Unnamed (3/3)#0] [org.example.app.StudentActivityStatistics] [WARN] - 累加器处理数据 {} (0,王0,01,1,0)
2025-09-08 11:10:18,511 [Legacy Source Thread - Source: Custom Source (1/1)#0] [org.example.app.StudentActivityStatistics] [INFO] - 0,王0,01,1,3
2025-09-08 11:10:18,619 [TumblingProcessingTimeWindows -> Sink: Unnamed (3/3)#0] [org.example.app.StudentActivityStatistics] [WARN] - 累加器处理数据 {} (0,王0,01,1,3)
2025-09-08 11:10:28,511 [Legacy Source Thread - Source: Custom Source (1/1)#0] [org.example.app.StudentActivityStatistics] [INFO] - 0,王0,01,2,2
2025-09-08 11:10:28,669 [TumblingProcessingTimeWindows -> Sink: Unnamed (3/3)#0] [org.example.app.StudentActivityStatistics] [WARN] - 累加器处理数据 {} (0,王0,01,2,2)
2025-09-08 11:10:38,511 [Legacy Source Thread - Source: Custom Source (1/1)#0] [org.example.app.StudentActivityStatistics] [INFO] - 0,王0,01,2,4
2025-09-08 11:10:38,532 [TumblingProcessingTimeWindows -> Sink: Unnamed (3/3)#0] [org.example.app.StudentActivityStatistics] [WARN] - 累加器处理数据 {} (0,王0,01,2,4)
2025-09-08 11:10:48,511 [Legacy Source Thread - Source: Custom Source (1/1)#0] [org.example.app.StudentActivityStatistics] [INFO] - 1,王1,01,3,2
2025-09-08 11:10:48,669 [TumblingProcessingTimeWindows -> Sink: Unnamed (2/3)#0] [org.example.app.StudentActivityStatistics] [WARN] - 累加器处理数据 {} (1,王1,01,3,2)
2025-09-08 11:10:58,512 [Legacy Source Thread - Source: Custom Source (1/1)#0] [org.example.app.StudentActivityStatistics] [INFO] - 0,王0,01,4,4
2025-09-08 11:10:58,712 [TumblingProcessingTimeWindows -> Sink: Unnamed (3/3)#0] [org.example.app.StudentActivityStatistics] [WARN] - 累加器处理数据 {} (0,王0,01,4,4)
2025-09-08 11:11:00,001 [TumblingProcessingTimeWindows -> Sink: Unnamed (2/3)#0] [org.example.app.StudentActivityStatistics] [WARN] - 2025-09-08 11:11 数据聚合之后 ： StudentActivityResult{studentId='1', studentName='王1', classId='01', windowStart='2025-09-08 11:10', windowEnd='2025-09-08 11:11', totalScore=3, totalTimeCost=2, activityCount=1}
2025-09-08 11:11:00,002 [TumblingProcessingTimeWindows -> Sink: Unnamed (3/3)#0] [org.example.app.StudentActivityStatistics] [WARN] - 2025-09-08 11:11 数据聚合之后 ： StudentActivityResult{studentId='0', studentName='王0', classId='01', windowStart='2025-09-08 11:10', windowEnd='2025-09-08 11:11', totalScore=10, totalTimeCost=13, activityCount=5}
2025-09-08 11:11:00,011 [TumblingProcessingTimeWindows -> Sink: Unnamed (2/3)#0] [org.example.app.StudentActivityStatistics] [INFO] - 数据更新成功: StudentActivityResult{studentId='1', studentName='王1', classId='01', windowStart='2025-09-08 11:10', windowEnd='2025-09-08 11:11', totalScore=3, totalTimeCost=2, activityCount=1}
2025-09-08 11:11:00,011 [TumblingProcessingTimeWindows -> Sink: Unnamed (3/3)#0] [org.example.app.StudentActivityStatistics] [INFO] - 数据更新成功: StudentActivityResult{studentId='0', studentName='王0', classId='01', windowStart='2025-09-08 11:10', windowEnd='2025-09-08 11:11', totalScore=10, totalTimeCost=13, activityCount=5}
2025-09-08 11:11:08,513 [Legacy Source Thread - Source: Custom Source (1/1)#0] [org.example.app.StudentActivityStatistics] [INFO] - 2,王2,01,2,2
2025-09-08 11:11:08,573 [TumblingProcessingTimeWindows -> Sink: Unnamed (1/3)#0] [org.example.app.StudentActivityStatistics] [WARN] - 累加器处理数据 {} (2,王2,01,2,2)
